id,sentence1,sentence2,label
37222,"Manuela Maleeva defeated Hana Mandlíková by 6 -- 4 , 6 -- 2 .","Manuela Maleeva defeated Hana Mandlíková by 6 -- 4 , 6 - 2 .",1
46407,"The battery was originally recruited by Henry Hopkins and John F. Aduddell in late 1861 , but was ultimately organized as Company B , 2nd Kansas Cavalry .","The battery was originally recruited by Henry Hopkins and John F. Aduddell in late 1861 , but was finally organized as a company B , 2nd Kansas Cavalry .",1
11166,Gurgaon is located from Gurgaon in Delhi and Sultanpur on the Dhaula Kuan - Farrukhnagar Road .,Gurgaon is located from Gurgaon in Delhi and from Sultanpur on the Dhaula Kuan -- Farrukhnagar Road .,1
46687,"Opened on April 8 , 1994 , it was the second bridge across the lower Mekong , and the first on the full course of the Mekong .","It was opened on April 8 , 1994 and was the second bridge over the lower Mekong , and the first on the full course of the Mekong .",1
51,Ashley was born on 1 November 1986 and is a contemporary dancer from Los Angeles who originally grew up in Arizona .,"Born on November 1 , 1986 , Ashley is a contemporary dancer from Los Angeles who was originally raised in Arizona .",1
26806,"On 7 September 2011 , the Blue House officially scrapped plans for a foundational tax deduction , marking the rich end of Mbnomics .","On September 7 , 2011 , the Blue House officially scrapped plans for a basic tax deduction , marking the rich end of Mbnomics .",1
39137,"Games that feature are either regularly used , occasionally used , or were retired after a while .","Games that use this feature are either regularly used , occasionally used , or retired after a while .",1
46340,The brooch is a hammered disc made of large sheet silver inlaid with black niello and with a diameter of .,The brooch is a hammered disc made of large silver sheet with black Niello and has a diameter of .,1
47234,The river Valea Arsurii is a tributary of the Valea Mica river in Romania .,The Valea Arsurii River is a tributary of the Valea Mică River in Romania .,1
7879,"The mountain was named after the geologist Charles Lyell , a follower of Charles Darwin , in 1863 , by Charles Gould .","The mountain was named by Charles Gould in 1863 after geologist Charles Lyell , a supporter of Charles Darwin .",1
9094,"A quantum fluid refers to each system that shows quantum mechanical effects at the macroscopic level , such as superfluids , superconductors , ultracold atoms , etc .","A quantum fluid refers to any system that exhibits quantum mechanical effects at the macroscopic level such as superfluids , superconductors , ultracold atoms , etc .",1
48504,"It was originally published by Cyan Worlds , a division of Brøderbund , and developed by Red Orb Entertainment .","Developed by Red Orb Entertainment , it was initially published by Cyan Worlds , a division of Brøderbund .",1
47394,"On 2 February 2009 , the Brazilian striker terminated his contract with Sochaux in agreement with the French team .",On 2 February 2009 the Brazilian striker has terminated his contract with Sochaux in agreement with the French team .,1
11638,"Later , engineers who followed Interstate 85 constructed again much of this route from Petersburg , Virginia , to the state border in Georgia .","Later , engineers who followed Interstate 85 designed much of this route again from Petersburg , Virginia , to roughly the Georgia state border .",1
23999,Pseudostellaria jamesiana is a species of pink flowering plant in the tuber family known by the common names sticky starwort and pink starwort .,"Pseudostellaria jamesiana is a kind of pink flowering plant in the tuber family , known by the general names sticky starwort and pink starwort .",1
30721,"Saghar has written over 2,000 songs for many singers and music directors for Pakistani films , radio and TV .","For many singers and music directors , Saghar has written more than 2,000 songs for Pakistani films , radio and TV .",1
44736,"The Nyon Campus offers kindergarten and secondary education services , while Pully Campus offers a kindergarten , primary and primary school .","The Nyon campus offers Kindergarten and secondary school education services , while the Pully campus offers a Kindergarten , primary and a primary education .",1
35640,"It is on the southern end of the Great Dividing Range , at the west of the Monaro Range , and lies west of the Wadbilliga National Park .","It is located at the southern end of the Great Dividing Range , to the west of the Monaro Range , and is west of the Wadbilliga National Park .",1
41586,"It is the largest private club in Houston and one of the biggest in the world , with over 3,300 members .","It is the largest private club in Houston and one of the biggest in the world , with more than 3,300 members .",1
43597,"The special Born Warriors Trilogy was released on DVD and Blu-ray in 2016 , and a full 4 Disc Deluxe Edition was released in 2017 .",The special Born Warriors Trilogy was released on DVD and Blu-ray in 2016 . A full 4 Disc Deluxe Edition was released in 2017 .,1
28242,With his wife Dr. Anu Ratheesh Vega and his son Nadhin Ratheesh Vega he lives in Thrissur .,Ratheesh lives in Thrissur with his wife Dr. Anu Ratheesh Vega and son Nadhin Ratheesh Vega .,1
46629,"Dissident or Protestant separatists were English Christians who separated from the English Church in the 16th , 17th and 18th centuries .","English Dissenters or Protestant Separatists were English Christians who separated from the Church of England in the 16th , 17th and 18th centuries .",1
33134,"East of Niagara County village , NY 104 follows Ridge Road through a sparsely populated area of Lewiston .","East of the village of Niagara County , NY 104 of Ridge Road follows through a sparsely populated area of Lewiston .",1
807,Lebilaango is a city in the central Somalia region of Hiran .,Lebilaango is a town in the central Somalia region of Hiran .,1
45497,"Elizabeth Gordon was the daughter of William Keith , Lord of Gordon and Elizabeth Keith , daughter of Adam de Gordon , Marischal of Scotland .","Elizabeth Gordon was the daughter of William Keith , Lord of Gordon , and Elizabeth Keith , the daughter of Adam de Gordon , Marischal of Scotland .",1
5331,The constant power density is determined by the product resulting from the continuous torque density and the continuous torque - speed range of the electric machine .,The constant power density is determined by the product of the continuous torque density and the continuous torque speed range of the electric machine .,1
32203,"William Pendry Bidelman ( ; September 25 , 1918 -- May 3 , 2011 ) whose friends called him `` Billy '' , was an American astronomer .","William Pendry Bidelman ( September 25 , 1918 - May 3 , 2011 ) , whose friends called him “ Billy , ” was an American astronomer .",1
20339,"Ovid Township is located in the eastern Clinton County , bordered to the east by Shiawassee County .","Ovid Township is located in eastern Clinton County , bordered by Shiawassee County to the east .",1
13998,"The journal received its present name in 1989 , and the following year the Jewish Bible Association became the World Jewish Bible Society .","The magazine received its present name in 1989 , and the following year the Jewish Bible Association became the World Jewish Bible Society .",1
41347,"He won third place at the Parapan American Games in Guadalajara , Mexico in 2011 and another third place at the International Tournament of Champions in Charlotte , USA .","In 2011 , he won third place at the Parapan American Games in Guadalajara , Mexico and another third place at the Champions International Tournament in Charlotte , USA .",1
25835,"Similar to a CFG , a probabilistic context-free grammar can be defined by a Quintupel :","Similar to a CFG , a probabilistic context-free grammar can be defined by a quintuple :",1
5645,"He began his studies in 1946 at the Main Reformed Gimnázium in Debrecen , and from 1947 to 1951 , he attended the Madách Gimnázium in Budapest .",He began his studies in 1946 at the Reformed Gimnázium in Debrecen and from 1947 to 1951 he visited Madách Gimnázium in Budapest .,1
32598,"Eric becomes the cook for her father 's restaurant , which improves the business , so Scott 's father Malia is thankful .","Eric becomes the chef for her father 's restaurant , which improves the business , so Scott 's father is thankful to Malia .",1
21917,"Although this de facto standard is sometimes known as ReplayGain , it was originally known as a replay gain and is now formally abbreviated as RG .","Although this de facto standard is sometimes known as ReplayGain , it was originally known as Replay Gain and is now formally abbreviated RG .",1
37363,Tony and Mary Murphy work with Len Goodman in an Infomercial for the Core Rhythms Workout system .,Tony and Mary Murphy appear along with Len Goodman in an infomercial for the Core Rhythms workout system .,1
18268,If `` R '' is the associated equivalence relation over each trivial component of `` U `` .,If `` R '' is the connected equivalence relation over each trivial component of `` U '' .,1
38297,"A desperate Helen went to Karim Lala , who asked her to meet Dilip Kumar .","A desperate Helen went to Karim Lala , who told her to meet Dilip Kumar .",1
16777,"Itami-go was a part of the castle of Arioka , which ruled Araki Murashige under Oda Nobunaga .",Itami-go was a part of Castle Arioka which Araki Murashige ruled under Oda Nobunaga .,1
44315,"She was born January 30 , 1912 , the Jewish daughter of the banker Maurice Wertheim and his first wife Alma Morgenthau .","She was born on January 30 , 1912 as the Jewish daughter of banker Maurice Wertheim and his first wife , Alma Morgenthau .",1
29629,"Once again , Sundance is killed by a job when the poet comes there first , and three of Sundance 's men are foiled .","Sundance is once again killed on a job by the Poet getting there first , and three of Sundance 's men are foiled .",1
12071,The 1986 -- 87 National Hockey League season was the 70th season of the Toronto operation in Toronto Maple Leafs .,The 1986 -- 87 National Hockey League season was the 70th season of operation of Toronto in the Toronto Maple Leafs .,1
5981,"Among her regular guests were Canning and Castlereagh , Byron , Sir Walter Scott , Lord John Russell , Sir Robert Peel , Theodore Hook and Sydney Smith .","Regular guests included Canning and Castlereagh , Byron , Sir Walter Scott , Lord John Russell , Sir Robert Peel , Theodore Hook , and Sydney Smith , among others .",1
49060,"Texarkana is a part of the Miller County , TX-AR , Metropolitan Statistical Area .","Texarkana is part of the Miller County , TX-AR , Metropolitan Statistical Area .",1
36743,This name refers to either the Gawler River ( which starts at the confluence of the South Para River and the North Para River ) or the Little Para River .,This name refers to either the Gawler River ( which starts at the confluence of the South Para River and North Para River ) or the Little Para River .,1
16563,Emperor Xuanzong himself passed the imperial examinations late in Tianbao 's `` Chang Gun '' era ( 742-756 ) .,Emperor Xuanzong himself was the imperial examinations late in Tianbao 's '' Chang Gun `` era ( 742-756 ) .,1
34157,"In July of 1659 , Sir George Booth was a supporter of Sir Richard in the abortive pro - Royalist Cheshire and Lancashire Rising .","In July 1659 , Sir George Booth was a supporter of Sir Richard in the abortive pro-Royalist Cheshire and Lancashire Rising .",1
12500,"Björn Freiberg ( born 28 March 1970 in Isny im Allgäu ) is a former actor , painter , author , translator and German University teacher .","Björn Freiberg ( born March 28 , 1970 in Isny im Allgäu ) is a former actor , painter , author , translator and German university teacher .",1
47287,The 2015 -- 16 Barangay Ginebra San Miguel season is the 37th season of the franchise in the Philippine Basketball Association ( PBA ) .,The 2015 season -- 16 Barangay Ginebra San Miguel is the 37th season of the franchise at the Philippine Basketball Association ( PBA ) .,1
768,"The manuscript was examined by Montfaucon , Wettstein , and Cramer . It was described and examined by Paulin Martin . C. R. Gregory saw the manuscript in 1885 .","The manuscript was examined by Montfaucon , Wettstein and Cramer , examined and described by Paulin Martin , and C. R. Gregory saw the manuscript in 1885 .",1
35270,"The son of Ratcliffe married the scientist W. Grey Walter , and one of his two daughters was the neurophysiologist Nicholas Walter , whose grandson Francis Ratcliffe was .","Ratcliffe 's son married the scientist W. Grey Walter , and one of his two daughters was the neurophysiologist Nicholas Walter . Francis Ratcliffe was his grandson .",1
26633,The Vânăta river is a tributary of the River Milotina in Romania .,The Vânăta River is a tributary of the Milotina River in Romania .,1
10688,"For this match against the Dragons , whose colours are also black , Wigan mostly wore red and white jerseys .","For this match against the Dragons , whose colours are also black , Wigan wore mostly red and white jerseys .",1
14365,"Agriphila straminella is a species of moth of the family Crambidae . It was found by Michael Denis and Ignaz Schiffermüller in 1775 , and is described in Europe .","Agriphila straminella is a kind of moth of the Crambidae family , which was found in 1775 by Michael Denis and Ignaz Schiffermüller and described in Europe .",1
697,He won the second Prix de Rome for painting in 1813 and in 1814 the first Prix de Rome for his painting of the `` death of the Diagora '' .,He won the second Prix de Rome for painting in 1813 and the first Prix de Rome in 1814 for his painting of the `` Death of Diagoras '' .,1
27304,She graduated in 1983 from the Glen High School in Grahamstown and studied at the Rhodes University in Pretoria .,She graduated from The Glen High School in Grahamstown in 1983 and studied at Rhodes University in Pretoria .,1
28134,Giovanola also marketed the first freefall ( developed by Intamin ) and the first drop tower .,Giovanola also marketed the first Freefall ( developed by Intamin ) experience and the first drop tower .,1
31793,"Pandabeswar CD Block had 1 general college with 1,007 students , 257 institutions for special and non-formal education with 9,690 students","The CD - Block Pandabeswar had 1 general college with 1,007 students , 257 institutions for special and non-formal education with 9,690 students",1
5250,"Louisa Barnett married Lorenzo Giuntini in Frome , Somerset on September 11 , 1866 and got 8 children .","Lorenzo Giuntini married Susannah Louisa Barnett in Frome , Somerset on 11 September 1866 and got 8 children .",1
36939,"But the goals are not easy -- grandmother , wife of an oligarch , virgin , feminist and sectarian .","But the goals are not easy - grandmother , wife of an oligarch , sectarian , feminist and virgin .",1
35090,"It was organized from militia companies from Montpelier , Burlington , Castleton , Fletcher , Ludlow , Brattleboro , Tunbridge , Vergennes and Waterbury .","It was organized by militia companies from Brattleboro , Burlington , Castleton , Fletcher , Ludlow , Montpelier , Tunbridge , Vergennes and Waterbury .",1
18677,"He studied at Ravenshaw College in Cuttack and Allahabad University and holds a degree in law from the M. S. Law College of Utkal University , Odisha .","He studied at the Ravenshaw College in Cuttack and Allahabad University and earned his law degree from M. S. Law College , Utkal University in Odisha .",1
38115,"He lived near Croydon , at Addiscombe , until his death on 11 July 1851 , at the age of seventy .","He lived near Croydon in Addiscombe until his death on July 11 , 1851 at the age of seventy years .",1
22047,"A multi-region DVD of the entire series was announced on February 4 , 2015 by Warner Archive and was released on February 10 , 2015 .","A multi region - DVD of the entire series was announced by Warner Archive on 4 February 2015 and released on February 10 , 2015 .",1
17936,"It was designed by Little Rock architect Harold A. Berry and Dallas , Texas Architect F. Eugene Withrow in international style .","It was designed by Little Rock architect Harold A. Berry and Dallas , Texas architect F. Eugene Withrow in the International style .",1
35040,Jools Holland performed the song on `` Friday Night with Adele '' on 8 February 2008 and on `` Saturday Night Live '' during the 18 October 2008 show .,"The song was performed on February 8 , 2008 on `` Friday Night with Adele '' and during the show on `` Saturday Night Live '' on October 18 , 2008 .",1
18752,"( EL successor Conrail sold the old New York main line through Utica , Chenango and Susquehanna Valley to the Cassville , Susquehanna and Western Railway in 1982 . )","( EL - Successor Conrail sold the old New York main route through Utica , Chenango , and Susquehanna Valley in 1982 to Cassville , Susquehanna , and Western Railway . )",1
14139,"Kirk Deighton is served by route 780 , Harrogate to Wetherby , and route X70 , Kirk Deighton to Knaresborough via Wetherby and Spofforth .","Kirk Deighton is operated by Route 780 , Harrogate to Wetherby , and Route X70 , Kirk Deighton to Knaresborough via Wetherby and Spofforth .",1
48610,Sam Sam Raimi and Rob Tapert produced together with Campbell the remake of `` The Evil Dead '' .,"Sam Raimi and Rob Tapert produced the remake of `` The Evil Dead '' , along with Campbell .",1
27128,"The team played teams in recent years such as Iowa , Rutgers , Hawaii , Mississippi - State , Nebraska , Connecticut , Syracuse and Pittsburgh in 2011 .","The team has played teams in recent years such as Iowa , Rutgers , Hawaii , Mississippi State , Nebraska , Connecticut , Syracuse , and Pittsburgh in 2011 .",1
5476,"For the officers of the old army , Dillon assumed noble duties at a very difficult time .",Dillon assumed noble duties at a very difficult time for military officers of the old army .,1
48490,Wulffius came to Germany with her son where she lived until she fled to Australia in 1953 .,"Wulffius came with her son to Germany , where she lived in Australia until she fled in 1953 .",1
33250,Jacob Bellaert ( born in Zierikzee ) was an early Dutch publisher who produced 17 books in Haarlem from 1483 to 1486 .,Jacob Bellaert ( born in Zierikzee ) was an early Dutch publisher who produced seventeen books in Haarlem from 1483 to 1486 .,1
44540,"Bhils has the highest population in the Jhabua district , followed by Dhar , Barwani , and Khargone districts .","Bhils have the highest population in Jhabua district followed by Dhar , Barwani and Khargone districts .",1
3069,He graduated in 1976 from Kansas Newman College and in 1979 from the Washburn Law School .,He graduated from Kansas Newman College in 1976 and from Washburn Law School in 1979 .,1
892,Another series was played between the Boston Red Sox and the Cincinnati Reds in Havana .,"In Havana , another series between Cincinnati Reds and Boston Red Sox was played .",1
38150,"Frugalware has a codice _ 2 and a codice _ 3 branch . The codice _ 2 branch is updated daily , and the codice _ 3 branch gets updated every 6 months .","Frugalware has a branch codice 2 and a twig codice 3 . The branch codice 2 is updated daily , and the branch codice 3 is updated every six months .",1
544,The Moai statues of Chile ( Easter Island ) appear in several `` gradius '' plays as enemies .,The moai statues of Chile ( Easter Island ) appear as enemies in several `` Gradius '' games .,1
17303,Musikresonanzis often strives to unite music and other art forms -- the ensemble also cooperates with visual artists and theatre professionals .,Resonabilis often strives to unite music and other forms of art -- the ensemble also cooperates with visual artists and theatre professionals .,1
32225,"Crocker moved from Natchez , Mississippi to Vidalia , the seat of Concordia Parish , and crossed toward the lower Ouachita in the section called the Black River .","Crocker crossed from Natchez , Mississippi , to Vidalia , the seat of the Concordia Parish , and moved towards the lower Ouachita in the Black River section .",1
18398,"In 2015 , Stephen Hawking offered Richard Branson a seat on the Virgin Galactic spaceship for free .","In 2015 , Stephen Hawking offered Richard Branson a seat free of charge on the Virgin Galactic spaceship .",1
23842,"All 14 films were received in North America by Funimation , and all have licensed in-house dubs by the company .",All 14 films were received from funimation in North America and all have in-house dubs licensed by the company .,1
447,"He also appeared in music films and later in life , in comedic roles .","He also appeared in musical films and later in life , in comedic roles .",1
47953,"A meeting between the leaders of the two rival governments of Malta was held at Auberge de Castille in Valletta , Libya on 16 December 2015 .","On 16 December 2015 , a meeting between the leaders of the two rival governments of Malta took place at the Auberge de Castille in Valletta , Libya .",1
7855,"In addition to Indian curry , this dish has become one of the most symbolic dishes of Indian cuisine .","This dish has become one of the most symbolic dishes of Indian cuisine , next to indian curry .",1
13891,"He was elected to the Lok Sabha , the lower house of Indian Parliament from Odisha in Bhubaneswar .","He was elected by Odisha in Bhubaneswar to the Lok Sabha , the lower house of the Indian Parliament .",1
15805,"Jana Novotná and Jim Pugh won in the final 7 -- 5 , 6 -- 3 against Elizabeth Smylie and Patrick McEnroe .","Jana Novotná and Jim Pugh won 7 - 5 , 6 - 3 against Elizabeth Smylie and Patrick McEnroe in the final .",1
32950,"However , most white horses have pink skin and some have blue eyes .","Most white horses , however , have pink skin and some have blue eyes .",1
11102,"In 1855 , the Whig Party and the Anti-Nebraska Party merged into the Republican Party in New York .","In 1855 , the Whig Party and the Anti-Nebraska Party merged in New York to form the Republican Party .",1
17914,"Colus aurariae is a species of sea snail , a true gastropod mollusk in the Buccinidae family , the whelks navy .","Colus aurariae is a species of sea snail , a true gastropod mollusk in the family Buccinidae , the marine whelks .",1
4737,"The sonata was premiered in 1919 at the Aeolian Hall , London , by Landon Ronald , with Billy Reed at the piano .",The Sonata was performed at the Aeolian Hall in London in 1919 by Landon Ronald with Billy Reed at the piano .,1
49180,Thruston was the father of U.S . Senator Charles Mynn Thruston and the grandfather of U.S. Brigadier General Buckner Thruston .,Thruston was the father of U.S . Senator Charles Mynn Thruston and the grandfather of the US - Brigadier General Buckner Thruston .,1
42350,The Dâmboviţa River is a tributary of the river Sântinica in Romania .,The Dâmboviţa River is a tributary of the Sântinica River in Romania .,1
24279,"Carolyne McCoy first married Darrell Fetty , who is a descendant of the famous feuding families ( her mother was a Hatfield , her father a McCoy ) .","Carolyne McCoy first married Darrell Fetty , who is a descendant of the famous feud families ( her mother was a Hatfield , her dad a McCoy ) .",1
15617,"His son , Herbie Matthews , later won a Brownlow Medal and his grandson of the same name also played with South Melbourne .","His son , Herbie Matthews , later won a Brownlow medal and his grandson of the same name was also playing with South Melbourne .",1
21293,"Bingaman was born in McKenzie , Indiana in 1926 , moved to Tennessee and attended Lew Wallace Highschool in Gary , Indiana .","Bingaman was born in 1926 , in McKenzie , Indiana , moved to Tennessee , and attended Lew Wallace High School in Gary , Indiana .",1
6401,The Meyer Meyer law is often used to relate hardness values based on the fact that if the weight is quartered and the diameter of the indentor is halved .,Meyer 's law is often used to relate hardness values based on the fact that if the weight is quartered and the diameter of the indenter is halved .,1
27924,"In 1016 , the Serbian prince Ivan Vladislav was murdered in Prespa , ordered by Jovan Vladimir .",In 1016 the Serbian prince Ivan Vladislav was murdered in Prespa by order of Jovan Vladimir .,1
38903,2 . Andrea and Carter become immediately declared elected . Carter 's surplus is transferred so that the tallies are :,"2 . Andrea and Carter are immediately declared elected , Carter 's surplus is transferred so that the accounts :",1
72,"As a songwriter , Lars Ankerstjerne has written songs for Nik & Jay , Burhan G and Rasmus Seebach .","Lars Ankerstjerne has written as songwriter for Nik 'Jay , Burhan G and Rasmus Seebach songs .",1
38913,"On August 20 , 2012 , the video hosting service was ultimately shut down and the remaining Google Video content was automatically moved to YouTube .","On August 20 , 2012 , the video hosting service was finished and the remaining Google Video content was automatically moved to YouTube .",1
5661,Wilhelmina is shocked and does not believe Christina .,Wilhelmina is shocked and Christina does not believe .,1
13449,Downstream - Limitations have a greater regulatory effect than restrictions on the immediate transaction .,`` Downstream restrictions have a greater regulatory effect than do limitations on the immediate transaction .,1
411,"McSweeney was born in Northern Ireland , moved to London .",McSweeney was born in Northern Ireland but moved to London .,1
11098,"Pete knows Brewster , who was a friend of Peter 's father .","Pete knew Brewster , who was a friend of Peter 's father .",1
40704,"In the church there are the graves of Thomas Payne , the radical and bookseller , and Major John Cartwright , the political reformer .","In the churchyard are the graves of Thomas Payne , the radical and bookseller , and Major John Cartwright , the political reformer .",1
962,"The team has played teams in recent years such as Iowa , Rutgers , Hawaii , State of Mississippi , Nebraska , Connecticut , Syracuse and Pittsburgh in 2011 .","The team has played teams like Hawaii , Rutgers , Iowa , Mississippi State , Nebraska , Connecticut , Syracuse and Pittsburgh in recent years in 2011 .",1
27123,Eupithecia yunnani is a moth in the Geometridae family It is found in Yunnan ( China ) .,Eupithecia yunnani is a moth in the Geometridae family it is found in China ( Yunnan ) .,1
30163,`` Top Dog '' and `` Wally the Wizard '' were also original comic Star early titles .,`` Top Dog '' and `` Wally the Wizard '' were also original comics - Star - Early titles .,1
32683,"The Malayan field rat is known from Borneo , Sumatra , Malaysia , Thailand , the Philippines and many smaller islands .","The Malaysian field rat is known from Malaysia , Thailand , Sumatra , Borneo , the Philippines and many smaller islands .",1
39136,Drietoma is a village and municipality in the district Trenčín in the region of Trenčín in north-western Slovakia .,Drietoma is a village and municipality in the Trenčín District in the Trenčín Region of northwestern Slovakia .,1
7106,"In November , the Royals acquired CF Coco Crisp from the Boston Red Sox in exchange for RP Ramón Ramírez .","In November , the Royals CF Coco Crisp acquired the Boston Red Sox in return for RP Ramón Ramírez .",1
44235,The park is situated about an hour and a half south of San Francisco or five hours north of Los Angeles .,"The park is about an hour and a half south of San Francisco , or five hours north of Los Angeles .",1
14823,"Bremerton Marina is a public marina located in downtown Kitsap County on Puget Sound , in Bremerton , Washington . The facility of the marina is within Sinclair Inlet .","Bremerton Marina is a public marina in the downtown of Kitsap County at Puget Sound , Bremerton , Washington . The marina is located in Sinclair Inlet .",1
23448,Google allows business owners to review their own business data and has also recruited volunteers to verify and correct ground truth data .,"Google allows business owners to verify their own business data , and has also recruited volunteers to check and correct ground truth data .",1
27207,"However , a pair of Lola T616s run by B.F. Goodrich Company used the same Mazda engine and were successful in beating both 727Cs , claiming 1st and 3rd .","A pair of Lola T616s running by B. F. Goodrich Company , however , used the same Mazda engine and were successful in beating both 727Cs , claiming 1st and 3rd .",1
38,Quintus Caecilius Metellus Macedonicus was the second son of Roman politician and general Lucius Caecilius Metellus Diadematus .,"Quintus Caecilius Metellus Macedonicus was the second son of the Roman politician , General Lucius Caecilius Metellus Diadematus .",1
47529,"On the same day , the Logistec Corporation announced that it was buying the Sydney Coal Railway ( SCR ) from Quebec Railway Corporation .","On the same date , Logistec Corporation announced that it was purchasing the Sydney Coal Railway ( SCR ) from the Quebec Railway Corporation .",1
20551,"Immediately after he and Whitehead PM wrote , he published his book `` The Problems of Philosophy '' in 1912 .","Immediately after he and Whitehead wrote PM , he published his 1912 , `` The Problems of Philosophy '' .",1
7465,Gordon McKay is Evelyn L. Hu Professor of Applied Physics and Electrical Engineering from Harvard University .,Gordon McKay is Evelyn L. Hu Professor of Applied Physics and Electrical Engineering at Harvard University .,1
31208,The evidence was British Celtic sagas about great queens and warrior maidens .,The evidence was British Celtic sagas about great queens and warrior girls .,1
29150,"There are five university clinics , a military hospital and more than 40 common hospitals and specialist hospitals .","There are five university hospitals , a military hospital and more than 40 general hospitals and specialist clinics .",1
48094,Morris Township is located in the 11th Congressional District and is part of the 25th State Legislative District of New Jersey .,Morris Township is located in the 11th Congressional District and is part of New Jersey 's 25th state legislative district .,1
2674,"Dastan ( `` story '' ) is a genre , known not only in Eastern poetry , but also in Western poetry ( including traditional folk poetry ) .","Dastan ( `` story '' ) is a genre known not only in Eastern poetry , but also in Western poetry ( including traditional folk songs ) .",1
26721,The Ceapa is a tributary of the Titimoiu River in Romania .,The Ceapa River is a tributary of the Titimoiu River in Romania .,1
40554,"Design by Jeff Grubb with Andria Hayday , a cover by Jeff Easley and illustrations by Karl Waller .","Design was by Jeff Grubb with Andria Hayday , a cover by Jeff Easley , and illustrations by Karl Waller .",1
6854,"In 1942 , Breton collaborated with artist Lam on the publication of Breton 's poem `` Fata Morgana '' , which was illustrated by Wifredo Lam .","In 1942 , Breton collaborated with the artist Wifredo Lam on the publication of Breton 's poem `` Fata Morgana '' , illustrated by Lam .",1
4461,"In life , the rational and intelligent functions of the soul are restricted by bodily senses of pleasure , pain , sight , and sound .","In life , the rational and intelligent functions of the soul are restricted by the physical senses of pleasure , pain , sight and sound .",1
14317,He was the brother of actor Ida Lupino ( 1882 -- 1962 ) and the father of Barry Lupino .,He was the brother of the actor Ida Lupino ( 1882 -- 1962 ) and father of Barry Lupino .,1
35001,"In the year 2011 , Ligron published 2 books in Japan and another book in Thailand in 2012 .","In 2011 , Ligron published 2 books in Japan and another book in Thailand in 2012 .",1
19504,"Moses Hart ( November 26 , 1768 -- October 15 , 1852 ) was a Canadian businessman and seigneur , eldest son of Aaron Hart .","Moses Hart ( November 26 , 1768 -- October 15 , 1852 ) was a Canadian businessman and seigneur , the eldest son of Aaron Hart .",1
6856,"Former State Road 52 segments have included Roth Lane , Saint Leo , North 21st Street and Lock Street in Dade City .","Former segments of State Road 52 , have included Roth Lane , in Saint Leo , and North 21st Street and Lock Street in Dade City .",1
3816,"The Fighter Escadrille was a unit of the Polish Air Force at the beginning of the Second World War , which was attached to the Łódź army .",162 . Fighter Escadrille was a unit of the Polish Air Force at the start of the Second World War . The unit was attached to the Łódź Army .,1
48716,The former H block ( Initial Isolation Ward ) was designed by Leighton Irwin in conjunction with the first major works on the relocated hospital area .,"The former H Block ( Initial Isolation Ward ) was designed by Leighton Irwin , in conjunction with the first major works on the relocated hospital site .",1
38510,The third and final series started in May 2011 . Marek Larwood and a returning Javone Prince appeared in the new series .,"The third and final series started in May 2011 . In the new series , Marek Larwood and a recurring Javone Prince appeared .",1
44769,The Lotriorul River is a tributary of the River Priporul in Romania .,The Lotriorul River is a tributary of the Priporul River in Romania .,1
47332,"The first cooperative shop in Wales was established in Bridge Road in 1860 in Cwmbach , which was demolished in 1977 .","In Cwmbach , the first Cooperative society shop in Wales was established in 1860 in Bridge Road . The building was demolished in 1977 .",1
25614,Margaret Foote Hawley 's niece Kate Foote Coe was an artist who specialized in portrait miniatures .,"Kate Foote Coe , the niece of Margaret Foote Hawley , was an artist who specialized in portrait miniatures .",1
11925,A synthetic instrument is a kind of virtual instrument that is defined purely by software .,A synthetic instrument is a kind of virtual instrument that is purely software defined .,1
35447,"Károli started his school in Brassó and closed in Nagykároly , in 1556 he went to the Wittenberg Academy , in 1566 he ordered the Synod of Gönc .",Károli started his school in Brassó and finished in Nagykároly . In 1556 he went to the Wittenberg Academy . In 1566 he ordered the Synod of Gönc .,1
47054,"Weslandia is a children 's book Newbery Medal winner Paul Fleischman , with illustrations by Kevin Hawkes .","Weslandia is a Newbery Medal winner of the children 's book Paul Fleischman , with illustrations by Kevin Hawkes .",1
46330,It serves Dadar - area of the city Mumbai .,It serves Dadar area of Mumbai city .,1
30292,"Born in Austin , Texas , Smith began his career in black baseball 's equivalent of the minor leagues with the Austin Black Senators in Giddings , Texas .","Smith , born in Austin , Texas , began his career in the equivalent of the black leagues with the Austin Black Senators in Giddings , Texas .",1
25649,"The other song `` Vopreki '' ( `` Despite '' ) was written by Konstantin Meladze , performed by Russian star Valery Meladze .",The other song `` Vopreki '' ( `` Despite '' ) was written by Konstantin Meladze . This song is performed by Russian star Valery Meladze .,1
267,It was climbed freely and named after Bill House when he first climbed it in 1938 .,"It was free climbed and named after Bill House , when he first climbed it in 1938 .",1
5499,"In October 2001 , he defended his Ph.D. in Psychology at the Free University of Brussels on the theme of the human models of cognitive hypertext navigation .",He defended his Ph.D. in Psychology from the Free University of Brussels in October 2001 on the subject of human models of cognitive hypertext navigation .,1
43816,"PremLata Singh was married to Birender Singh on June 9 , 1970 .",PremLata Singh married Birender Singh on 9 June 1970 .,1
48191,"When Russ asked him to play guitar in the new band , Aaron agreed .","When Russ asked him to play in the new band guitar , Aaron agreed .",1
49382,Irfon defines the northern border of the Builth Wells area between Llanwrtyd Wells and Mynydd Epynt .,The Irfon defines the northern limit of the Builth Wells area between Llanwrtyd Wells and Mynydd Epynt .,1
47097,"AB InBev remains the largest brewery , with SABMiller second , and Heineken International third .",AB InBev remains the largest brewery in second place with SABMiller and Heineken International is third .,1
27298,"Charles F. Hoffmann and his fellow geologist , William Henry Brewer , did not know it already had a name , and climbed and named it Mt .","Charles Charles F. Hoffmann and his geologist colleague William Henry Brewer did not know that it had already had a name , and climbed and named it Mt .",1
33281,"The company was formed from the merger between Total Peripherals Group , which was established in 1986 by David and Vicky Teoh , and SP Telemedia in 2008 .","The company was formed from the merger between Total Peripherals Group , founded by David and Vicky Teoh in 1986 , and SP Telemedia in 2008 .",1
39603,"The result of their creation is that Williams , famous tennis player sisters Montserrat Caballe , Marilyn Manson wear these clothes .","The result of their creation is that Williams , famous tennis players sisters Montserrat Caballe , Marilyn Manson wear these clothes .",1
24464,"Born in Bradford , Chapman performed for Frickley Athletic , Torquay United , Notts County , Mansfield , Exeter City , Bradford City , Darlington and Emley .","Born in Bradford , Chapman played for Frickley Athletic , Torquay United , Notts County , Mansfield Town , Exeter City , Bradford City , Darlington and Emley .",1
47316,"He is mentioned twice in Aleister Crowley 's novel `` Moonchild '' , with the first mention mistakenly calling his father James Hinton .","He is mentioned twice in Aleister Crowley 's novel `` Moonchild '' . The first mention mistakenly names his father , James Hinton .",1
31188,"Just two weeks before her death , Aaliyah traveled from New York to East Hampton , New Jersey to visit Dash at the summer house he shared with Jay Z .","Just two weeks before her death , Aaliyah traveled from New York to East Hampton , New Jersey , to visit Dash in the summer house he shared with Jay Z .",1
34393,This is the first champion history told by Albert Campion in the only person .,This is the first Champion story told in the only person by Albert Campion .,1
10746,"In countries where civil service cartridges are banned for military ownership , the 7 × 64 Brennecke is a successful cartridge for hunting and marksmanship .","In countries where civil service cartridges for military property are banned , the Brennecke 7 × 64 is a successful cartridge for hunting and accuracy .",1
20706,"On 30 July 2017 , Miley gave up the 3,000th Adrián Beltré career hit .","On July 30 , 2017 , Miley gave up Adrián Beltré 's 3,000th career hit .",1
18338,"He worked as a school teacher in Tielt , between 1693 and 1717 , in Bruges .",He worked in Tielt between 1693 and 1717 as a teacher in Bruges .,1
34090,Malmö FF is a former football club and Swedish sports club in Malmö .,Malmö FF is a former football club and a swedish sports club in Malmö .,1
25084,"In the Mudge Map 1815 , Ram Hill was known as Nutridge Hill , and was linked to Mays Hill by Westerleigh and to Broad Lane by Frog Lane .",Ram Hill was known as Nutridge Hill in the Mudge Map in 1815 and was connected to Broad Lane by Westerleigh with Mays Hill and by Frog Lane .,1
44576,"He died on 16 August 1850 in New City ( now Clarkstown ) , New York City .","He died in New City ( now Clarkstown ) , New York , August 16 , 1850 .",1
14170,The Irfon defines the northern limit of the Mynydd Epynt area between Llanwrtyd Wells and Builth Wells .,Irfon defines the northern border of the Mynydd Epynt area between Llanwrtyd Wells and Builth Wells .,1
14586,"As a Poznań bishop , he participated in the synod in Łęczyca in 1180 .","As a bishop of Poznań , he participated in the Synod in Łęczyca in 1180 .",1
31548,"Nancy returns home , and thanks her mother for trying to protect her , but Freddy appears in a mirror behind Gwen .","Nancy returns home and thanks her mother for attempting to protect her , but Freddy appears behind Gwen in a mirror .",1
27252,"The Monroe Free Press is a weekly newspaper serving the Monroe , Arkansas , El Dorado , Louisiana area .","The Monroe Free Press is a weekly newspaper serving Monroe , Arkansas , El Dorado , Louisiana area .",1
27019,"The other major retailers in the city are Menards , Meijer , Walgreens , and Tractor Supply Company .","The other major retailers in the city include Menards , Meijer , Walgreens and Tractor Supply Company .",1
25682,The season 1986 -- 87 National Hockey League was the 70th season of the Toronto operation in the Toronto Maple Leafs .,The 1986 -- 87 National Hockey League season was the 70th season of operation of Toronto in the Toronto Maple Leafs .,1
21780,The task of this department is to develop further and to coordinate the philanthropic work of the Archdiocese .,The role of this department is to further develop and coordinate the philanthropic work of the Archdiocese .,1
19916,Over the course of his five seasons he played mostly as a half forward and half back .,"Over the course of his five seasons , he usually played back and half forward as half .",1
16775,"He was the son of Eoin MacNeill , the founder of Irish Volunteers , whom Niall MacNeill later joined as an officer in the Irish Army .",He was the son of Eoin MacNeill founder of the Irish Volunteers which Niall MacNeill joined later becoming an officer in the Irish Army .,1
3691,It is north of Resolution Island and Edgell Island and north-west of Lower Savage Islands .,"It is north of Resolution Island and Edgell Island , and northwest of Lower Savage Islands .",1
41064,Gimnasia y Esgrima ( LP ) stayed 3 -- 2 and won in the Primera División .,Gimnasia y Esgrima ( LP ) stayed at 3 -- 2 and won in the Primera División .,1
34891,"This association was further enhanced after the female Christian missionary , Nino , converted Mirian , his wife Nana and household into Christianity in or around 337 .","This association was further strengthened after the Christian female missionary Nino , Mirian , his wife Nana and household converted to Christianity in or around 337 .",1
33460,"Võhma is a village in the Lääneranna parish , Estonia , in western Pärnu County .","Võhma is a village in Lääneranna Parish , Estonia , in western Pärnu County .",1
33439,"For example , the spin-fall also allows a magnetic dipole , but for spin 1 particles only electric quadrupoles and magnetic dipoles are possible .","For example , the spin case also allows a magnetic dipole , but for spin 1 particles electric quadrupoles and magnetic dipoles are only possible .",1
664,"Some Hebrew and Aramaic abbreviations may not be included here , and others may be found in the list of Aramaic abbreviations or the list of Hebrew abbreviations .","Some Hebrew and Aramaic abbreviations may not be included here , and more can be found in the list of Hebrew abbreviations or in the list of Aramaic abbreviations .",1
42174,It was written by David Richards and produced by him and Bowie .,It was written and produced by David Richards by him and Bowie .,1
45412,"He died in Lyon on 23 July 1963 , and was buried in the Cemetery de la Chartreuse at Bordeaux .",He died in Lyon on 23 July 1963 and was buried at the Chartreuse cemetery in Bordeaux .,1
27737,Herochroma perspicillata is a species of moth of the family Geometridae . It is found in Yunnan ( China ) .,Herochroma perspicillata is a kind of moth of the family Geometridae It is found in Yunnan ( China ) .,1
49235,"In mathematics , an algebraic equation or polynomial equation is an equation of form .","In mathematics , an algebraic equation or polynomial equation is an equation of the form",1
43439,"Lottia persona is a species of sea snail , a true limpet , a true gastropod mollusk in the Lottiidae family , one of the families of the Marine limpets .","Lottia persona is a species of sea snail , a true limpet , a true gastropod mollusk in the family Lottiidae , one of the families of marine limpets .",1
17950,Sheep are sacrificed and the meat is distributed to relatives and neighbours and given to the poor .,The sheep is sacrificed and the meat is given to relatives and neighbours and distributed to the poor .,1
22086,"In 1918 , the administrative representation of the Dublin parliamentary county was increased from two to four divisions .",In 1918 the administrative representation of the parliamentary county of Dublin was increased from two divisions to four .,1
27983,"The Argentine government remained neutral until the last days of the war but quietly tolerated entry of Nazi leaders fleeing Germany , Belgium and Vichy France in 1945 .","The Argentine government remained neutral until the last days of war , but quietly tolerated the entry of Nazi leaders fleeing from Germany , Belgium , and Vichy , France in 1945 .",1
13174,"From Death Valley National Park , California State Route 178 leads northeast to Ridgecrest .","From Death Valley National Park , California State Route 178 leads northeast into Ridgecrest .",1
30661,"The top ten was completed by Zhou , Sette Câmara and Sekiguchi .","Zhou , Sette Câmara and Sekiguchi completed the top ten .",1
38648,"It was released on August 31 , 2004 in the United States and October 17 , 2005 in the United Kingdom .",It was published in the United States on 31 August 2004 and in the United Kingdom on 17 October 2005 .,1
38920,"In the episode of Impact Waltman , Hall and Nash Team 3D and Jesse Neal defeated in a street fight .","On the April 12 episode of Impact , Waltman , Hall and Nash defeated Team 3D and Jesse Neal in a Street Fight .",1
9283,"He is owned by the DPRP Aces Partnership , trained by Ferdy Murphy , and his primary jockey was Graham Lee .","He is owned by the DPRP Aces Partnership , which was trained by Ferdy Murphy , and his main jockey was Graham Lee .",1
23641,He was appointed successor to Bishop Brian King in 2002 and is the first Anglican bishop in Australia to have a Chinese ethnic background .,Lee was appointed in 2002 to replace Bishop Brian King . He is the first Anglican bishop in Australia to have a Chinese ethnic background .,1
4475,Epigenetic switching in Candida albicans is often used to refer to the opaque white to Phenotypic switching system . `` C. albicans '' needs this switch for sexual mating .,Epigenetic switching in Candida albicans is often used to refer to the opaque white to the phenotypical interchange system `` C. albicans '' needs this switch for sexual mating .,1
10151,PEVQ MOS results range from 1 ( bad ) to 5 ( excellent ) and indicate the perceived quality of the decoded sequence .,The PEVQ - MOS results range from 1 ( bad ) to 5 ( excellent ) and show the perceived quality of the decoded sequence .,1
25090,"There have been few significant changes since then , with noticeable changes in the design of the Railcard being the most frequent .","Since then , there have been few significant changes , with remarkable changes in the design of the Railcard the most .",1
22139,"`` Sidewalk '' Magazine has helped spawn the careers of characters such as Brian Sumner , Benny Fairfax , Olly Todd , John Rattray , Stuart Graham and more .","`` Sidewalk '' magazine helped to spawn the careers of characters such is Olly Todd , John Rattray , Stuart Graham , Benny Fairfax , Brian Sumner and more .",1
16049,"It was founded in 2002 by Metin Üstündağ , Selçuk Erdem , Erdil Yaşaroğlu and Bahadır Baruter .","It was founded by Metin Üstündağ , Bahadır Baruter , Erdil Yaşaroğlu and Selçuk Erdem in 2002 .",1
22230,Two miles east of Newton it branches off and travels north through Oblong and then to Robinson .,Two miles east of Newton it branches off and travels to the north through Oblong and then to Robinson .,1
44311,This minus sign indicates that the imaginary part of the impedance is negative .,The minus sign indicates that the imaginary part of the impedance is negative .,1
9617,Issaquah Creek enters Lake Sammamish in the park .,Issaquah Creek enters the Sammamish lake in the park .,1
9779,This time the vocals were mastered by Matti Auerkallio and the EP by Pirkka Rännäli was performed .,"This time the vocals were mastered by Matti Auerkallio , and the EP was performed by Pirkka Rännäli .",1
27085,"Sofia Ulrika Liljegren , married surname `` Uttini '' , ( 1765 -- December 6 , 1795 ) , was a Swedish-Finnish soprano .","Ulrika Liljegren , Sofia , married , surname `` Uttini '' , ( 1765 -- 6 December 1795 ) , was a Swedish - Finnish soprano .",1
14519,The 1966 Cleveland Browns season was the team 's 17th season with the National Football League .,The 1966 Season Cleveland Browns was the 17th season of the team with the National Football League .,1
35569,"Easton forms the northeastern corner of Bristol County , where the county cuts with Plymouth County to the east and Norfolk County to the north .","Easton forms the northeastern corner of Bristol County , where the county intersects with Plymouth County to the east and Norfolk County to the north .",1
19518,An electronic signature is intended to provide the signatory with a secure and accurate identification method to allow a seamless transaction .,An electronic signature is intended to provide a secure and accurate identification method for the signatory to provide a seamless transaction .,1
824,"Ciarán McDonald came through the Crossmolina Deel Rovers system alongside Moyles , Peadár Gardiner and Stephen Rochford .","Besides Moyles , Peadár Gardiner and Stephen Rochford , Ciarán McDonald came through the Crossmolina Deel Rovers .",1
43425,"Winter is characterized by cool , and quite dry , sunny days , and pleasant and occasionally foggy nights .","The winter is characterized by cool and quite dry , sunny days and pleasant and occasionally foggy nights .",1
12545,"Lazkao is a town and municipality located in the Gipuzkoa region of the province of Goierri , in the Basque Autonomous Community in Northern Spain .","Lazkao is a city and municipality in the region of Gipuzkoa in the province of Goierri , in the Basque Autonomous Community of northern Spain .",1
26205,"Euglandina jacksoni is a species of terrestrial pulmonate air-breathing snail , a predatory gastropod mollusk in the Spiraxidae family .","Euglandina jacksoni is a species of terrestrial pulmonate air-breathing land snail , a predatory gastropod mollusk in the family Spiraxidae .",1
22475,"Constantine Giannaris ( born 1959 in Athens ) is a Greek film director , screenwriter , and actor .","Constantine Giannaris , also Constantinos Giannaris ( ; born 1959 in Athens ) , is a Greek film director , screenwriter and actor .",1
6806,The idea is to coordinate the data on the x or y sort of one of the corners of the rectangles .,The idea is to coordinate the data in the x or y type of one of the corners of the rectangles .,1
33092,"For six months , Hopkins toured the band through Japan , the United States and England .","Hopkins toured with the band for six months through Japan , the United States , and England .",1
41024,There is a concrete garden box north of the eastern stairs .,North of the eastern staircase there is a concrete garden box .,1
20958,"It was located for most of its time next to Naval Air Station Dallas , now known as the Grand Prairie Armed Forces Reserve Complex .","It was known for most of its time next to Naval Air Station Dallas , now called the Grand Prairie Armed Forces Reserve Complex .",1
48811,"The first section to open was from Maryhill west to Cliffs ( near Pasco ) , a length of , on December 15 , 1907 .","The first section to be opened was from Maryhill west to Cliffs ( near Pasco ) , a length of , on December 15 , 1907 .",1
22559,"Morton was the son of William Morton , a Member of Parliament for Shaftesbury , and a nephew of John Morton , the Archbishop of Canterbury .","Morton was son of William Morton , Member of Parliament for Shaftesbury , and the nephew of John Morton , the Archbishop of Canterbury .",1
11478,The debate about the ability of socialist reformism to lead to a social democratic transformation in society is over a century old .,The debate on the ability for socialist reformism to lead to a social democratic transformation of society is over a century old .,1
29996,Ackman bought credit default swaps against MBIA corporate debt and sold the swaps for a large profit during the financial crisis of 2008 .,Ackman purchased credit default swaps against MBIA Corporate Debt and sold the swaps for a large profit during the 2008 financial crisis .,1
36899,"Marjorie Fritz , brother of Richard Fritz , was injured in the explosion and died almost one year later of myocarditis .","Marjorie Fritz , the brother of Richard Fritz , was injured in the explosion and died of myocarditis almost a year later .",1
19403,"This species is present in Switzerland , France and Italy .","This species is present in Italy , in France and in Switzerland .",1
40656,"To set a piston , the organist must press and hold the desired piston while pulling the desired stops .","To set a piston , the organist must press and hold the desired piston while drawing the desired stops .",1
41771,"Because DFAs can be reduced to a `` canonical form '' ( minimal DFAs ) , there are also efficient algorithms to determine :","Because DFAs can be reduced to `` canonical form '' ( minimal DFAs ) , there are also efficient algorithms to determine :",1
25977,"Benmont Tench , the man at the campsite played by Jared Harris , is named after Benmont Tench , keyboardist for Tom Petty and the Heartbreakers .","Benmont Tench , the man at the campsite , played by Jared Harris , is named after Benmont Tench , keyboardist with Tom Petty and the Heartbreakers .",1
2589,"He was captured , with 18 other murdered SOE officers , at the Gross-Rosen concentration camp in Lower Silesia in July or August 1944 .","In July or August 1944 , he was captured in Lower Silesia with 18 other murdered SOE officers in the Groß-Rosenen concentration camp .",1
19134,"Popular at Oratory is the annual ski trip to Italy ( however in 2007 , they went to Italy instead of Utah ) .","In the Oratory , the annual ski trip to Italy is popular ( in 2007 , however , they went to Italy instead of Utah ) .",1
13657,This half-hour series was broadcast on Sundays at 3 : 00 p.m. ( North American Eastern time ) from 22 May to 10 July 1966 .,This half-hour series was broadcast from 22 May to 10 July 1966 on Sundays at 3 p.m. ( East North American Time ) .,1
36057,He composed other songs and wrote orchestrations for larger choral works that are preserved in Australian libraries .,He composed other songs and wrote orchestrations for larger choral works preserved in Australian libraries .,1
14581,Carter countered with support from the Rockefeller Foundation and the Carnegie Foundation .,"With support from the Carnegie Foundation and the Rockefeller Foundation , Carter conterred .",1
30647,"After spending six months in Buenos Aires , Forchhammer returned to Christiania in 2010 , where he joined the writing team Future Animals -- Don Stefano and Rissi Royall .","After six months in Buenos Aires , Forchhammer returned to Christiania in 2010 , where he joined the writing team Future Animals -- Don Stefano and Rissi Royall .",1
17092,Its color may vary from gray to brown with a yellow base .,Its color may vary from gray to brown with a yellow underside .,1
48318,"He played for TuTo Turku and TPS , playing a season in Austria for Klagenfurter AC and four seasons in the Bundesliga for the Berliner SC .",Lindstrom played for TuTo Turku and TPS . He also played a season in Austria for Klagenfurter AC and four seasons in the Bundesliga for Berliner SC .,1
33827,In 1898 the well is marked small and the rectangular building nearby is not shown .,In 1898 the well is marked as small and the rectangular building nearby is not shown .,1
4705,"The five candidates elected were Slovenia , Brazil , Gabon , Gambia , and Bahrain .","The five elected candidates became Slovenia , Brazil , Gabon , Gambia and Bahrain .",1
28474,A copy of the letter reached Montpellier by Toulouse on 10 April 1562 .,"A copy of the letter reached Montpellier by way of Toulouse on April 10 , 1562 .",1
19115,"The Russian villain , however , is an original and sometimes interesting menace. ``","However , the Russian villain is an original and sometimes interesting danger .",1
21558,The team kits for season 2005 -- 06 are manufactured by Uhlsport and sponsored by Vivatel .,The team kits for the 2005 -- 06 season are produced by Uhlsport and sponsored by Vivatel .,1
47699,"Typically , the warmest day of the year will reach , and 3.7 days a year should attain a maximum temperature of or above .","Typically , the warmest day of the year is reached , and a maximum temperature of or above should reach 3.7 days a year .",1
29935,Johannes Herman Johannes married in 1955 Annie Marie Gilbertine Amalo .,"In 1955 , Annie Marie Gilbertine Amalo married Herman Johannes .",1
2424,Karen and Kristoffer have eight children together .,Kristoffer had eight known children together with Karen :,1
39751,Luders became an assistant coach of West Adelaide in 2009 and is the father of West Adelaide player Scott Luders .,"In 2009 , he became assistant coach of West Adelaide and is the father of West Adelaide player Scott Luders .",1
20517,The 13th World Cup season began in December 1978 in Austria and concluded in March 1979 in Japan .,The 13th World Cup season began in Austria in December 1978 and ended in March 1979 in Japan .,1
637,"Henry Foss plays Ryan Robbins , who runs the Sanctuary 's computer and security systems .","Henry Foss plays Ryan Robbins , who runs the Sanctuary 's computers and security systems .",1
29420,The 3rd Highland Brigade was attached to the 1st Infantry Division from the 9th Infantry Division,The 3rd Highland Brigade was connected from the 9th Infantry Division to the 1st Infantry Division .,1
8864,"New teaching sites were opened in Alessandria , Biella , Ivrea , Mondovì and Vercelli in the 1990s .","In the 1990s , new teaching campuses were opened in Alessandria , Biella , Ivrea , Mondovì and Vercelli .",1
34105,The club is renowned for playing many homegrown players and developing young players .,The club is renowned for developing young players and playing many local players .,1
19651,The Golumbu River or Columbu River is a tributary of the River Minis in Romania .,The Golumbu River or Columbu River is a tributary of the Miniş River in Romania .,1
49164,He directed Christians to recognize God in all things and to desire above all things to do the will of God .,"He directed the Christians to recognize God in all things and , above all , to do the will of God .",1
5287,"On October 7 , 2009 , David Caplan was named Minister of Health and Long-Term Care to replace Matthews .","On 7 October 2009 , David Caplan was appointed Minister of Health and Long-term Care to replace Matthews .",1
23746,"In the comic - Thriller `` Edward Trencom 's Nose '' by Giles Milton , several of Edward 's ancestors , together with Byron , are poisoned .","In the comic thriller , `` Edward Trencom 's Nose '' by Giles Milton , several of Edward 's ancestors are poisoned , along with Byron .",1
42599,"Formerly licensed to North Myrtle Beach , South Carolina , USA , the station was owned by City of North Myrtle Beach .","The station was formerly licensed by North Myrtle Beach and belonged to the city of North Myrtle Beach , South Carolina , USA .",1
46711,"Mid Wales Hospital , originally the Brecon and Radnor Joint Counties Lunatic Asylum , was a psychiatric hospital in Talgarth , Wales .","The Mid Wales Hospital , originally the Brecon and Radnor Joint Counties Lunatic Asylum was a psychiatric hospital in Talgarth , Wales .",1
48396,"Most critics praised the eleven-track set for its contiguous productions and strong themes , which drew comparisons to the early career of Janet Jackson .","Most critics praised the eleven-track set for its cohesive productions and strong themes , which drew comparisons to the early career of Janet Jackson .",1
31258,"The flowers often appear showy and `` outlandish '' because they are most commonly pollinated by insects , so use these tactics to appeal to pollinators .","The flowers often appear striking and `` foreign '' because they are most commonly pollinated by insects , so use these tactics to appeal to pollinators .",1
25463,"Prakash was the international CIO of Avaya , then the Group CIO of iSoft and later the CIO of Sage Group in the UK .","Prakash was the International CIO of Avaya , then the Group CIO of iSoft and later the CIO of Sage Group in UK .",1
46335,"Following the independence of Armenia in 1991 , Ijevan became the provincial centre of the newly founded Tavush Province as per the administrative reforms of 1995 .","Following the independence of Armenia in 1991 , Ijevan became the provincial centre of the newly founded Tavush province after the administrative reforms of 1995 .",1
2358,"It was followed by Jon Morgan ( 2000 -- 2007 ) , Paul Gudgin ( 2007 -- 2008 ) and Kath Mainland ( 2008-2015 ) .","She was followed by Jon Morgan ( 2000 -- 2007 ) , Paul Gudgin ( 2007 -- 2008 ) , and Kath Mainland ( 2008-2015 ) .",1
28780,"On June 30 , ContentFilm announced its intention to acquire Allumination Filmworks as well as certain assets of UAV Corporation and UAV Holdings .","On June 30 , ContentFilm announced its intent to acquire Allumination Filmworks as well as certain assets from UAV Corporation and UAV Holdings .",1
1658,"He was also a nephew of Elise Hambro , a brother of Cato , Carl Joachim and Johan Hambro , and from 1946 a stepson of Gyda Christensen .","He was also a nephew of Elise Hambro , a brother of Cato , Carl Joachim and Johan Hambro , and from 1946 Stepson of Gyda Christensen .",1
31460,"The Olt River or Pârâul Sec is a tributary of the River Seaca , Romania .",The Olt River or Pârâul Sec is a tributary of the Seaca River in Romania .,1
20845,"Motivated by his passion for the local football , Arid Garcia decided to support the professional football in the state of Lara .","Motivated by his passion for local football , Arid Garcia decided to support professional football in the State of Lara .",1
781,"The Vidăcut River or Hidecut River is a tributary of the Eliseni River , in Romania","The river Vidăcut or Hidecut is a tributary of the Eliseni River , in Romania",1
17560,The area in which Crookston is located was virtually unoccupied during pre-European contact and remained little more than a hunting ground associated with the Pembina settlements until the 1860s .,The area where Crookston is located remained virtually unfilled during pre-European contact and until the 1860s was little more than a hunting ground associated with the Pembina settlements .,1
36598,Rickey was contracted by Kissell in 1940 as an infielder and spent 69 years with the Cardinals organization .,"Branch Rickey was signed as an infielder in 1940 by Kissell , and spent 69 years with the Cardinals organization .",1
5547,"In 1855 , the Whig Party and the Anti-Nebraska Party merged in New York to form the Republican Party .","In 1855 , the Whig Party and the Anti - Nebraska Party in New York merged to form the Republican Party .",1
48784,"The dividends have increased the total return on the average equity to double , approximately 3.2 % .","The dividends have increased the total return on the average equity to double , around 3.2 % .",1
38047,"The Hyslop farm was named after Henry Scudder , who was employed by the founder of the Agronomy Department , George Hyslop , when he opened the department in 1907 .","The Hyslop farm was named after Henry Scudder , who was hired by Agronomy Department founder George Hyslop when he opened the department in 1907 .",1
45667,"On October 19 , Linear Technology ( SHPG ) replaced the Shire PLC ( LLTC ) index .","On October 19 , Linear Technology ( SHPG ) replaced Shire PLC ( LLTC ) in the index .",1
22262,"On 20 January 1891 , Pleydell-Bouverie married Charles Balfour , the daughter of Julian Eleanor Adelaide Balfour , and had ten children .","Before inheriting the Earldom , Pleydell-Bouverie married Charles Balfour , daughter of Julian Eleanor Adelaide Balfour , on 20 January 1891 , and they had ten children .",1
35927,"It was intended to allow a relegation playoff between Antrim and Wexford , but instead it was decided to hold both compete in the 2010 championship .","It was intended to allow a descent game Playoff between Antrim and Wexford , but instead it was decided to hold both in the 2010 championship .",1
41338,"Until the 1930s , the American-European settlers used the fire to clear land for settlement and grazing .",American-European settlers used fire to clear land for settlement and grazing until the 1930s .,1
17766,"It is native to much of East Asia , from India to Indonesia to Japan .","It is native to much of eastern Asia , from India to Indonesia to Japan .",1
2022,In 1918 the administrative representation of the parliamentary county of Dublin was increased from two divisions to four .,"In 1918 , the administrative representation of the parliamentary county of Dublin was raised from two to four divisions .",1
24160,Brendan McManamon ( b . 1982 ) is a Gaelic football player for Dublin and St Judes in Ireland .,Brendan McManamon ( born 1982 ) is a Gaelic football player for Dublin and St Judes in Ireland .,1
20328,"Summit Township is a township in Beltrami County , Minnesota , United States .","Summit Township is a commune in Beltrami County , Minnesota , United States .",1
12105,He became professor of inorganic chemistry in 1891 and professor of general and analytical chemistry in 1903 .,He became Professor of Inorganic Chemistry in 1891 and Professor of Analytical and General Chemistry in 1903 .,1
13580,"Born in Chicago , Illinois , in an Irish-American family , his father Michael emigrated from Ireland to Newport .","Chambers was born in Chicago , Illinois , to an Irish-American family . His father Michael emigrated from Ireland in Newport .",1
23701,"The Oklahoma authorities offer her to extradite her to Florida , but she insists on staying in Florida to fight against arson .","The Oklahoma authorities offer to extradite her to Florida , but she insists on staying in Florida to fight the arson charges .",1
42118,"Maria Bueno defeated Margaret Smith , 6 -- 4 , 7 -- 5 .","defeated Margaret Smith , 6 -- 4 , 7 -- 5 .",1
44328,The concurrent Coordinator of the Australian Cyber Security Centre was the former Deputy Director of the Australian Signals Directorate .,The simultaneous coordinator of the Australian Cyber Security Centre was the former deputy director of Australian Signals Directorate .,1
38565,"The protein and gene identifiers are integrated from GeneCards ( with MOPED cross-referenced ) , Genbank , RefSeq , UniProt , WormBase and Saccharomyces Genome Database ( SGD ) .","Protein and gene identifiers are integrated from GeneCards ( cross-referenced with MOPED ) , Genbank , RefSeq , UniProt , WormBase , and Saccharomyces Genome Database ( SGD ) .",1
37641,"The flowers often appear outlandish and `` showy '' because they are most commonly pollinated by insects , so use these tactics to appeal to pollinators .","The flowers often appear striking and `` foreign '' because they are most commonly pollinated by insects , so use these tactics to appeal to pollinators .",1
15728,"`` Live : Legend 1999 & 1997 Apocalypse '' was first announced on August 16 , 2014 , with an official trailer released on September 11 , 2014 .","`` Live : Legend 1999 / 1997 Apocalypse '' was released on August 16th , 2014 with an official trailer on September 11 , 2014 .",1
34888,"The rest of the material are covers from Argentina folk artists Jose Larralde , Pedro Bonifacio Palacios , Cátulo Castillo and Anibal Troilo .","The rest of the material are covers by Argentine folk artists Jose Larralde , Pedro Bonifacio Palacios , Cátulo Castillo and Anibal Troilo .",1
6239,Eupithecia yunnani is a moth in the Geometridae family It is found in Yunnan ( China ) .,Eupithecia yunnani is a moth in the family Geometridae . It is found in Yunnan ( China ) .,1
44962,"Turbonilla garthi has a species of sea snail , a marine gastropod mollusk in the family Pyramidellidae , the pyrams and their allies . It is the genus Turbonilla .","Turbonilla garthi has a species of sea snail , a marine gastropod mollusk in the Pyramidellidae family , the Pyrams and their allies It is the class Turbonilla .",1
28745,"The mentioned scientists Adam adores are : Pythagoras , Galileo Galilei , Nicolaus Copernicus , Isaac Newton , Nikola Tesla , Charles Darwin , and Albert Einstein","The aforementioned scientists , Adam , are : Pythagoras , Galileo Galilei , Nicolaus Copernicus , Isaac Newton , Nikola Tesla , Charles Darwin , and Albert Einstein",1
21427,It was completed in modernist style in 1933 for the US federal government and is now used as an office by the United States Postal Service .,"It was completed in 1933 in Modernist style for the United States Federal Government , and is now used as office accommodation by the United States Postal Service .",1
15787,Nancy finds Justin and tells him that he is Charlie 's father and has leukaemia .,Nancy finds Justin and tells him he is Charlie 's dad and that he has leukaemia .,1
27358,"When a solvent is extracted , two immiscible liquids are shaken together .","When a solvent is extracted , two unmixed liquids are shaken together .",1
14601,Red Bank is located on the 4th Congressional District and is part of the 11th State Legislative District in New Jersey .,Red Bank is located in the 4th Congressional District and is part of New Jersey 's 11th state legislative district .,1
2264,"In the fourth novel , `` Dead to the World '' , he is bitten repeatedly by a werepanther and becomes a kidnapped and bitten werepanther .","In the fourth novel `` Dead to the World '' , he is repeatedly bitten by a Werepanther and becomes a kidnapped and bitten Werepanther .",1
20655,"He died in Ajaccio , Corsica , and is buried at the northern cemetery in Munich .","He died in Ajaccio , Corsica , and is buried in the Nordfriedhof ( `` Northern Cemetery '' ) , Munich .",1
34275,The Chinese Ambassador to Apia is the official representative of the government in Beijing with the Government of Samoa .,The Chinese ambassador in Apia is the official representative of the Government in Beijing to the Government of Samoa .,1
29868,"If one of them caught the trap , they won automatically and their opponent lost the round , along with the prizes they had already chosen .","If one of them picked the trap , they automatically won and their opponent lost the round , along with whatever prizes they had already chosen .",1
43401,"This French-supported production was directed by John Eliot Gardiner with Jean Louis Martinoty , conductor and his orchestra .","This French supported production with Jean Louis Martinoty , conductor , and his Orchestra was directed by John Eliot Gardiner .",1
20605,"He was born on January 23 , 1919 in Chiswick , London , England , Humphrey Lestocq Gilbert , and died on 29 January 1984 in London .","He was born on January 23 , 1919 in Chiswick , London , Humphrey Lestocq Gilbert , and died on January 29 , 1984 in London .",1
1287,"He was a member of the Louisiana State Fair Board , chairman of the State Fair Stadium Commission , and a commissioner of the Louisiana Superdome in New Orleans .","He was a member of the Louisiana State Fair Board , Chairman of the State Fair Stadium Commission and Commissioner of the Louisiana Superdome in New Orleans .",1
21424,It is unhybridized in its rare form .,It is in its rare form unhybridized .,1
9202,"The region was now open to the Algonquian Ojibwa ( also known as Mississauga ) , who moved in .",The region was now open to Algonquian Ojibwa ( also known as the Mississauga ) who came in .,1
46497,"In the 1990s , a backlash against utilitarian bioethics emerged , led by figures such as Dean Koontz and novelist Wesley J. Smith .","In the 1990 ’ s , a backlash against utilitarian bioethics , led by figures such as Dean Koontz and novelist Wesley J. Smith , emerged .",1
33894,"This research has frequently led him to Jamaica , where he focuses on the Royal Bafokeng Nation , as well as Brazil and South Africa .","This research has taken him frequently to Jamaica , where he focuses on the Royal Bafokeng Nation as well as Brazil and South Africa .",1
423,"In August 1927 , Mao ended his marriage with Yang ; and , in early 1928 , he began a relationship with He Zizhen .","In August 1927 , Mao ended his marriage with Yang and started a relationship with He Zizhen in early 1928 .",1
38789,"According to Jon Uren , Marketing Director of Warner Music Europe , the song also had `` fantastic '' early support all over Europe .","According to Jon Uren , Marketing Director of Warner Music Europe , the song had also `` early '' fantastic support across Europe .",1
31339,The Sunday Times recently said of The Chemistry Set `` The rare scientists Psychedelic English Toytown Acid-Pop songs achieve exquisite combinations of muscle and melody '' .,The Sunday Times recently said of The Chemistry Set `` The rare scientists Psychedelic English Toytown Acid-Pop songs reach exquisite combinations of muscle and melody '' .,1
19357,"In May 2013 , the title track was a top Five single on the Texas Music Chart .",The title track was a top-five single on the Texas Music chart in May 2013 .,1
14907,"The participants included TJ Trinidad , Biboy Ramirez , Eric Fructuoso , Rico Robles , Joem Bascon , Jordan Hererra , Rico Barrera , and Michael Roy Jornales .","The participants included TJ Trinidad , Biboy Ramirez , Eric Fructuos , Rico Robles , Joem Bascon , Jordan Hererra , Rico Barrera and Michael Roy Jornales .",1
26137,"It was founded in 2002 by Metin Üstündağ , Bahadır Baruter , Erdil Yaşaroğlu and Selçuk Erdem .","It was founded by Metin Üstündağ , Selçuk Erdem , Erdil Yasaroğlu and Bahadır Baruter in 2002 .",1
19201,"Kandy , originally known as Senkadagala , has been the bastion of culture and spiritual centre of Sri Lanka for centuries .","For centuries Kandy , originally known as Senkadagala , has been the bastion of Sri Lanka 's culture and its spiritual centre .",1
46912,"He was part of the Swedish team that won the silver medal in men 's gymnastics in 1920 , the Danish system event in 1920 .","He was part of the Swedish team , which won the silver medal in the men 's gymnastics , Danish system event in 1920 .",1
38545,"Margaret Craske was born on 26 November 1892 in Norfolk , England , daughter of Edmund and Hannah Craske .","Margaret Craske was born in Norfolk , England , November 26 , 1892 , daughter of Edmund and Hannah Craske .",1
46814,The same title and `` Reason '' have the main melody and are the main themes of the show .,The same title and `` Reason '' have the main melody and are the dominant themes of the show .,1
43873,"He was promoted to New Mexico Territory in 1860 , and was ordered to the rank of captain in the 4th Infantry on December 20 .",He was promoted to the New Mexico Territory in 1860 and ordered to captain the 4th Infantry on December 20 .,1
43500,"The fifth season premiered on September 15 , 2013 . The sixth season premiered on April 10 , 2014 .","The fifth season was premiered on 15 September 2013 and the sixth season was premiered on April 10 , 2014 .",1
11797,"In 1994 , the Polish Ambassador to South Africa , Mr Durrant presented the `` Warsaw Insurrectionary Cross '' to SCieniuch 's widow .","In 1994 , the Polish ambassador to South Africa , Mr Durrant , presented the `` Warsaw Cross of Insurrection to SCieniuch 's widow .",1
39862,"In 1998 , Rituparna Sengupta and Indrani Halder shared the National Film Award for the film as Best Actress , Ghosh won the National Film Award as Best Screenplay .",Rituparna Sengupta and Indrani Halder shared the National Film Award for Best Actress in 1998 for the film . Ghosh won National Film Award for Best Screenplay .,1
6190,"A new company began production of Indian Chiefs in 2006 in King 's Mountain , North Carolina .","A new company began the production of Indian Chiefs in 2006 in King ' ; s Mountain , North Carolina .",1
44037,Peremyshliany Raion is a raion in Ukraine in western Lviv Oblast .,Raion Peremyshliany is a raion in the Ukraine in western Lviv .,1
30432,Abe Drexler ( Charlie Hofheimer ) calls Peggy ( Elisabeth Moss ) and insists on meeting her for dinner .,Abe Drexler ( Charlie Hofheimer ) calls Peggy ( Elisabeth Moss ) and insists on meeting them for dinner .,1
7135,The route from Chicago to Lafayette is used by Amtrak for `` Cardinal '' and `` Hoosier State '' .,The Chicago to Lafayette route is used by Amtrak for the `` Cardinal '' and the `` Hoosier State '' .,1
31567,He went to Al and said : `` You have lost a father '' and `` I lost a son '' .,"He went to Al and said , `` you have lost a father '' and `` I 've lost a son '' .",1
26620,The representative Tenant 's House was built in the 18th century in Baroque style .,The representative tenant house was built in the baroque style in the 18th century .,1
41886,12242 Amritsar Chandigarh Superfast Express leaves Amritsar Junction daily at 05 : 15 IST and reaches Chandigarh at 09 : 10 IST on the same day .,12242 Amritsar Chandigarh Superfast Express leaves Amritsar Junction on a daily basis at 05 : 15 hrs IST and reaches Chandigarh at 09 : 10 hrs IST the same day .,1
21739,NOA can also be used in the calculation of Discounted cash flow ( FCF ) and therefore the Free cash flow model .,NOA can also be used in the calculation of the discounted cash flow ( FCF ) and therefore the free cash flow model .,1
29860,Koca ( a Turkish word for `` large '' or `` great '' ) may refer to :,Koca ( a Turkish word for `` great '' or `` large '' ) may refer to :,1
18153,"Alessandra Schiavone ( born July 19 , 1984 in Assunta De Rossi ) is a Philippine actress and the younger sister of Alessandra De Rossi .",Alessandra Schiavone ( born Assunta De Rossi ; 19 July 1984 ) is a Filipina actress and the younger sister of actress Alessandra De Rossi .,1
21102,Two volumes of the English translation of `` Monster Musume : I Heart Monster Girls '' have appeared on the `` Manga '' New York Times Best Sellers list .,Two volumes of the English translation of `` Monster Musume : I Heart Monster Girls '' have appeared on the list of '' New York Times '' Manga Bestseller :,1
24293,"He has a son , Seamus , who is seen but never mentioned in the series .","He has a son , Seamus , who is seen , but is never mentioned in the series .",1
10956,"He died in 1879 in Bannock County , Idaho , USA Jefferson Hunt is buried at the Red Rock Cemetery in Oxford , Idaho .","He died in 1879 in Bannock County , Idaho , US . Jefferson Hunt is buried at the Red Rock Cemetery in Oxford , Idaho .",1
13206,"Zehava , Zehava 's father , won land from the `` Merida '' , and Kirwan himself won even more land .","Zehava , the father of Zehava , won land from `` Merida '' , and Kirwan himself won even more land .",1
35193,"He was born April 23 , 1979 in Ecuador -- Guayaquil , under the sign of Taurus , the last of five children .","He was born on 23 April 1979 in Ecuador -- Guayaquil , under the sign of the Taurus , the last of five children .",1
9093,Chandima Weerakkody ( UPFA-SLFP ) died on 30 May 2009 . His replacement Amarasiri Dodangoda ( UPFA-SLFP ) was sworn in on 9 June 2009 .,Chandima Weerakkody ( UPFA-SLFP ) died on 30 May 2009 . His successor Amarasiri Dodangoda ( UPFA-SLFP ) was sworn in on 9 June 2009 .,1
9511,"Kitikmeot Region , Nunavut , Canada is an island in the western part of Victoria Island , south of Seven Mile Island , Coronation Gulf .","Kitikmeot Region , Nunavut , Canada is an island located inside western Victoria Island , south of Seven Mile Island , in the Coronation Gulf .",1
31701,"He was also a nephew of Gyda Christensen , a brother of Johan Hambro , Carl Joachim and Cato , and from 1946 a step son of Elise Hambro .","He was also a nephew of Gyda Christensen , a brother of Johan Hambro , Carl Joachim and Cato , and from 1946 a stepson of Elise Hambro .",1
9534,"In 1856 in their home in Boston , Agassiz founded a school for girls from Cambridge .",Agassiz founded a school for girls from Cambridge in her home in Boston in 1856 .,1
20313,"In philosophy , a shaver is a principle or rule of thumb that allows to eliminate unlikely explanations for a phenomenon ( `` shave '' ) .","In philosophy , a razor is a principle or rule of thumb that allows one to shave ( `` eliminate off '' ) unlikely explanations for a phenomenon .",1
16228,"On May 6 , 2016 it was announced that Palafox signed to New York Cosmos B of the National Premier Soccer League .","On 6 May 2016 , it was announced that Palafox has signed the National Premier Soccer League at New York Cosmos B .",1
15217,"The longer-lived heavy isotopes of bohrium , produced as the daughters of heavier elements , offer advantages for future radiochemical experiments .","The longer-lived heavy isotopes of Bohrium , produced as daughters of heavier elements , offer advantages for future radiochemical experiments .",1
1790,"Nicklas Kulti defeated Yevgeny Kafelnikov 6 -- 7 , 6 -- 3 , 6 -- 4","Nicklas Kulti defeated Yevgeny Kafelnikov 6 -- 7 , 6 - 3 , 6 - 4",1
32738,"TJ Trinidad , Biboy Ramirez , Eric Fructuoso , Rico Robles , Joem Bascon , Jordan Hererra , Rico Barrera and Michael Roy Jornales were among the participants .","TJ Trinidad , Joem Bascon , Rico Robles , Rico Barrera , Jordan Hererra , Biboy Ramirez , Eric Fructuoso and Michael Roy Jornales were among the participants .",1
24709,Leighton Meester replaced Carrie Bishop in the kickstarter as Andrea Estella - financed Veronica Mars Movie ( 2014 ) .,Leighton Meester replaced Carrie Bishop as Andrea Estella in the Kickstarter funded Veronica Mars Movie ( 2014 ) .,1
16013,"Boyd was the son of Alexander , 3rd Lord Robert Boyd .","The son of Alexander , 3rd Lord Robert Boyd was .",1
10026,It was opened when the Amersfoort to Zutphen section was completed .,It was opened when the section from Amersfoort to Zutphen was completed .,1
12825,"In conservative potential coordinates , the Hamilton operator of a free particle moving in a spherical `` U `` can be written .",In conservative potential coordinates the Hamiltonian of a free particle moving in a spherical `` U '' can be written,1
41534,"A scalar transformation is a transformation that is '' linear `` up to a twist '' , which means '' to a field automorphism under semilinear multiplication `` .","A scalar transformation is a transformation which is linear `` up to a twist '' , meaning `` up to a field automorphism under semilinear multiplication '' .",1
45520,"The Oxford English Dictionary cites Hoccleve as one of the initial users of the term `` slut '' in its modern sense , though not in its modern spelling .","The Oxford English Dictionary cites Hoccleve as one of the first users of the term `` slut '' in its modern sense , though not in its modern spelling .",1
4877,"After the Indian census 2011 is the population of Samdari 25012 , where the male population is 12805 and female population is 12207 .","According to the Indian Census 2011 , the population of Samdari is 25012 , where male population is 12805 and female population is 12207 .",1
47455,On 1 July 2004 a British Transport Police for the Police Authority was created .,"On 1 July 2004 , a British transport police force was created for the police authority .",1
40491,In 2013 Cate Faehrmann resigned from the Legislative Council to contest a Senate seat . The resulting casual vacancy was filled by Mehreen Faruqi of the South Sydney Greens .,"In 2013 , Cate Faehrmann resigned from the Legislative Council to contest a Senate seat . The resulting vacancy was filled by Mehreen Faruqi of the South Sydney Greens .",1
38019,"Additionally , a left-handed team played against Marylebone Cricket Club ( MCC ) in two other games .","Additionally , a left-handed team played in two other matches against Marylebone Cricket Club ( MCC ) .",1
34754,"Auaxa cesadaria is a moth of the Geometridae family and is found in Japan , China and Taiwan .","Auaxa cesadaria is a moth of the Geometridae family that is found in Taiwan , China and Japan .",1
10464,The `` World Atlas of Language Structures '' has a global map showing 400 languages and chapter text including geographical discussion :,"The `` World Atlas of Language Structures '' has a global map with 400 languages and chapter text , including geographical discussion :",1
38524,"The US Army and the US Air Force operated 4 variants of the 8x8 model under the titles M1001 , M1002 , M1013 and M1014 .","The US Air Force and the US Army operated 4 variations of the 8x8 model under the designations M1001 , M1002 , M1013 and M1014 .",1
39929,"Today , Karmøy refers to the southern part of the island of Skudenes .","Today , the Karmøy area refers to the southern part of Skudenes island .",1
3802,A game in combinatorial game theory is impartial if it is not partisan .,"In combinatorial game theory , a game is impartial if it is not partisan .",1
33858,"The countries on this list are currently Iran , North Korea , Sudan and Syria .","The countries currently on the list are Iran , North Korea , Sudan , and Syria .",1
47887,"Multilayered dinosaur eggs are known from , in order of discovery , France , Spain , Mongolia , India , Argentina , Utah , Montana , and Canada .","Multilayered dinosaurs - eggs are known in order of discovery from France , Spain , Mongolia , India , Argentina , Canada , Montana and Utah .",1
15567,"In 1997 , DeMille first appeared in Corey 's novel `` Plum Island '' .","DeMille first appeared in Corey 's novel `` Plum Island '' , in 1997 .",1
29386,"Alla Petrovna Tsuper ( born April 16 , 1979 ) is a Ukrainian cross-country skier ( until 2000 ) and a Belarusian ( since 2000 ) .",Alla Petrovna Tsuper ( ; ; ; born 16 April 1979 ) is a Ukrainian ( until 2000 ) and Belarusian ( since 2000 ) aerial skier .,1
39536,"Renzo Furlan won in the final 6 -- 3 , 6 -- 4 against Thomas Johansson .","Renzo Furlan won against Thomas Johansson in the finals with 6 -- 3 , 6 -- 4 .",1
22662,Ernest Renan visited Chalaaboun during his mission in Lebanon and found what he described in his book Mission de Phénicie ( 1865-1874 ) .,Ernest Renan visited Chalaaboun during his mission to Lebanon and found what he described in his book Mission de Phénicie ( 1865-1874 ) .,1
21398,The latter study is one of the few prospective demonstrations that remains associated with high blood pressure and LVH environmental stress .,The latter study remains one of the few prospective demonstrations that environmental stress with high blood pressure and LVH is associated .,1
46128,"Hardie became the party 's Secretary , while George Mitchell was the first Treasurer and Cunninghame Graham was the President .","The party ’ s secretary became Hardie , while George Mitchell was the first treasurer , and Cunninghame Graham was the president .",1
14672,"This species occurs in the Caribbean and the Gulf of Mexico , in the Atlantic Ocean off Brazil .",This species occurs in the Caribbean Sea and the Gulf of Mexico ; in the Atlantic Ocean off Brazil .,1
31104,"Both Phasael and Antipater began their careers under their father , Herod , who was appointed procurator of Judea for the Roman Republic by Julius Caesar .","Both Phasael and Antipater began their career under their father Herod , who was appointed Judea Procurator for the Roman Republic by Julius Caesar .",1
24177,The first air data computer developed in the USA was patented by John H. Andresen in February 1971 .,"The first air data computer developed in the US was patented by John H. Andresen in February , 1971 .",1
14493,Total Population : 333 of which 49.8 % were male and 50.2 % were female,"Total population : 333 , of which 49.8 % were male and 50.2 % female .",1
46823,"Coalesced - Hashing , also called Coalesced Chaining , forms a strategy of collision resolution in a hash table that represents a hybrid of separate chaining and open addressing .","Coalesced hashing , also called coalesced chaining , forms a strategy of collision resolution in a hash table that is a hybrid of separate chaining and open addressing .",1
39874,"The band consisted of Peter Forbes , Roger Capello , Claes Bure , Peter Björk , Anders Hector and Chino Mariano .","The band comprised Peter Forbes , Roger Capello , Claes Bure , Peter Björk , Anders Hector and Chino Mariano .",1
2992,New Zealand has similar restrictions contained in its Unsolicited Electronic Messages Act 2007 .,New Zealand has similar restrictions in its 2007 Act on Unsolicited Electronic Messages .,1
7280,"When the band split from Virginia Beach in 2012 , we moved between Los Angeles and Texas .","In 2012 , when the band separated from Virginia Beach , we moved between Los Angeles and Texas .",1
4513,"In 2011 , George Maguire appeared as Richard Loeb in Thrill Me , first in the Tristan Bates Theatre in London , and then in the Charing Cross Theatre .","In 2011 George Maguire appeared as Richard Loeb in Thrill Me , first at the Tristan Bates Theatre in London and then at the Charing Cross Theatre .",1
6824,"Other indigenous communities are the Konkanis and the Tuluvas of the coastal town of Karnataka , the Kodavas of Kodagu - district of Karnataka .","Other native communities are the Konkanis and the Tuluvas of coastal Karnataka , the Kodavas of the Kodagu district of Karnataka .",1
39574,"Before the unification of South Yemen in 1990 , the law determined the minimum age of marriage to 16 in Yemen and 15 in the north .","Prior to the unification of South Yemen in 1990 , the law set the minimum age of marriage at 16 in Yemen and 15 in the north .",1
47324,"Johann Dominik Bossi ( 1767 -- 1853 ) , also known as the Domenico Bossi `` , was an Italian painter .","Domenico Bossi ( 1767 -- 1853 ) , also known as '' John Dominik Bossi `` , was an Italian painter .",1
33093,"He was born in Gollnow , Brandenburg , died in Dahme , Pomerania .","He was born in Gollnow , Brandenburg , and died in Dahme , Pomerania .",1
42139,The Three Sisters are complex peaks that form a volcano in the U.S. state of Oregon .,The three sisters are complex peaks that form a volcano in the US state of Oregon .,1
5000,Or should they be dereferenced further to int and that version used instead ?,Or should they be further dereferenced to int and used this version instead ?,1
37172,"The magazine was based in Paris , but was released by Gerald Duckworth and Company in London .",The magazine was based in Paris but was published in London by Gerald Duckworth and Company .,1
45297,"His parents are Wendy Abrahamsen , who grew up a Yankees fan in Hyde Park , New York , and Ernie Gordon .","His parents are Wendy Abrahamsen , who grew up as a Yankees fan in Hyde Park , New York , and Ernie Gordon .",1
47601,Katharina Knie is a German musical by Mischa Spoliansky with a libretto by Robert Gilbert composed .,Katharina Knie is a German musical composed by Mischa Spoliansky with a libretto by Robert Gilbert .,1
12210,"The region was the cradle of various ancient civilizations such as Ancient China , ancient Korea , ancient Japan , and the Mongol Empire .","The region was the cradle of various ancient civilizations , such as ancient China , old Japan , ancient Korea , and the Mongolian Empire .",1
21646,From 2001 to 2007 it was part of Ajdabiya District . From 1983 to 1987 it was part of Jalu District .,From 2001 to 2007 it was part of the Ajdabiya district and from 1983 to 1987 it was part of the district of Jalu .,1
8878,"It has been introduced and naturalized in many places such as China , India , Bangladesh , Australia , South Africa and Hawaii .","It has been introduced to and been naturalized in many places such as China , India , Bangladesh , Australia , South Africa and Hawaii .",1
21975,"In 1816 , Thomas Worthington married Sarah Worthington , second daughter of Governor King .","Thomas Worthington married Sarah Worthington , the second daughter of Governor King in 1816 .",1
27873,"After Anna was found , Martha married a man by the name of George I. Eisenhauer .","After Anna was found , Martha married a man by the name of George I Eisenhauer .",1
10271,"Copies of the Leach catapult , which were used by the Royal Engineers locally , were made in the Gallipoli campaign .","Copies of the Leach catapult , used locally by the Royal Engineers , were made in the Gallipoli Campaign .",1
26488,"Williams , ( 1892-1962 ) , was the first president of Welsh Academy ( Yr Academi Gymreig ) .",Williams ( 1892-1962 ) was the first president of the Welsh Academy ( Yr Academi Gymreig ) .,1
43300,The genre is today well established and incredibly diverse .,"Today , the genre is incredibly diverse and well established .",1
21116,He is the and can become the Inomaru to borrow .,"As , he is the and can become the Inomaru to borrow .",1
25728,"It was released on February 19th , 2016 as the second single from their fourth studio album based on the zodiac `` Leo Rising '' via cheque booklet - records .","It was released via Checkbook records on February 19 , 2016 as the second single from their fourth studio album based on the zodiac `` Leo Rising '' .",1
34576,Schützen-Eisenberg is a municipality in Oberwart in the district of Burgenland in Austria .,Deutsch Schützen-Eisenberg is a municipality in Oberwart in the district of Burgenland in Austria .,1
1653,"There is also a large number of mixed European and Chinese Liverpudlians of Chinese descent , descendants of the former generations of Chinese settlers in the city .","There is also a large number of mixed European and Chinese Liverpudlians of Chinese ethnicity , descendants of the earlier generations of Chinese settlers in the city .",1
6588,It was built in 1988 by Jim Bell and William Feldstein and has been developed by H & amp ; H .,It was built in 1988 by Jim Bell and William Feldstein and developed by H & H .,1
16682,"There he painted the local synagogues , narrow lanes , ancient inhabitants and surrounding countryside .","There he painted local synagogues , narrow streets , ancient inhabitants and the surrounding countryside .",1
28335,"He was educated in Weimar , and later in Dresden until 1865 , and after a short residence in Leipzig with Franz Liszt went to New York in 1869 .","He was trained in Weimar , later until 1865 in Dresden , and after a short stay in Leipzig went to New York with Franz Liszt in 1869 .",1
20579,"Stukley had given false , but not necessarily hostile , evidence against Raleigh .","Stukley had submitted false , but not necessarily hostile , evidence against Raleigh .",1
38015,Principal - Photography took place between July 2016 and October 2016 in small installments with additional collection dates in December 2016 and January 2017 .,Principal photography took place in small installments between July 2016 and October 2016 with additional pick-up days in December 2016 and January 2017 .,1
2997,"Democrat Rob Robb , the incumbent , ran for a third term , but lost to Republican George Allen .","Incumbent Democrat Chuck Robb ran for a third term , but lost to Republican George Allen .",1
12533,"Combinatorial placement later exceeded quadratic solutions , both in quality and stability .","Combinatorial placement later outperformed Quadratic solutions , in both quality and stability .",1
31649,The 2012 season of the League Indonesia First Division ( seventeenth : `` Divisi Satu Liga Indonesia 2012 '' ) is the Indonesian edition of Liga Indonesia First Division .,The 2012 Liga Indonesia First Division season ( seventeenth : `` Divisi Satu Liga Indonesia 2012 '' ) is the Indonesian edition of Liga Indonesia First Division .,1
3824,"However , Aramaic remains a spoken , literary , and liturgical language for local Christians and also some Jews .","Aramaic , however , remains a spoken , literary and liturgical language for local Christians and also some Jews .",1
41213,"The reduced speed limit is generally , posted as low as within the two cities .",The reduced speed limit is generally as low as within the two cities .,1
42783,"Phaecadophora fimbriata is a moth of the Tortricidae family . It is found in Thailand , Japan , Taiwan , China , India , Java and New Guinea .","Phaecadophora fimbriata is a moth from the family of tortricidae found in Thailand , Japan , Taiwan , China , India , Java and New Guinea .",1
37202,The consolidated projects under the IDGC Holding main investment program for 2011 are as follows :,The consolidated projects under the IDGC Holding 's main investment programme for 2011 are as follows :,1
47950,The first patented air data computer in the USA was developed by John H. Andresen in February 1971 .,"The first air data computer patented in the US was developed by John H. Andresen in February , 1971 .",1
41004,Eudes was vehemently opposed to the peace negotiations undertaken by the new republican government of Adolphe Thiers .,Eudes was vehemently opposed to the peace negotiations undertaken by the new Republican government of Adolphe Thier .,1
31075,Elizabeth Wood 's first memorable encounter with Thomas Kane was at the age of six when he was twenty years old .,Elizabeth Wood 's first memorable encounter with Thomas Kane was at six years old when he was twenty .,1
49132,"PremLata Singh was married on June 9 , 1970 with Birender Singh .",PremLata Singh married Birender Singh on 9 June 1970 .,1
30978,"Although iron is generally less active in many catalytic applications , it is less expensive and `` greener '' than other metals .","Although iron in many catalytic applications is generally less active , it is less expensive and `` greener than other metals .",1
1711,"Quoted 35 mm equivalent focal lengths typically ignore depth of field ( DOF ) , which depends on both focal length and aperture .","Specified equivalent focal lengths of 35 mm typically ignore the depth of field ( DOF ) , which depends on both focal length and aperture .",1
26766,Cunningham became tenth in the NBA in scoring and third in rebounds .,Cunningham was tenth in the NBA in scoring and third in rebounds .,1
1483,"By contrast , cold years are often associated with dry Pacific La Niña episodes .","In contrast , cold years are often associated with dry Pacific La Niña episodes .",1
48952,Bogale Township is a township of Pyapon District in the Ayeyarwady Region of Burma ( Myanmar ) .,Bogale Township is a municipality in the Pyapon district of the Ayeyarwady region of Myanmar ( Burma ) .,1
35192,"In response to the `` white first '' attitude of the organized workers ' movement and the Socialists , Harrison offered a political perspective `` first '' race `` .","In response to the `` white first '' attitude of the organized labor movement and the Socialists , Harrison provided a `` race first '' political perspective .",1
23970,"When Judge John Tyler died in 1813 , Tyler at the age of 23 inherited Greenway .","When Justice John Tyler died in 1813 , Tyler inherited Greenway at the age of 23 .",1
31433,"Tadas Langaitis is a Lithuanian politician , from november 2016 member of the Seimas , civic activist , active in social and civic projects in Lithuania .","Tadas Langaitis is a Lithuanian politician , member of the Seimas since November 2016 , citizen activist , active in social and civic projects in Lithuania .",1
14361,"The Irish team consisted of Ken Doherty , Fergal O ’ Brien and Michael Judge along with Murphy as sub .","The Irish team consisted of Ken Doherty , Fergal O Brien and Michael Judge along with Murphy as a sub .",1
1536,"See the 32nd Canadian Parliament , then 33rd Canadian Parliament",See : 32nd Canadian parliament then 33rd Canadian parliament,1
33717,"The Georgian language , however , uses the singular form when the quantity is specified , so in practice the plural of `` tetri '' is just `` tetri '' .","However , the Georgian language uses the singular form when the quantity is specified , so in practice the plural of `` tetri '' is just `` tetri . ''",1
24936,"The crew consisted of Doncho Papazov , Julia Papazova , their 5-year old daughted Yana , Simeon Idakiev , Boris Siriyski , Rumen Kostov and Peter Andonov .","The crew consisted of Doncho Papazov , Julia Papazova , their five-year-old Yana , Simeon Idakiev , Boris Siriyski , Rumen Kostov and Peter Andonov .",1
17543,"On the inside are engraved slates with the image of Padmasambhava , Gautama Buddha and Ngawang Namgyal .","On the inside are engraved slates with the image of Ngawang Namgyal , Gautama Buddha and Padmasambhava .",1
6044,"After Veronica calls out her daughter 's name , Drake hides in a corner and exits the room unnoticed .","After Veronica calls her daughter 's name , Drake hides in a corner and leaves the room unnoticed .",1
20396,"In the 2015 federal election , Gidoni became elected to the Regional Council of Veneto in the Province of Belluno after Tosi was expelled by the regional party .","In the 2015 federal election , after Tosi was sidelined by the regional party , Gidoni was elected to the Regional Council of Veneto in the province of Belluno .",1
5785,At that time Constantinople was the capital of the eastern Christian empire and the patriarch of Constantinople was the most influential Church leader in the Byzantine world .,"At that time , Constantinople was the capital of the Eastern Christian Empire and the Patriarch of Constantinople was the most influential leader of the Church in the Byzantine world .",1
38841,"Petina Gappah was born in Zambia , in Copperbelt Province .",Petina Gappah was born in the province of Copperbelt in Zambia .,1
42537,"Nool Veli ( Fence of Yarn ) is a Tamil film with Sarath Babu , Sujatha and Saritha in 1979 .","Nool Veli ( Fence of Yarn ) is a 1979 Tamil film playing with Saritha , Sujatha and Sarath Babu .",1
45628,"Ulriksdal Palace , preferred by Sweden , as his summer residence and ignored Drottningholm , but Oscar II of Sweden continued the repairs .","Charles XV of Sweden preferred Ulriksdal Palace as his summer residence and ignored Drottningholm , but Oscar II of Sweden continued the repairs .",1
38940,"The majority of modern Coatham is a Victorian housing , mostly built at its northern tip by the Coatham Hotel in 1860 .","The majority of modern Coatham is Victorian housing , most notably at its northern tip by the Coatham Hotel built in 1860 .",1
46990,"Since 2006 , when Josephine Alhanko placed himself in the Top 20 , Cerljen was the first delegate from Sweden to the international final .",Cerljen was also the first delegate from Sweden at the international final since 2006 when Josephine Alhanko placed in the Top 20 .,1
32450,He met with a group of the most influential musical directors of Boston to discuss a school based on Europe 's conservatories .,He met with a group of Boston 's most influential musical leaders to discuss a school based on the conservatories of Europe .,1
9089,"Divisional Secretariat is a Divisional Secretariat of the district Gampaha , the western province of Sri Lanka .","Mirigama Divisional Secretariat is a Divisional Secretariat of Gampaha District , of Western Province , Sri Lanka .",1
6137,"About Clements ' distinction between primary succession and secondary succession , Cowles wrote ( 1911 ) :",Cowles ( 1911 ) wrote about clements ' ; the distinction between primary and secondary succession :,1
25059,"In Korea , dubbed episodes were broadcast in 2006 by Animax Asia , where it was the 6th most popular animated show broadcast that year .","In Korea , synchronized episodes were broadcast in 2006 by Animax Asia , where it was the 6th most popular animated show that was broadcast this year .",1
21276,Adele performed the song on `` Friday Night with Jools Holland '' on 8 February 2008 and on `` Saturday Night Live '' during the 18 October 2008 show .,"The song was played on February 8 , 2008 on `` Friday Night with Jools Holland '' and during the show on `` Saturday Night Live '' on October 18 , 2008 .",1
14213,It is found by western Texas in the United States south to Mexico .,It is found from western Texas in the United States south to Mexico .,1
33710,Codice _ 13 is also a compiler magic function of Oxygene . It is not a conditional function and is at compile time unrolled to real statements .,Codice 13 is also a compiler - magic - function of oxygene that is not a conditional function and is rolled back to real statements at compile time .,1
15382,"Baron Paul George 's Marie Kronacker ( November 5 , 1897 - February 3 , 1994 ) was a liberal chemist and Belgian politician for the Liberal Party .",Baron Paul Georges Marie Kronacker ( 5 November 1897 -- 3 February 1994 ) was a liberal chemist and Belgian politician for the Liberal Party .,1
27470,"Matsumoto played previously for Tokushima Vortis , Shonan Bellmare and Kyoto Purple Sanga .","Matsumoto previously played for Tokushima Vortis , Shonan Bellmare and Kyoto Purple Sanga .",1
28126,"With the activation of the 310th Strategic Missile Squadron , 310th on 1 March 1962 was renamed the 550th Strategic Aerospace Wing .","With the activation of the 310th Strategic Missile Squadron , the 310th was redesignated as the 550th Strategic Aerospace Wing on 1 March , 1962 .",1
2202,The field also included Olympian ( and in 1932 Olympic champion ) John Anderson of Cornell and future world record player Paul Jessup of Washington in 1928 .,"The field also included 1928 Olympian ( and 1932 Olympic champion ) John Anderson of Cornell , and future world record holder Paul Jessup of Washington .",1
3484,Then were manufactured at ROF Bishopton and filled with ROF Chorley and later at ROF Glascoed .,"Naval propellants were then manufactured at ROF Bishopton and filled at ROF Chorley , and later ROF Glascoed .",1
17985,"The north slope of the Obshchy Syrt is covered by deciduous forests , while the southern slope towards the Caspian Depression has the characteristics of a steppe .","The northern slope of the Obshchy Syrt is covered by deciduous forests , while the southern slope to the Caspian Depression has the characteristics of a steppe .",1
11491,"In 1955 , it became the Central Electricity Generating Board , which in turn in 1957 the Central Electricity Authority .","In 1955 , this became the Central Electricity Generating Board , which in turn became the Central Electricity Authority in 1957 .",1
35683,"Red and white wine , liqueur wine , brandy and a sweet and dry wine called Angelica were all produced from mission grapes .","Red and white wine , fortified wine , brandy , and a sweet and dry wine called Angelica were all produced from Mission grapes .",1
30316,"It is a place in Tanzania , located in the Lindi district of the region Lindi .",Mahiwa is a place in Tanzania . It is located in the Lindi Rural District of the Lindi Region .,1
15708,He then joined The Star in 1986 and left The Muslim .,Then he entered the star in 1986 and left The Muslim .,1
40646,Boudrioz was born in Paris and died in Versailles .,Boudrioz was born in Paris and has died in Versailles .,1
29275,Bowen Hills and Ferny Grove Station are served by all Beenleigh Line Services stops from Woodridge to Beenleigh .,Bowen Hills and Ferny Grove station is served by all stops Beenleigh line services from Woodridge to Beenleigh .,1
19146,"On June 30 , 2016 , Infante agreed to a minor league deal with the Braves . He was released by the Atlanta Braves on August 16 , 2016 .","On 30 June 2016 , Infante agreed to a Minor League Deal with the Atlanta Braves and was released by the Braves on August 16 , 2016 .",1
7259,The exterior used for the Heffernan house that was shown in CBS sitcom `` The King of Queens '' is in Cliffside Park .,The exterior used for the Heffernan house that was shown in the CBS - Sitcom `` king of Queens '' is in Cliffside Park .,1
41083,"The resulting three hour battle between the Ironclads was a draw , but it marked the global transition to Ironclad - warships .","The resulting three hour battle between the Ironclads was a draw , but it marked the worldwide transition to ironclad warships .",1
42119,Classicist functionalist theory is generally united by its tendency towards social analogy and the notions of biological evolutionism .,Classical functionalist theory is generally united by its tendency towards social analogy and notions of biological evolutionism .,1
29425,"The joint administration of the memorial by the United States Navy and the National Park Service was established on September 9 , 1980 .",The joint management of the memorial by the United States Navy and the National Park Service was founded on 9 September 1980 .,1
24585,"Taobao is a Chinese online shopping website similar to eBay , Amazon and Alibaba Group , which is operated in Hangzhou , Zhejiang by Rakuten .","Taobao is a Chinese online shopping site similar to eBay , Amazon and Alibaba Group , operated by Rakuten in Hangzhou , Zhejiang .",1
25382,"It was built in 1974 and widened , dredged with gravel roads on each side of the channel .","It was built and widened in 1974 , with gravel roads dredged on each side of the canal .",1
21290,"However , on July 17 , 2006 , in a radio interview with Miguel Ángel Granados Chapa on `` Radio UNAM '' , López Obrador said :","On 17 July 2006 , López Obrador said in a radio interview with Miguel Ángel Granados Chapa about `` Radio UNAM '' :",1
11391,"The dividends have increased the total return on the average equity to double , around 3.2 % .","The dividends have increased the entire `` real '' return on the average equity to double , about 3.2 % .",1
12708,"Some have negative effects , some positive .",Some have negative and some positive effects .,1
3566,Electrical elements such as inductors and capacitors used in non-ideal analog computers had to be carefully manufactured to reduce electrical effects .,Electrical elements such as inductors and capacitors used in non-ideal analog computers must be carefully manufactured to reduce electrical effects .,1
13426,Suzuki Beane is a humor book written in 1961 by Sandra Scoppettone and illustrated by Louise Fitzhugh .,Suzuki Beane is a humorous book written by Sandra Scoppettone in 1961 and illustrated by Louise Fitzhugh .,1
31315,"He graduated from the Galatasaray High School in Istanbul in 1858 and became a teacher in Shumen , where he remained until 1864 .","In 1858 he completed the Galatasaray High School in Istanbul and became a teacher in Shumen , where he remained until 1864 .",1
880,"The nearest station is Nakamura Station , the terminus of the Tosa Kuroshio Railway Nakamura Line , in Shimanto .","The nearest train station is Nakamura Station , the terminus of the Tosa Kuroshio Railway Nakamura Line , located in Shimanto .",1
7147,Approximately 90 % of all tobacco grown in Canada is produced here .,About 90 % of all tobacco grown in Canada is produced here .,1
29098,"Townshend was the son of Lord John Townshend , younger son of George Townshend , 1st Marquess Townshend .","Townshend was the son of Lord John Townshend , the younger son of George Townshend , 1st Marquess Townshend .",1
3218,Unisys Corporation was founded in 1991 by three employees from a software research and development group at TeamQuest .,Unisys Corporation was founded in 1991 by three employees of a software research and development group from TeamQuest .,1
43974,"As galanthophiles , the authors of the works on which these notes are based also apply , the botanist Aaron Davis and the gardeners John Grimshaw and Matt Bishop .","Botanist Aaron Davis and gardeners John Grimshaw and Matt Bishop , authors of the works on which these notes are based , also qualify as galanthophiles .",1
21966,"The kinetic energy of a particle is the sum of potential energy and total energy , this sum is also the frequent expression for the Hamilton operator in classical mechanics :","The kinetic energy of a particle is the sum of potential energy and total energy , this sum is also the frequent expression for the Hamiltonian in classical mechanics :",1
12423,"His son John I Lestrange ( died before 1178 ) , twice Sheriff of Shropshire , held the castles Shrewsbury and Bridgnorth in 1174 for King Henry II .","His son John I Lestrange ( died before 1178 ) , twice sheriff of Shropshire , held the castles of Shrewsbury and Bridgnorth for King Henry II in 1174 .",1
46400,"Produced by Oscar Hammerstein II , the show by Reginald Hammerstein ( the brother of Arthur Hammerstein ) was choreographed and led by Danny Dare .",Produced by Oscar Hammerstein II the show was choreographed by Reginald Hammerstein ( the brother of Arthur Hammerstein ) and was directed by Danny Dare .,1
13327,"East of Petersville , US 340 has a diamond interchange with MD 180 and crosses Catoctin Creek .",The US 340 has a diamond exchange with MD 180 east of Petersville and crosses Catoctin Creek .,1
3757,"In 2011 , EBSCO Publishing took over H. W. Wilson Company .",EBSCO Publishing H. W. Wilson Company took over in 2011 .,1
8509,It has been suggested that `` P. azurophilum '' represents more than one species with one species infecting white blood cells and the other infecting red blood cells .,"It has been suggested that `` P. azurophilum '' represents more than one species , with a species infecting red blood cells and the other infecting white blood cells .",1
27828,"Leontin Florian Grozavu ( born 19 August 1967 ) , commonly known as Leo Grozavu , is a former football manager and Romanian professional football player .","Leontin Florian Grozavu ( born August 19 , 1967 ) , better known as Leo Grozavu , is a former football manager and a Romanian professional football player .",1
25264,This procedure is the cylindrical equivalent of a photographic map projection in cartography .,This process is the cylindrical equivalent of a photographic map projection in cartography .,1
20761,"The members of the United Methodist Church gather in Laichingen , while the Catholics of the parish of Bad Urach are assigned in St. Joseph .","The members of the United Methodist Church gather in Laichingen , while the Catholics are appointed to the parish of Bad Urach in St. Joseph .",1
258,"On 19 March 1975 , the NFL awarded the Super Bowl XI to Pasadena , California at the ownership meetings held in Honolulu .","The NFL awarded Super Bowl XI to Pasadena , California on March 19 , 1975 at the owners ' meetings held in Honolulu .",1
11630,"In the 2014 film `` Get On Up '' , a biography of James Brown produced by Bryan Grazer and Mick Jagger , Bass is portrayed by Josh Hopkins .","In the 2014 film `` Get On Up '' , a biography of James Brown , produced by Bryan Grazer and Mick Jagger , Josh Hopkins is presented with a bass .",1
2352,"French Island is a very small uninhabited island located northwest of Barrallier Island in Victoria , Australia .","French Island is a very small uninhabited island in the northwest of Barrallier Island , Victoria , Australia .",1
48102,"It was approved by the Constitution of Afghanistan , which was created on January 4 , 2004 .","This was approved by the Constitution of Afghanistan , which was created on 4 January 2004 .",1
41307,"Leudesius and Theuderic III fled with the royal treasure to Baizieux , where Leudesius overtook them and had Ebroin murdered .","Leudesius and Theuderic III fled to Baizieux with their royal treasure , where Leudesius overtook them and murdered Ebroin .",1
15370,"He inherited the Gwalior - Gharana and the Gandharva - Mahavidyalaya , but he was always open to taking aesthetic features of other gharanas and styles .","He inherited the Gwalior gharana and the Gandharva Mahavidyalaya , but he was always open to adopting aesthetic features of other gharanas and styles .",1
35444,"Giulio Pomponio Leto ( 1428 -- 9 June 1498 ) , also known as Julius Pomponius Laetus , was an Italian humanist .","Julius Pomponius Laetus ( 1428 - June 1498 ) , also known as Giulio Pomponio Leto , was an Italian humanist .",1
7255,"After four years it moved to Conte Luigi Ferdinando Marsigli 's house , which had more space , and in 1705 moved again to the palazzo of Jacopo Sandri .","After four years it moved to the house of Conte Luigi Ferdinando Marsigli , which had more space , and moved back to the Palazzo of Jacopo Sandri in 1705 .",1
8199,"309th Airlift Squadron is part of the 86th Airlift Wing in Air Base Chièvres , Belgium .","The 309th Airlift Squadron is part of the 86th Airlift Wing at Chièvres Air Base , Belgium .",1
33903,The father of Ted and Steve was Tom Tom .,Tom was the father of Ted and Steve .,1
15182,It was opened when the Amersfoort to Zutphen section was completed .,It was opened when the section from Amersfoort was completed to Zutphen .,1
21031,"The dividends have increased the total return on the average equity to double , around 3.2 % .","The dividends have increased the real `` total '' return on average equity to the double , about 3.2 % .",1
23723,"On 5 July 1846 he married Elisabeth Klein ( 1828 -- 1899 ) , daughter of the composer Friedrich Nicolai and great-grandmother of Bernhard Klein .","On 5 July 1846 , he married Elisabeth Klein ( 1828 -- 1899 ) , daughter of the composer Friedrich Nicolai and great-granddaughter of Bernhard Klein .",1
39494,"Professor Azra Meadows and Dr Peter Meadows are the editors of `` The Glasgow Naturalist '' , the annual publication of The Glasgow Natural History Society .","Azra Meadows and Dr. Peter Meadows are the editors of `` The Glasgow Naturalist '' , the annual publication of the Glasgow Natural History Society .",1
18660,"He has played Garrett Burns , a love interest for Rachel Kinski ( Caitlin Stasey ) .","He played Garrett Burns , a love interest for Rachel Kinski ( Caitlin Stasey ) .",1
27610,The number of aircraft operated by the 507th and 137th machines was increased simultaneously by the transfer of KC-135s from the 939th air refuelling wing .,The number of aircraft operated by the 507th and 137th was simultaneously increased by the transfer of KC-135s from the 939th Air Refueling Wing .,1
42961,"In 2010 , Hatherley joined the band of KT Tunstall , playing lead guitar and replacing Sam Lewis .","In 2010 Hatherley joined KT Tunstall 's band , playing lead guitar and replacing Sam Lewis .",1
17900,"In 1236 , Haakon Haakonsson , son of Gille Brigte , Mormaer of Angus , was awarded the Jarldom of Orkney by King Magnus .","In 1236 , Haakon Haakonsson , son of Gille Brigte , Mormaer of Angus , was granted the Jarldom of Orkney by King Magnus .",1
3137,"Kathy Lloyd was born in Carrickfergus , Northern Ireland , and grew up in Netherton , Bootle , where she attended the Warwick Bolam High School .","Kathy Lloyd was born in Carrickfergus , Northern Ireland and grew up in Netherton , Bootle where she attended Warwick Bolam High School .",1
20166,"This provided engine lube oil , seawater coolant and also pumped a bilge pump for the lifeboat .","This provided engine lubricating oil , seawater coolant and also pumped a bilge pump for the lifeboat .",1
11428,"The brother of Philip Gunawardena and the eldest son of Dinesh Gunawardena , he was educated at Royal College , Colombo .","The brother of Philip Gunawardena and the eldest son of Dinesh Gunawardena , he was educated at the Royal College , Colombo .",1
15083,His graphic novels have affected the development of the wordless novel .,His graphic novels have influenced the development of the wordless novel .,1
43336,"It runs along the old Sohmer Piano Factory , under Walnut Street , and along Main Street .","It runs along the old Sommer Piano Factory , under Walnut Street and along Main Street .",1
49325,"April 16 , 1984 -- became adult contemporary WCGY , music of the 1960s and 1970s with 25 % of current music .","April 16 , 1984 -- became adult contemporary WCGY , 1960s ' and 1970s ' music with 25 % current music .",1
6606,At 10 : 59 AM the last element of the 2nd Battalion 4th Marines left the zone and the last naval helicopter landed at 12 : 15 on the USS `` Okinawa '' .,"At 10 : 59 , the last element of 2nd Battalion 4th Marines left the zone and the last marine helicopter landed on the USS `` Okinawa '' at 12 : 15 .",1
16363,"In 1884 , Norway was founded and township named after Folden in New Folden .","Norway was organized in 1884 , and named after Folden in New Folden Township .",1
13733,"It runs along the old Sohmer Piano Factory , beneath Walnut Street and along Main Street .","It runs along the old Sohmer Piano Factory , under Walnut Street , and along Main Street .",1
30994,"Although developed in Singapore , it is commercially used mainly in Europe .","Although being developed in Singapore , it is mainly used commercially in Europe .",1
35838,"Equatorial Africa is an ambiguous term that sometimes is used to refer to tropical Sub-Saharan Africa , or the equatorial region of Africa traversed by the equator .",Equatorial Africa is an ambiguous term that is sometimes used to refer to sub-Saharan tropical Africa or the equatorial region of Africa crossed by the equator .,1
4856,The first sign refers to the selection of a single language and the adoption of a common script :,The first relates to the selection of a single language and the adoption of a common script :,1
45689,After a while Wang Di left the band and was replaced in August 2008 by Miao Yu Jia .,"After a while , Wang Di left the band and was replaced by Miao Yu Jia in August 2008 .",1
29375,"Formation of aggregates is influenced by electrostatic interactions , the coordination between lithium and surrounding solvent molecules or steric additives , and polar effects .","The formation of aggregates is affected by electrostatic interactions , coordination between lithium and surrounding solvent molecules or steric additives and polar effects .",1
11448,Nigel Randell Evans was the eldest son of Air Chief Marshal Sir Donald Randell Evans ( 1912-1975 ) and Pauline Evans .,Nigel Randell Evans was the eldest son of Air Chief Marshal Sir Donald Randel Evans ( 1912-1975 ) and Pauline Evans .,1
14621,"It is the biggest private club in Houston and one of the largest in the world , with more than 3,300 members .","It is the largest private club in Houston and one of the biggest in the world , with over 3,300 members .",1
606,"It was first described by William Walter Smith in 1889 , using samples from George Hudson .",It was first described by William Walter Smith in 1889 using specimens obtained from George Hudson .,1
39801,The path is framed by five balconies with a circular fountain in the middle and each balcony is characterized by a simple ring of grass .,The path is framed by five balconies with a circular fountain in the centre and each balcony is characterized by a simple ring of grass .,1
117,"Chris Egan ( Nick Smith ) settles down with his family in Summer Bay , and he and Duncan quickly become friends and get into various crises .",Nick Smith ( Chris Egan ) settles in Summer Bay with his family and he and Duncan quickly become friends and get into various scrapes .,1
37307,"Kenny enters the house and frees Brent when Jody fights with Marliston , who manages to brutally kill him .","Kenny enters the house and frees Brent as Jody fights with Marliston , who manages to brutally kill him .",1
3394,Guru ( Kay Kay Menon ) and Ganpat ( Dilip Prabhavalkar ) are a car thieves .,Guru ( Kay Kay Menon ) and Ganpat ( Dilip Prabhavalkar ) are small-time car thieves .,1
25128,"Gelechia hetaeria is a moth of the Gelechiidae family , who is found in Veracruz ( Mexico ) .",Gelechia hetaeria is a moth of the Gelechiidae family . It is found in Mexico ( Veracruz ) .,1
28977,"He then presented the weekend bulletin on `` Seven News Sydney '' , replacing Ian Ross , who took over Chris Bath .","He then presented the weekend bulletin on `` Seven News Sydney '' , replacing Ian Ross who took over from Chris Bath .",1
4404,The Bega River is a tributary of the Fădimac in Romania .,The Bega River is a tributary of the Fădimac River in Romania .,1
21115,Raumanga is a suburb of Whangarei in the Northland Region of New Zealand . The main campus of Northland Polytechnic is situated in Raumanga .,Raumanga is a suburb of Whangarei in the Northland region of New Zealand . The main campus of Northland Polytechnic is in Raumanga .,1
22184,"Each line contains three points , so in the language of configurations the Hesse configuration has the notation 912 .","Each line has three points , so the Hesse configuration includes the notation 912 in the language of the configurations .",1
1642,"The test above does not distinguish between more complex distributions , such as quantum and classical , or between fermionic and bosonic statistics .","The above test does not distinguish between more complex distributions , such as quantum and classical , or between fermionic and bosonic statistics .",1
22965,"On December 30 , 1888 , she married Susie J. Clarke in Ayer , Massachusetts .","Brown married Susie J. Clarke in Ayer , Massachusetts , on December 30 , 1888 .",1
13494,"With a strong start to the season and the new Arise Racing team , which brought new cars and great competition to the series , it brought three new races .",With a strong start to the season and the new Arise Racing team bringing new cars and great competition to the series it brought 3 new races .,1
5542,The River Piatra Caprei is a tributary of the river Sâmbăta in Romania .,The Piatra Caprei River is a tributary of the Sâmbăta River in Romania .,1
12819,This is an autobiographical work that is based on the original literary story .,"This is an autobiographical work , based on the original literary story .",1
38083,There is no railway station in Kadipur airport that you can reach from Sultanpur by bus .,There is no railway station & airport in Kadipur . You can reach here by bus from Sultanpur .,1
4693,"After his doctorate in 1989 , Betzig was hired by AT ’ T Bell Laboratories in the semiconductor physics department .","After receiving his doctorate , Betzig was hired by AT & T Bell Laboratories in the Semiconductor Physics Research Department in 1989 .",1
42846,The music was composed by Salil Chowdhury with text by Bharat Vyas .,The music was composed by Salil Chowdhury with lyrics by Bharat Vyas .,1
2048,"The 40 Watt Uptown was large and professional , and it was a major stop for independent underground music actors in the 1980s .","The 40 Watt Uptown was large and professional , and it was a major stop for underground independent music acts in the 1980s .",1
5539,"Cornelia Stuyvesant Vanderbilt ( the only child of George and Edith Vanderbilt ) married in 1924 to the British aristocrat John F. A. Cecil , a descendant of William Cecil .","Cornelia Stuyvesant Vanderbilt ( George and Edith Vanderbilt 's only child ) married British aristocrat , John F. A. Cecil , a descendant of William Cecil in 1924 .",1
8966,"In June 2011 , Linda Beecher married Finch at Dartmoor National Park .",Linda Beecher married Finch on Dartmoor National park in June 2011 .,1
3539,"Central Italy refers to the areas of Abruzzi e Molise , Marche , Umbria , Lazio and Tuscania .","Central Italy refers to the areas Tuscania , Marche , Umbria , Lazio and Abruzzi e Molise .",1
21014,"He played Garrett Burns , a love interest for Caitlin Stasey ( Rachel Kinski ) .","He has played Garrett Burns , a love interest for Rachel Kinski ( Caitlin Stasey ) .",1
24844,"However , as soon as he escapes , the Native Americans attack Silent Creek and Jamie arrives .","However , as soon as he escapes , the native Americans attack Silent Creek and Jamie .",1
25587,"Dharmapuram is a village near Srikakulam town in Ponduru Mandal Division in Andhra Pradesh , India .","Dharmapuram is a village near the town of Srikakulam in Ponduru Mandal Division in Andhra Pradesh , India .",1
17190,"In 1938 , he played with Juan Carlos Miranda in an ensemble , including the singer Lucio Demare and two pianos .",In 1938 he played with Juan Carlos Miranda in an ensemble which included the singer Lucio Demare and two pianos .,1
26649,"The species was first formally described by James Drummond in `` Prodromus Systematis Naturalis Regni Vegetabilis '' in 1856 , from material collected by Carl Meissner .",The species was first formally described in 1856 by James Drummond in `` Prodromus Systematis Naturalis Regni Vegetabilis '' out of material by Carl Meissner .,1
19019,"When Bramah 's sister , Esther Frances Bramah died , the couple acted as districts for the orphaned children Thomas Bramah Diplock and Samuel Robey Diplock .","When Bramah 's sister Esther Frances Bramah died , the couple acted as wards for the orphaned children Thomas Bramah Diplock and Samuel Robey Diplock .",1
8083,From September 2015 Goodyear is again president of `` Goodyear Capital Corporation '' and the `` Goodyear Investment Company '' .,"As of September 2015 , Goodyear is again the president of `` Goodyear Capital Corporation '' and `` Goodyear Investment Company . ''",1
31677,"In a said Mass , this prayer and the following are concelebrated by individual concelebrants .",This prayer and the following are concelebrated in a said fair by individual concelebrants .,1
14126,"The book has a preface from Vera Baird , one of the lawyers who represented Humphreys , and contributions by Beatrix Campbell and friends of Humphreys .","The book has a foreword by Vera Baird , one of the barristers who represented Humphreys , and contributions from Beatrix Campbell and friends of Humphreys .",1
35006,"Parrish and Grey reprise their roles from `` Three Smart Girls '' , and Barbara Read replaces Durbin in the role of the middle sister .",Parrish and Grey repeat their roles with `` Three Smart Girls '' and Barbara Read replaces Durbin in the role of the middle sister .,1
3071,Bobby finds himself left alone with Hank when Peggy decides to spend an evening with the other women of the neighborhood .,Bobby finds himself left alone when Peggy decides to spend an evening with the other women of the neighborhood .,1
43769,The Edmonton Oilers became the first National Hockey League team in Alberta when they were absorbed by the NHL than the WHA Fold .,The Edmonton Oilers became the first National Hockey League team in Alberta as they were absorbed by the NHL when the WHA folded .,1
22400,"This game was released in Europe on 18 February 2010 , North America on February 23 , 2010 and Japan on March 26 , 2010 .","This game was released in Europe on February 18 , 2010 , North America on February 23 , 2010 and Japan on March 26 , 2010 .",1
29919,"XS also released Shikigami No Shiro II , and translated it for the PlayStation 2 under its own name , Castle Shikigami 2 .","Shikigami No Shiro II has also been released and translated for the PlayStation 2 under its own name , Castle Shikigami 2 .",1
15831,"In 1925 , William Kellogg purchased the `` Jamestown Alert '' from Percy Hansen and Bryon Hansen .",William Kellogg bought the `` Jamestown Alert '' in 1925 from Percy Hansen and Bryon Hansen .,1
38528,"She moved to Switzerland when she was a few months old , then to France , but mostly grew up in Paris .","She moved to Switzerland when she was a couple of months old , then grew up to France , but mostly in Paris .",1
23232,Miguel Ángel Virasoro ( * 1940 in Argentina ) is an Argentine physicist who has done most of his work in Italy .,Miguel Ángel Virasoro ( ; born 1940 in Argentina ) is an Argentine physicist who has done most of his work in Italy .,1
19889,He has also recorded two solo albums under his own name and three albums made in Indonesia under the name Sabah Habas Mustapha .,He has also recorded two solo albums under his own name and three albums made in Indonesia under the name of Sabah Habas Mustapha .,1
14417,The municipal district ( `` správní obvod '' ) of the same name consists of administrative districts Prague 14 and Dolní Počernice .,The district of the same name ( `` správní obvod '' ) consists of the administrative districts of Prague 14 and Dolní Počernice .,1
41693,"In particular , the ornamental iron fence shows influence in its medieval design Eastlake .",In particular the ornamental iron fencework shows Eastlake influence in its medieval design .,1
10220,"The following year , studios and offices were moved to the station at 1484 Beech Street in Hornell , just outside Hornellsville .","The following year , studios and offices for the station were moved to 1484 Beech Street in Hornell , just outside Hornellsville .",1
41811,"In 1890 , French Colonel Louis Archinard formally conquered the entire territory of the former Kingdom of Kaarta , which was annexed to the French West Africa in 1904 .","French Colonel Louis Archinard formally conquered the entire territory of the former Kaarta kingdom in 1890 , which was later annexed into French West Africa in 1904 .",1
48307,"Karnataka State Road Transport Corporation , Ply Buses from Bengaluru , Mysuru , Malavalli , Kollegala , T.Narasipura .","KSRTC ( Karnataka State Road Transport Corporation ) , ply buses from Bengaluru , Mysuru , Malavalli , Kollegala , T.Narasipura .",1
29108,"This is a list of locomotives of the `` Polish National Railways , PKP '' ( Polskie Koleje Państwowe ) .","This is a list of Locomotives of the `` Polskie Koleje Państwowe '' ( Polish State Railways , PKP ) .",1
21185,Black Bull Bitter ( `` 3.9 % ABV '' ) was brewed to commemorate the Theakson 's first pub where the first Theakston 's beers were brewed and sold .,"Black Bull Bitter ( `` 3.9 % ABV '' ) was brewed to commemorate the first Theakson pub , where the first Theakston beers were brewed and sold .",1
14830,"Nool Veli ( Fence of Yarn ) is a Tamil film with Saritha , Sujatha and Sarath Babu in 1979 .","Nool Veli ( Fence of Yarn ) is a Tamil film with Sarath Babu , Sujatha and Saritha in 1979 .",1
49160,De Bruijn reached Cyprus and stayed among the Dutch merchants in Smyrna and Constantinople .,De Bruijn reached Cyprus and stayed with the Dutch merchants in Smyrna and Constantinople .,1
9220,"Design was by Ann Dupuis and editing by Jonatha Ariadne Caspian , with a cover by Fred Fields and illustrations by James Crabtree .","The design was published by Ann Dupuis and Jonatha Ariadne Caspian , with a cover by Fred Fields and illustrations by James Crabtree .",1
25190,"His meeting with Dave Brubeck is documented in the 2011 book `` Taj-Mahal Foxtrot '' , by Naresh Fernandes .",His meeting with Dave Brubeck is documented in the book 2011 `` Taj-Mahal Foxtrot '' by Naresh Fernandes .,1
18953,The eastern end of the basin is currently being deformed by transpression associated with the southwestern end of the Conway segment .,The eastern end of the basin is currently being deformed by the transpression associated with the southwestern end of the conway segment .,1
22808,The track was acquired in 1997 450 and the following year was renumbered by the Punchbowl Bus Company .,The route was acquired 450 in 1997 and renumbered by the Punchbowl Bus Company the following year .,1
12249,Rick Peach was a vicar who was involved in scenes with Sophie Webster ( Brooke Vincent ) and Blanche Hunt ( Maggie Jones ) .,Rick Peach was a vicar that was involved in scenes with Sophie Webster ( Brooke Vincent ) and Blanche Hunt ( Maggie Jones ) .,1
33941,Locus is a racing game developed by Zombie LLC and published by GT Interactive Software Corp in North America .,Locus is a racing game developed by Zombie LLC and released in North America by GT Interactive Software Corp .,1
3029,"To the north , the region of Virginia continues into central Maryland and southeastern Pennsylvania .","To the north , the region continues from Virginia into central Maryland and southeastern Pennsylvania .",1
8586,Mukunda considered George Harrison and the others who first came to England to be his lifelong friends .,Mukunda considered George Harrison and the others who came to England for the first time to be his lifelong friends .,1
25266,"Germar Scheerer , also known as Germar Rudolf , born 29 October 1964 , is a German chemist and a convicted Holocaust denier .","Germar Scheerer , also known as Germar Rudolf , born on 29 October 1964 , is a German chemist and convicted Holocaust denier .",1
38523,"Jharkhand Railway Station is a small station in Ramgarh district , Ranchi Road .","Jharkhand railway station is a small railway station in Ramgarh district , Ranchi Road .",1
31747,"When they are both discovered by Janeece , their titles are taken away from Kim Campbell 's disappointment as house captains .",When they are both discovered by Janeece their titles as house captains are taken away much to Kim Campbell 's disappointment .,1
47419,"The Mino was the smallest of all camcorders , slightly wider than a MiniDV cassette and smaller than most smartphones on the market .","The Mino was the smallest of all camcorders , slightly broader than a MiniDV cassette and smaller than most smartphones on the market .",1
15290,"He was married twice , to Elizabeth Dettlaff and to Annie Kowalkowski , and had three daughters .","He was twice married to Elizabeth Dettlaff and Annie Kowalkowski , and had three daughters .",1
46856,The music was written by MS Baburaj and lyrics was composed by P. Bhaskaran and Yusufali Kechery .,The music was written by MS Baburaj and the lyrics by P. Bhaskaran and Yusufali Kechery composed .,1
22395,"In the second round of the US Open , Roger Federer lost in three sets against Alves , it was Federer 's 600th career .",Roger Federer lost to Alves in the second round of the US Open in three sets . It was Federer 's 600th career match win .,1
43141,"When Samuel Herrick arrived in the scene , Arnold had already been sent to Skenesboro and Asa Douglas to Panton with sections to secure boats .","When Samuel Herrick arrived on the scene , Arnold had already been sent to Skenesboro and Asa Douglas to Panton with detachments to secure boats .",1
11767,"A market was perceived for future tours and destinations , Scandinavia followed in April 1975 and in September another tour was taken in Switzerland .","A market was perceived for future tours and destinations , Scandinavia was in April 1975 and in September another tour followed in Switzerland .",1
37608,It plays Richard Devon stars and was written by Devon and James Craig .,It stars Richard Devon and was written by Devon and James Craig .,1
14353,He was born in New Westminster and worked on the lower Fraser and Fraser River sternwheelers before coming to the upper Yukon River in the early 1900s .,He was born in New Westminster and worked on the lower Fraser and Fraser River cyclists before coming to the Upper Yukon River in the early 20th century .,1
7307,He was a revolutionary hero that gave a new wave to the regional movement in Telangana .,He was a revolutionary hero who gave a new wave to the regional movement in Telangana .,1
38999,"But the targets are not easy -- grandmother , wife of an oligarch , virgin , feminist and sectarian .","But the goals are not easy -- grandmother , wife of an oligarch , virgin , feminist and sectarian .",1
39156,Martin ( Javier De Pietro ) is a young 16-year-old student who is attracted by his coach Sebastián .,"Martin ( Javier De Pietro ) is a 16-year-old young student who is attracted to his coach , Sebastián .",1
20231,"The company is one of the oldest German companies still in activity , founded by Brazilian brothers Bruno and Hermann Hering , in 1880 .","The company is one of the oldest still active German companies , founded in 1880 by the Brazilian brothers Bruno and Hermann Hering .",1
7424,Due to the unusual microclimate and presence of abundant serpentine there are an unusual number of rare plants in the upper catchment basin .,"Due to the unusual microclimate and the presence of abundant serpentine , there are an unusual number of rare plants in the upper area .",1
7256,"Copies of the Leach catapult , made locally by the Royal Engineers , were used in the Gallipoli Campaign .","In the Gallipoli campaign , copies of the leach catapult were used , which was made by the Royal Engineers locally .",1
43098,"Hjärup is , with its more than 4,250 inhabitants , the second largest locality in Sweden , Scania , Staffanstorp Municipality .","Hjärup , with more than 4,250 inhabitants , is the second largest town in Sweden , Scania , Staffanstorp Municipality .",1
32454,"She has created Chinese oil paintings , watercolors , digital ink and calligraphy .","She has created Chinese oil paintings , watercolors , digital ink paintings and calligraphy .",1
34003,Drietoma is a village and municipality in the Trenčín region in the district of Trenčín in north-western Slovakia .,Drietoma is a village and municipality in the district Trenčín in the region of Trenčín in north-western Slovakia .,1
40157,Another series of hermeneutical concepts used by Mahayana - Buddhists are the four special intentions ( abhipraya ) and the four hidden intentions ( abhisamdhi ) .,Another set of hermeneutical concepts used by Mahayana Buddhists are the four special intentions ( abhipraya ) and the four hidden intentions ( abhisamdhi ) .,1
31040,"When synthetic pins are hit by the ball , they usually sound different from wooden pins .","When hit by the ball , synthetic pins usually sound different from wooden pins .",1
33089,"The following year , studios and offices for the station were moved to the 1484 Beech Street in Hornellsville , just outside Hornell .","The following year , studios and offices for the station were moved to 1484 Beech Street in Hornellsville , just outside Hornell .",1
1870,"Residing in NYC , he currently is a member of MJ12 , an instrumental group based in New York .","He currently lives in NYC and is a member of MJ12 , an instrumental group based in New York .",1
41553,Howe partnered with Bob Mark and Jeanne Arth but lost in the quarterfinals to Sally Moore .,"Partnership with Bob Mark and Jeanne Arth , but lost to Sally Moore in the quarterfinals .",1
43718,"Eddy Heurlié ( born 27 December 1977 in Martinique ) is a Martiniquais footballer , who currently plays for lower league outfit CS Bélimois in Le Lamentin .","Eddy Heurlié ( born December 27 , 1977 in Martinique ) is a Martiniquais footballer who currently plays in the lower league CS Bélimois in Le Lamentin .",1
12629,"John Rossall 's final concert was at the Bristol Hippodrome on 5 December , 1996 , with Slade II and Connolly 's Glitter Band Experience .",The final concert was held on 5 December 1996 at Bristol Hippodrome with Slade II and Connolly 's Glitter Band Experience .,1
92,The 2007 -- 08 Kansas State Wildcats Men 's Basketball Team represents Kansas State University at the 2007 -- 08 College - Basketball - Season .,The 2007 -- 08 Kansas State Wildcats men 's basketball team represented Kansas State University in the 2007 -- 08 college basketball season .,1
22203,"Translated into modern algebraic , an apotom can be interpreted as a rational number , formed by subtracting one square root of a square irrational number from another .","Translated into modern algebraic language , an apotome can be interpreted as a rational number formed by subtracting one square root of a quadratic irrational number from another .",1
42453,"Derlis Aníbal Cardozo ( born 16 June 1981 , in Pedro Juan Caballero ) is a Paraguayan football defender .","Derlis Aníbal Cardozo ( born June 16 , 1981 in Pedro Juan Caballero ) is a Paraguayan defender .",1
23541,Mr Cave made the highest bid for Mr Payne 's goods at an auction .,"At an auction , Mr Cave gave the highest bid for Mr Payne 's goods .",1
21127,Another series was played between the Boston Red Sox and the Cincinnati Reds in Havana .,Another series was played in Havana between the Cincinnati Reds and the Boston Red Sox .,1
39844,"Multicategoried verbs and Prototypical prepositions exist along a cline with verbs at the start , prepositions at the end , and prototypical word types in the middle .","Multicategorized verbs and prototypical prepositions exist along a cline , with verbs at the beginning , prepositions at the end and prototypical word types in the middle .",1
48452,"As part of a rationalization campaign , the company reported in January 2017 that it would close three remaining regional cuisines in Atlanta , Landover and Everett .","As part of a streamlining campaign , in January 2017 the company reported that it would close three remaining regional kitchens in Atlanta , Landover and Everett .",1
17495,"The station was closed on December 8 , 1890 , opened on 8 November 1969 and was demolished in 1971 .","The station was closed on December 8 , 1890 , opened on November 8 , 1969 , and was demolished in 1971 .",1
20311,"He graduated from Harvard University in 1891 , and then received a master 's degree from MIT in 1893 .",He graduated from Harvard University in 1891 and received a Master 's degree in 1893 from MIT .,1
43552,"Decasyllable was used in the epic poetry of the southern Slavs , sung , for example , Serbian epic poetry on the Gusle instrument :","Decasyllable was used in epic poetry of the Southern Slavs , for example Serbian epic poetry sung to the gusle instrument :",1
48418,"CBE ( born December 14 , 1940 ) is a Scottish administrator and former footballer who was the director of Caledonian MacBrayne .","Lex Gold , CBE ( born 14 December 1940 ) is a Scottish administrator and former footballer who was a director of Caledonian MacBrayne .",1
24797,"From 1898 to 1902 , about 1,300 birds were imported from America and released from Southland to Northland in many parts of the North and South Islands .","From 1898 to 1902 , some 1300 birds were imported from America and released in many parts of the North and South Islands , from Southland to Northland .",1
15325,"Player 2 wins + 130 points ( wins 30 , loses 110 + 150 , so has 230 overall ) .","Player 2 wins + 130 points ( wins 30 , loses 110 + 150 , so 230 ) .",1
8119,Immanuel Dornfeld was a spiritual father and main initiator of this wine school .,The spiritual father and main initiator of this wine school was Immanuel Dornfeld .,1
33727,"The SSSI has an area of 190.3 ha , while the SAC covers 168.3 hectares .","The SSSI has an area of 190.3 hectares , while the SAC has 168.3 hectares .",1
25534,In the same year he played in the UEFA Champions League qualification against Dinamo Zagreb and later in UEFA Cup against HJK Helsinki and Celtic Glasgow .,In the same year he played in the qualification for the UEFA Champions League against Dinamo Zagreb and later in the UEFA Cup against HJK Helsinki and Celtic Glasgow .,1
13445,"Alexis Anders learns from her supervisor , Cholayna Ares , that a Terran agent , Magda Lorne , has survived a plane crash in the Hellers a week earlier .","Alexis Anders learns from her supervisor , Cholayna Ares , that a Terran operative , Magda Lorne , has survived a plane crash in the Hellers a week earlier .",1
49196,"If the programmer does not supply a constructor for an instantiable class , most languages will provide a `` default constructor '' .","If the programmer does not provide a constructor for an instantiable class , a `` default constructor will be provided in most languages .",1
13301,Rubenstein has two honorary doctorates : Doctor of Hebrew Letters ( Grand Valley State University ) and Doctor of Humane Letters ( Jewish Theological Seminary ) .,Rubenstein has two honorary doctorates : Doctor of Hebrew Letters ( Grand Valley State University ) and Doctor of Human Letters ( Jewish Theological Seminary ) .,1
35259,"Released in September 2003 in Belgium , `` Sharko III '' was later released in France , the Netherlands , Switzerland , and Japan .","Published in Belgium in September 2003 , `` Sharko III '' was later released in France , the Netherlands , Switzerland and Japan .",1
40589,"In 2014 , Lilly will visit the World Curling Tour for her first season with the new teammates Sarah Potts , Oye-Sem Won Briand and Tirzah Keffer .","In 2014 , Lilly will join the World Curling Tour for her first season with new teammates Sarah Potts , Oye-Sem Won Briand and Tirzah Keffer .",1
10855,It was written by Bowie and produced by him and David Richards .,It was written and produced by Bowie and produced by David Richards .,1
41286,"The four wives of Mundal Ji had Khemi , Toli , Thukri and Santokhi named a son Seuram Ji and a daughter .","The four women of Mundal Ji had Khemi , Toli , Thukri and Santokhi a son named Seuram Ji and a daughter .",1
38860,"She is a member of the Nehru -- Gandhi family , the second of the three daughters born to Jawaharlal Nehru 's sister , Vijaya Lakshmi Pandit .","She is a member of the Nehru -- Gandhi family , the second of the three daughters born by Jawaharlal Nehru 's sister , Vijaya Lakshmi Pandit .",1
2699,"She is the first female Prime Minister of Mali , and the second Prime Minister of President Amadou Toumani Touré 's second and final term .",She is the first female Prime Minister of Mali and the second and final term of President Amadou Toumani Touré .,1
3460,"Andrei Pavel and Alexander Waske won in the final 6 -- 3 , 7 -- 6 , against Rafael Nadal and Bartolomé Salvá-Vidal .","Andrei Pavel and Alexander Waske won in the final 6 -- 3 , 7 -- 6 against Rafael Nadal and Bartolomé Salva-Vidal .",1
12654,"In 1815 , Ram Hill was known as Nutridge Hill and was connected to Westerleigh by Broad Lane and Mays Hill by the Frog Lane .","In the Mudge Map 1815 , Ram Hill was known as Nutridge Hill , and was linked to Westerleigh by Broad Lane and to Mays Hill by Frog Lane .",1
31129,"Stony Point railway station is located on the Tyabb line in Victoria , Australia .","Stony Point railway station is on the Tyabb line in Victoria , Australia .",1
32709,"Eventually , North Dakota also moved to Division I , and since then the two schools have been negotiating conditions to resume the series .","North Dakota also moved to Division I eventually , and since then the two schools have been negotiating terms to resume the series .",1
43796,Another publication in 2008 directly compared the sequences of a second isolate from BiMoV from Taiwan with the sequence of SCSV in Florida .,Another publication in 2008 directly compared the sequences of a second isolate of BiMoV from Taiwan to the sequence of SCSV from Florida .,1
4413,"In 1806 Louis Bonaparte assigned his brother Louis Napoleon , a Catholic , to the throne of the Netherlands .","In 1806 , Louis Bonaparte ordered his brother Louis Napoleon , a Catholic , to the throne of the Netherlands .",1
23029,"At UFC Fight Night 101 , Brown managed to steal a victory against Jon Tuck with a split decision .","During the UFC Fight Night 101 , Brown managed to steal a victory against Jon Tuck with a split decision .",1
6366,"In the list below , names of such Goans are included , with the name of the domestic team in parentheses .","The names of such goans are included in the following list , with the name of the domestic team standing in parentheses .",1
47372,It connects Yeongju in the north - Gyeongsang - province with Gangneung in the Gangwon province .,It connects Yeongju in North Gyeongsang Province with Gangneung in Gangwon Province .,1
4713,"During this time , Cousin also played as a session musician on two songs by Mice , a band created by Regan that existed between 1995 and 1997 .","During that time , Cousin also played as a session musician on two songs by Mice , a band of Regan , which existed between 1995 and 1997 .",1
44227,"She produced , directed , and wrote the screenplay for `` The Curse of Quon Gwon , '' the only film her company made .","She wrote , staged and produced the screenplay for `` The Curse of Quon Gwon '' , the only film that her company made .",1
29257,Argon is produced industrially by the fractional distillation of liquid air .,"Industrially , argon is produced by the fractionated distillation of liquid air .",1
40687,"Nearby settlements include the town of Lancaster , the city of Garstang , the village of Hollins Lane , and the hamlets of Potters Brook and Shireshead .","Nearby settlements include the city of Lancaster , the town of Garstang , the village of Hollins Lane and the hamlets of Potters Brook and Shireshead .",1
28473,"Men Suddenly in Love is a 2011 Hong Kong romantic comedy film produced by , written by and directed by Wong Jing .","Men Suddenly in Love is a 2011 Hong Kong romantic comedy of Wong Jing written , produced and directed by .",1
9606,"Collins introduced himself to the modern Barnabas Collins family as a cousin from England , a hard-working businessman never seen during the day .","Collins introduced himself to the modern Barnabas Collins family as a cousin from England , a hard-working businessman who was never seen during the day .",1
8468,"It was organised from militia companies from Brattleboro , Burlington , Castleton , Fletcher , Ludlow , Montpelier , Tunbridge , Vergennes and Waterbury .","It was organized from militia companies from Brattleboro , Burlington , Castleton , Fletcher , Ludlow , Montpelier , Tunbridge , Vergennes and Waterbury .",1
42964,"The active members of former MDU and ABL were arrested by the police , such as John Eber and Dr Joseph K.M .","The active members of the former MDU and ABL were arrested by the police , as John Eber and Dr. Joseph K.M .",1
45913,The defect in the mechanism could not be detected in flight and only could be seen by examining the screw and checking it for defects during maintenance .,The defect of the mechanism could not be seen in the flight and could only be detected by checking the screw and checking it during maintenance for defects .,1
30699,"Under Portuguese rule this province was renamed Moçambique , but with its independence the name Mozambique was named for its capital for the whole country and the province .","Under Portuguese rule this province was renamed Moçambique but with independence , the name Mozambique was used for the entire country and the province named for its capital .",1
401,The river Bota Mare is a tributary of the Zăbrătău River in Romania .,The Bota Mare River is a tributary of the Zăbrătău River in Romania .,1
4409,"That same year , technologyreview.com won third place in the MPA Digital Awards for best business or news Website and second place for best online video or video series .","In the same year , technologyreview.com won third place at MPA Digital Awards for the best business or news website and second place for the best online video or the best video series .",1
1082,"In these he already shows an adaptation to the Roman style , especially that of Michelangelo , whose ceiling had just been completed the Sistine Chapel .","In these he already shows an adaption to Roman style , especially that of Michelangelo , whose Sistine Chapel ceiling had just been completed .",1
13495,"Phil Philpott played Norman Nesbitt , a geeky man who believes he has been contacted by UFOs .","Philpott played Norman Nesbitt , a geeky man who believes he has been contacted by UFOs .",1
11045,"Although he petitioned and was defeated , he was seated on 27 April 1785 .","Although he was petitioned and defeated , he was appointed on 27 April 1785 .",1
40850,"In bioinformatics , inverted indexes for the sequence assembly of short fragments of sequenced DNA are very important .","In bioinformatics , inverted indexes are very important in the sequence assembly of short fragments of sequenced DNA .",1
45668,"TJ Trinidad , Joem Bascon , Rico Robles , Rico Barrera , Jordan Hererra , Biboy Ramirez , Eric Fructuoso and Michael Roy Jornales were among the participants .","The participants included TJ Trinidad , Biboy Ramirez , Eric Fructuoso , Rico Robles , Joem Bascon , Jordan Hererra , Rico Barrera , and Michael Roy Jornales .",1
13081,Adults are white green above and green below with metallic flanks .,Adults are white above green and down green with metallic flanks .,1
2040,"In the meantime , Mikka was confronted by his former crew : Nick , Vector , Sib , and Pup .","In the meantime , Mikka is confronted by his former crew : Nick , Vector , Sib and Pup .",1
48706,The Cormos River is a tributary of the Agris River in Romania .,The Cormos River is a tributary of the River Agris in Romania .,1
40580,The Barmat scandal was subsequently used in the Nazi - propaganda as both an electoral strategy and an appeal to anti-Semitism often .,"The Barmat Scandal was later used often in Nazi propaganda , both as an electoral strategy and as an appeal to anti-Semitism .",1
41791,"Willa Cather is a short story by Peter , which was published in 1892 in `` The Mahogany - Tree '' .",Willa Cather is a short story by Peter . It was first published in `` The Mahogany Tree '' in 1892 .,1
25262,Both John Kerry in 2001 and Mark Warner in 2004 lost Loudoun and Prince William counties .,Both John Kerry in 2001 and Mark Warner lost counties in 2004 to Loudoun and Prince William .,1
7204,"More recently , the band Extra Life has combined aspects of early music with the modern genre of math rock .","More recently , the band has combined Extra Life Aspects of Old Music with the modern genre of Math Rock .",1
42791,"Blauburger gives good yields and is particularly resistant to `` Botrytis cinerea '' , but is susceptible to mildew down .","Blauburger gives good yields and is particularly resistant to `` Botrytis cinerea '' , but is susceptible to mildew .",1
23015,Brazil had signed a separate Loizaga -- Cotegipe Treaty with Paraguay now in 1872 and already did much to help Paraguay in its negotiations with Argentina .,Brazil had signed a separate Loizaga - Cotegipe contract with Paraguay in 1872 and already did much to help Paraguay in its negotiations with Argentina .,1
25953,Jarymowycz was a frequent lecturer at the Royal Military College and was a sessional writer of letters to the editor .,Jarymowycz was a frequent lecturer at the Royal Military College and was a recorder of letters to the editor .,1
936,After leaving the East India Company College Frere was appointed a writer in the Bombay ( now Mumbai ) civil service in 1834 .,"In 1834 , after leaving the East India Company College , Frere was appointed a civil servant writer in the Bombay ( today Mumbai ) .",1
1472,In the action they suffered five men wounded ; the British had no casualties .,"In the action they suffered five wounded men , the British had no loss .",1
26445,"Via the Appomattox River and the Bush River , it is part of the James River watershed .",He is part of the James River Watershed via the Appomattox River and the Bush River .,1
29705,"NH electrification began on July 24 to New Rochelle , August 5 to Port Chester and October 6 , 1907 the rest of the way to Stamford .","On 24 July the NH - electrification to New Rochelle began , on 5 August to Port Chester and on 6 October 1907 the rest of the route to Stamford .",1
23217,"After Mary Ann Pederson in 1975 , Louise Redfield left the show until 1981 .","After Mary Ann Pederson left in 1975 , Louise Redfield took over the show until 1981 .",1
34629,"Higher is the fourth album and the fifth studio album of Ezio , released in 2000 .","Higher is the fourth album and the fifth studio album , by Ezio , released in 2000 .",1
46683,"Some organic compounds are valid minerals , which are recognized by the IMA ( CNMNC ) .","Some organic compounds are valid minerals , recognized by the CNMNC ( IMA ) .",1
42976,"The exterior colors are red , black , silver , cool vanilla and dark titanium .","Exterior colors are red , black , silver , cool vanilla , and dark titanium .",1
25913,"The Square was opened by President Choummaly Sayasone and Lao President Alexander Lukashenko on July 2 , 2013 , during a ceremony on the square .",The place was opened on 2 July 2013 by President Choummaly Sayasone and Laotian President Alexander Lukashenko during a ceremony on the square .,1
2713,"Loiu is a town and municipality located in the province of Basque Country , in the autonomous community of Biscay , northern Spain .","Loiu is a town and municipality in the province of Basque Country , in the Autonomous Community of Biscay , in northern Spain .",1
13418,"The Hyslop Farm was named after George Hyslop , who was hired by the founder of the Agronomy Department , Henry Scudder , when he opened the 1907 department .","The Hyslop farm was named after George Hyslop , who was hired by Agronomy Department founder Henry Scudder when he opened the department in 1907 .",1
4412,"The following songs were included in the film , but were not introduced on the soundtrack :",The following songs were included in the film but were not featured on the soundtrack :,1
46181,"Bernhard Franz von Hess ( May 22 , 1792 - April 20 , 1869 ) was a Bavarian general lieutenant and minister of war under Maximilian II of Bavaria .","Bernhard Franz von Hess ( May 22 , 1792 -- April 20 , 1869 ) was a Bavarian Lieutenant General and War Minister under Maximilian II of Bavaria .",1
48788,"William Stawell KCMG married Mary Letitia Stawell on 14 May 1890 ( 1870 - November 3 , 1938 ) , daughter of Sir Edward .","William Stawell KCMG married Mary Letitia Stawell ( 1870 -- 3 November 1938 ) , daughter of Sir Edward , on 14 May 1890 . Their children included :",1
14124,"Barrallier Island is a very small uninhabited island that is located northwest of French Island in Victoria , Australia .","Barrallier Island is a very small uninhabited island located northwest of French Island in Victoria , Australia .",1
31330,"In 1851 , the territorial legislature created the office of General Adjutant and placed the first territorial militia under its jurisdiction .",Then in 1851 the territorial Legislature created the office of Adjutant General and placed the first territorial Militia under its jurisdiction .,1
19165,"Belize High School is a high school in Belize City , Belize , Secondary School .","Belize High School is a high school , secondary school in Belize City , Belize .",1
5207,"Hardie became Secretary of the Party , while Cunninghame Graham was the first treasurer and George Mitchell was the president .","Hardie became the party 's Secretary , while Cunninghame Graham was the first Treasurer and George Mitchell was the President .",1
19408,April became close to Bob Stevens and they began a relationship and eventually married .,Bobby became close to April Stevens and they began a relationship and eventually married .,1
24715,"ABC Books has released seven paperback novels , each based on a specific episode and from the perspective of a single character .","ABC Books has released seven popular book novels , each based on a single episode , and from the perspective of a particular character .",1
8065,"The branch codice 2 is updated daily , the codice 3 branch is updated every 6 months .","The codice _ 2 branch gets updated daily , and the codice _ 3 branch is updated for every 6 months .",1
8880,"After 1873 , as part of national banditry , he was covered by the social media .","After 1873 , he was covered by the social media as part of national banditry .",1
48957,"Peter Evatt was an Olympic rower , who became 1953 national sculling champion and represented Australia in rowing at the 1956 Olympic Games in Melbourne .",Peter Evatt was an Olympic rower who became a national skulling champion in 1953 and represented Australia while rowing at the 1956 Olympic Games in Melbourne .,1
47818,He began his political career as a Member of the Legislative Assembly ( MLA ) in Vaijapur Taluka in Shrirampur Taluka and then in Aurangabad District in Ahmednagar District .,He began his political career as a member of the Legislative Assembly ( MLA ) in Vaijapur Taluka in Shrirampur Taluka and then in the Aurangabad District in Ahmednagar District .,1
36581,It is a pathway from Hub Industrial Area to Orangi Town and followed by Nazimabad and North Karachi .,It is followed by a route from Hub Industrial Area to Orangi Town and from Nazimabad and North Karachi .,1
1842,"Triandos was referenced in the second episode of the third season of the HBO original series , `` The Wire '' .","Triandos was referenced in the second sequence of the third season of the HBO - original series , `` The Wire '' .",1
11915,This prayer and the following are said in a concelebrated fair by individual concelebrants .,"In a concelebrated Mass , this prayer and the following are said by individual concelebrants .",1
8095,"In computer - complexity theory , randomized polynomial time ( RP ) is the complexity class of problems for which a probabilistic turing machine exists with these characteristics :","In computational complexity theory , randomized polynomial time ( RP ) is the complexity class of problems for which a probabilistic Turing machine exists with these properties :",1
4033,"On June 30 , 2016 , Infante agreed to a Minor League Deal with the Braves and was released from the Atlanta Braves on August 16 , 2016 .","On June 30 , 2016 , Infante agreed to a Minor League Deal with the Atlanta Braves , which was released by the Braves on August 16 , 2016 .",1
21915,"To underscore this view , it is customary to say that the `` operations are '' or `` applied '' , rather than `` evaluated '' .","To underscore this view , it is customary to say that the operations are `` executed '' or `` applied '' , rather than `` evaluated '' .",1
46593,"Bal Bhavan private school is a public school located in Mayur Vihar Ph- II near DDA market Patparganj , Delhi-110091 .","Private school Bal Bhavan is a public school in Mayur Vihar Ph - II near DDA - market Patparganj , Delhi-110091 .",1
8361,"The aforementioned scientists , Adam , are : Pythagoras , Galileo Galilei , Nicolaus Copernicus , Isaac Newton , Nikola Tesla , Charles Darwin , and Albert Einstein","The mentioned scientists Adam adores are : Pythagoras , Galileo Galilei , Nicolaus Copernicus , Albert Einstein , Nikola Tesla , Charles Darwin and Isaac Newton .",1
14948,"Shamai Haber ( born February 15 , 1922 in Łódź , Poland ) was a sculptor who lived in Paris in 1995 and worked and died .","Shamai Haber ( born February 15 , 1922 , Łódź , Poland ) was a sculptor who lived and worked in Paris , France . He died in 1995 .",1
9646,"God does n't like uniformity , he likes the unity in diversity , a unity that does not exclude , he likes multitude of expressions and forms .","God does not like uniformity , he likes unity in diversity , a unity that does not exclude , he likes a multitude of expressions and forms .",1
33186,This was also the fifth series since the first to include a railroad consultant in the role as part of the production team with Sam Wilkinson .,"This also marked the fifth series since the first to include a railway consultant as part of the production team , with Sam Wilkinson in the role .",1
46502,"In 2016 , Naver 's webtoon service entered the Chinese market as XOY and the Japanese market as Dongman Manhua .","In 2016 , Naver 's Webtoon service entered the Chinese market as XOY and Dongman Manhua in the Japanese market .",1
4940,"His sons were Leon C. , Huntley N. and Rolland H. , of whom Huntley and Rolland would serve as governors of New Hampshire .","His sons were Leon C. , Huntley N. , and Rolland H. , whom Huntley and Rolland would serve as governors of New Hampshire .",1
21464,"Streisand and Columbia Records distributed `` ButterFly '' on October 1 , 1974 as their sixteenth studio album total , months after `` The Way We Were '' released .","Streisand and Columbia Records distributed `` ButterFly '' on October 1 , 1974 as her sixteenth studio album overall , released months after `` The Way We Were '' .",1
23521,"His parents were William Halderman ( 1822-1866 ) , a local businessman and miller , and Anna Hostetter Halderman ( 1828-1919 ) .","William Halderman ( 1822-1866 ) , a local businessman and Müller , and Anna Hostetter Halderman ( 1828-1919 ) were his parents .",1
17156,"Brown married Susie J. Clarke in Ayer , Massachusetts , on December 30 , 1888 .","Susie J. Clarke married Brown on 30 December 1888 in Ayer , Massachusetts , USA .",1
16313,"McKeithen , however , had supported Humphrey at the 1968 Democratic National Convention in Chicago .","However , McKeithen Humphrey had supported Humphrey at the Democratic National Convention in Chicago in 1968 .",1
28493,"He studied piano with Michael Dussek , and piano accompaniment with Hamish Milne and Nicholas Walker .","He studied piano with Michael Dussek , piano accompaniment with Hamish Milne and Nicholas Walker .",1
5856,Butler County is represented in the U.S. Senate by US Senators Roy Blunt ( Democrat ) and Claire McCaskill ( Republican ) .,Butler County is represented in the U.S. Senate by U.S . Senators Roy Blunt ( Democrat ) and Claire McCaskill ( Republican ) .,1
11950,"He was born in 1799 in Kingston , Toronto , and grew up in York .",He was born in Kingston ( Toronto ) in 1799 and grew up in York .,1
28777,Rockhampton was also the intersection of Central Western Line and the Emu Park Line .,Rockhampton was also the junction of the Central Western line and Emu Park line .,1
46602,"Other languages that were spoken at home included Mandarin 3.0 % , Cantonese 1.9 % , Greek 1.8 % , and Italian 1.7 % .","Other languages spoken at home included Mandarin 3.0 % , Cantonese 1.9 % , Greek 1.8 % and Italian 1.7 % .",1
13536,Kesova Gora is connected by local roads with Bezhetsk and Kashin . There are also paved roads .,"Kesova Gora is connected by local roads with Bezhetsk and Kashin , and there are also paved roads .",1
13332,The Nelson River flows from Playgreen Lake into Cross Lake and then flows from two channels to Lake Winnipeg .,The Nelson River flows into Cross Lake from Playgreen Lake then flows from two channels into Lake Winnipeg .,1
20003,"Five men died later , one was missing , and 25 were wounded , two of whom died instantly .","Later five men died , one missing and 25 were wounded , two of whom died immediately .",1
4231,"In his Karachi workshop , he paints in the open air and sketches his ideas on the ground .",In his Karachi workshop he paints in the open air and draws his ideas on the ground .,1
7271,"She married twice . The first time with Prince Antoni Lubomirski in 1749 , and the second time with Prince Kazimierz Poniatowski on 21 January 1751 .","She married twice , first in 1749 with Prince Antoni Lubomirski and the second time with Prince Kasimierz Poniatowski on January 21 , 1751 .",1
23269,The R335 is a Regional Route in Somerset East that connects Port Elizabeth from the south to South Africa to the north via Addo .,"The R335 is a regional road in Somerset East , which connects Port Elizabeth from the south to South Africa via Addo to the north .",1
9946,"According to the United States Census Bureau , the city is a total area of which land and , or 1.35 % has , is water .","According to the United States Census Bureau , the city has a total surface area of which is land and , or 1.35 % , is water .",1
15175,Dyadic natural males do not have the anatomy needed for human embryonic and foetal development .,Dyadic natural males do not have the anatomy needed for human embryonic and fetal development .,1
15671,"The Portneuf River is a long tributary of Marsh Creek at Bannock County , Idaho .","Portneuf River is a long tributary of the Marsh Creek in Bannock County , Idaho .",1
5496,"It was created by the Constitution of Afghanistan , which was approved on January 4 , 2004 .","It was created by the Constitution of Afghanistan , which was adopted on 4 January 2004 .",1
1798,"In many cases , the former burgh settlement would become a German suburb of the Slavic town ( `` Wiek '' , `` Wieck '' ) .","In many cases the former burgh settlement would be a German suburb of the Slavic town ( `` Wiek '' , `` Wieck '' ) .",1
32360,"The codice _ 2 branch gets updated daily , and the codice _ 3 branch is updated for every 6 months .","The branch codice 2 is updated daily , the branch codice 3 is updated every 6 months .",1
28676,"Big Sur 's album Notes is an album by Jazz - saxophonist Lloyd , which was recorded by Charles Lloyd in July 1993 with Bobo Stenson , Anders Jormin and Ralph Peterson .","Notes from Big Sur is an album by jazz saxophonist Lloyd recorded in July 1993 by Charles Lloyd with Bobo Stenson , Anders Jormin and Ralph Peterson .",1
3099,"STG officers directly support specialist tactical police in incidents , such as sieges , with operational , negotiation , intelligence and command support services .","STG officers support tactical police in incidents such as sieges , directly with operational , negotiating , intelligence and command support services .",1
24470,"At BHCC , Phillips Brooks preached his last sermon and his Christmas Carol `` O Little Town of Bethlehem '' had its first performance .",Phillips Brooks preached its last sermon at BHCC and its Christmas song `` O Little Town of Bethlehem '' had its first performance .,1
12051,Qaasuitsup ( old spelling : `` Nûluk '' ) is an uninhabited island in the Nuuluk Island municipality in northwestern Greenland .,Qaasuitsup ( old spelling : `` Nûluk '' ) is an uninhabited island in the municipality of Nuuluk Island in northwestern Greenland .,1
22715,"He later planted the movement in London , and then in Brooklyn , New York , and Monticello , New York .","He later replanted the movement in London , and then in Brooklyn , New York , and Monticello , New York .",1
5239,"The Nordiques signed free agent Tony Currie from the Toronto Maple Leafs , while they lost Blake Wesley , who signed with the Edmonton Oilers .","The Nordiques signed the Toronto Maple Leafs Free Agent Tony Currie while they lost Blake Wesley , who signed with Edmonton Oilers .",1
38762,Mons Mons Claudianus is situated in the eastern desert of Upper Egypt and was discovered by Wilkinson and Burton in 1823 .,"Mons Claudianus lies in the Eastern desert of upper Egypt , and was discovered in 1823 by Wilkinson and Burton .",1
2375,"It is licensed and published in Taiwan by Blu on May 8 , 2007 . The manga is licensed in North America by Sharp Point Press .","It is licensed and published in Taiwan by Blu on 8 May 2007 , and is licensed by Sharp Point Press in North America .",1
11672,"The names of Dingwall and Tingwall in Scotland , Thingwall in England , Tynwald on the Isle of Man and Tingvoll in Norway bear the same roots and meanings .","Dingwall and Tingwall in Scotland , Thingwall in England , Tynwald on the Isle of Man , and Tingvoll in Norway bear names of the same root and meaning .",1
46526,"The Justin Booker also hosts the podcast `` Chris is married , Booker is single '' with the comedian Justin Worsham .","Justin booker also hosts the podcast `` Chris is married , Booker is single '' with comedian Justin Worsham .",1
1080,There are no secondary schools in the island . The nearest are Thurstable School in Tiptree and Thomas Lord Audley School in Colchester .,"There are no secondary schools on the island , the nearest are Thurstable School in Tiptree and Thomas Lord Audley School in Colchester .",1
33884,He supported Walter Brennan in `` Maryland '' ( 1940 ) and John Barrymore in `` The Large Profile '' ( 1940 ) .,He supported Walter Brennan in `` Maryland '' ( 1940 ) and John Barrymore in `` The Great Profile '' ( 1940 ) .,1
49253,"In 2004 , Bessonova won the silver medal at the European Championships in 2004 .",Bessonova won the silver medal at the 2004 European Championships in 2004 .,1
474,"He was elected President of the Assam Football Association and the Assam Sports Council for several terms , and he was also Vice-President of the Assam Cricket Association .",He was elected President of the Assam Football Association and the Assam Sports Council for several terms ; he was also the Vice-President of the Assam Cricket Association .,1
39837,The different languages that are spoken across the Pacific and Indian Oceans are represented by the Austronesian Chamic group in MSEA .,"The divergent languages , spoken across the Pacific and Indian Oceans , are represented in MSEA by the Austronesian Chamic group .",1
38488,"Hopkins toured with the band for six months through England , the United States , and Japan .","For six months , Hopkins toured the band through Japan , the United States and England .",1
34043,DesAutels is the editor of several volumes in ethics and feminist psychology .,DesAutels is the editor of several volumes in moral ethics and feminist psychology .,1
28180,Alworth was chosen in the eighth round ( first overall ) of the 1962 NFL draft by the San Francisco 49ers .,Alworth was elected in the eighth round ( first overall victory ) of the NFL - draft in 1962 by the San Francisco 49ers .,1
45384,The small institutions they founded would not have seemed to them like universities -- they were tiny and did not offer the higher degrees in medicine and theology .,The tiny institutions they founded would not have appeared to them like universities -- they were small and did not offer the higher qualifications in medicine and theology .,1
24781,"Band moves to Williamsburg , Brooklyn ( NY ) .","Band moves to Brooklyn ( NY ) , Williamsburg .",1
48033,Neustadtl an der Donau is a city located in the district of Amstetten in Lower Austria in Austria .,Neustadtl an der Donau is a town in the district of Amstetten in Lower Austria in Austria .,1
4113,It is one of the only surviving round barns built in central Illinois and one of only two known in the state with glazed tiles .,It is one of the only surviving round barns in central Illinois and one of only two known in the state built with vitrified tile .,1
43553,`` Full Circle '' was produced by Birtles Shorrock Goble manager Paul Rodger and mixed by longtime supporter and friend Michael Costa at Stream AV Studios in Melbourne .,"`` Full Circle '' was produced by Paul Rodger , the manager of Birtles Shorrock Goble , and mixed by long-time supporter and friend Michael Costa at the Stream AV Studios in Melbourne .",1
37995,"Carpenter would later describe the script as `` too campy , too light '' .","Carpenter would describe the script as '' too campy , too light `` later .",1
26794,Alla Petrovna Tsuper ( born 16 April 1979 ) is a Belarusian ( until 2000 ) and Ukrainian ( since 2000 ) aerial skier .,"Alla Petrovna Tsuper ( born April 16 , 1979 ) is a Belarusian ( until 2000 ) and Ukrainian ( since 2000 ) flight skier .",1
10730,"In the 1988 miniseries `` Hemingway '' , starring Fiona Fullerton , Duff Twysden was played by Stacy Keach .","In the miniseries '' Hemingway `` of 1988 with Fiona Fullerton , Duff Twysden was played by Stacy Keach .",1
20442,Centered vertically on a green background is a white runway with white markings and the scarlet numerals `` 47 '' .,Vertically centered on a green background is a white runway with white markings and scarlet digits '' 47 `` .,1
47834,"Hugo Santana Páez ( born September 5 , 1967 ) is a former football manager and Mexican player .","Hugo Santana Páez ( born September 5 , 1967 ) is a former Mexican football manager .",1
2311,"Its signal covers Cundinamarca , Boyacá , Tolima , Amazonas , Meta , Huila , Casanare , Caquetá , Guaviare , Vaupés , Vichada , Arauca , and Putumayo .","Its signal covers Cundinamarca , Boyacá , Tolima , Huila , Casanare , Meta , Vichada , Arauca , Caquetá , Guaviare , Vaupés , Amazon and Putumayo .",1
16253,"According to the new doctrine , French principles should be observed , especially to protect the principle of `` freedom of action '' .","According to new doctrine , French principles should be observed , primarily to protect the principle of `` Freedom of Action '' .",1
36266,"Hugo Käch died on 31 December 2003 in Flurlingen , near Schaffhausen ( Switzerland ) .",Hugo Käch died on 31 December 2003 in Flurlingen near Schaffhausen .,1
727,A KWL chart can be used for all subjects in a whole group or small group atmosphere .,A KWL chart can be used for all subjects in a whole group or a small group atmosphere .,1
4617,"The completed action plan , published on 3 March 2006 , will be placed by other members of the Task Force directly in the hands of ministerial ministers .","The fully completed action plan , published on 3 March 2006 , is placed directly in the hands of ministers by other members of the task force .",1
38513,He was also a professor of history at BYU ( Brigham Young University ) .,He was also Professor of History at Brigham Young University ( BYU ) .,1
9070,"Wollheim wrote that Gay tries to understand Freud 's life and thought , including only as much of Freud 's thoughts as necessary to integrate his life .","Wollheim wrote that Gay tries to understand Freud 's life and thought , including only as much of Freud 's thought as necessary to integrate his life .",1
34223,Veymandoo Kandu is the channel between Thaa Atoll and Laamu Atoll of the Maldives .,Veymandoo Kandu is the channel between the Thaa Atoll and Laamu Atoll of the Maldives .,1
20031,"Weslandia is a Newbery Medal winner of the children 's book , Kevin Hawkes , with illustrations by Paul Fleischman .","Weslandia is a children 's book Newbery Medal winner Kevin Hawkes , with illustrations by Paul Fleischman .",1
42604,"The crew consisted of Doncho Papazov , Julia Papazova , their five-year-old Yana , Simeon Idakiev , Boris Siriyski , Rumen Kostov and Peter Andonov .","The crew consisted of Doncho Papazov , Julia Papazova , their 5-year old daughted Yana , Simeon Idakiev , Peter Andonov , Rumen Kostov and Boris Siriyski .",1
2842,"Femi 's musical career began when he started playing in his father 's band , Egypt 80 .","Femi 's musical career started when he began playing in his father 's band , Egypt 80 .",1
20190,The Indian reserves of the first peoples of Okanagan also form identifiable communities :,The Indian reserves of the Okanagan first peoples also form identifiable communities :,1
904,"Subsequently , Air New Zealand certified the General Electric FANS-1 package , and United Airlines certified the Pratt & Whitney FANS-1 package .",Air New Zealand then certified the General Electric FANS-1 package and certified the Pratt & amp ; Whitney FANS-1 package to United Airlines .,1
21027,"On 6 December 1805 , Jem Belcher defeated Pierce Egan in a Championship decider ( a fight reported in Pearce 's first volume of `` Boxiana '' ) .","On 6 December 1805 , Jem Belcher defeated Pierce Egan in a championship decision ( a battle reported in Pearce 's first volume of `` Boxiana '' ) .",1
17414,"Alisa Kleybanova won 6 -- 3 , 6 -- 2 against Elena Dementieva in the finals .","Alisa Kleybanova won in the final 6 -- 3 , 6 -- 2 , against Elena Dementieva .",1
5756,"In 2001 , Sir Frank Williams brought Michael to Williams as Senior Operations Engineer .","In 2001 , Sir Frank Williams brought Michael Senior Operations Engineer to Williams .",1
28985,`` m '' represents the number of edges and `` n '' is the number of vertices .,`` m '' representing the number of edges and `` n '' is the number of vertices .,1
9567,William Middleton ( or William de Middleton ; died on 31 August or 1 September 1288 ) was a medieval bishop of Norwich .,William de Middleton ( or William Middleton ; died 31 August or 1 September 1288 ) was a medieval Bishop of Norwich .,1
26153,"On 15 September 2015 , Johnson signed with the Romanian team SCM CSU Craiova , Johnson signed with the Polish team Stal Ostrów Wielkopolski on 17 July 2016 .","On September 15 , 2015 , Johnson signed with Romanian team SCM CSU Craiova . On July 17 , 2016 , Johnson signed with Polish team Stal Ostrów Wielkopolski .",1
42284,"Note that this last bracket is an anti commutator , not a commutator , because both generators are odd .","Note that this last bracket is an anticommutator , not a commutator , because both generators are odd .",1
48634,"It was published in 1985 by Kids Can Press , and printed by Everbest in Hong Kong .",It was published by Kids Can Press in 1985 and was printed by Everbest in Hong Kong .,1
257,"The festival 's main partners are UBS , Manor , Heineken , Vaudoise Assurances and Parmigiani Fleurier .","The main partners of this festival are Parmigiani Fleurier , Manor , Heineken , Vaudoise and UBS .",1
11907,The cast list gives a first performance date after Tooley joined the company in the spring of 1619 and before the death of Taylor in June 1623 .,"The cast list indicates a date of first performance after Tooley joined the company in the Spring of 1619 , and before Taylor 's death in June 1623 .",1
12198,"He was released by Chicago Rush on November 14 , 2002 , and was signed by the Rush on March 31 , 2003 .","Muagututia was released by the Chicago Rush on November 14 , 2002 . He was signed by the Rush on March 31 , 2003 .",1
17241,It also has representation at the local and regional level .,It also has a representation at regional and local level .,1
28741,"They beat Berkshire 21 -- 15 , then Buckinghamshire 21 -- 32 and Oxfordshire 0 -- 36 before losing 58 -- 10 to Gloucestershire in the quarter finals .","They beat Berkshire 21 -- 15 , then Buckinghamshire 21 -- 32 and Oxfordshire 0 -- 36 , before losing against Gloucestershire in the quarter-finals 58 -- 10 .",1
43002,"On December 30 , 1888 , Susie married Clarke Brown in Ayer , Massachusetts .","Brown married Susie J. Clarke in Ayer , Massachusetts , on December 30 , 1888 .",1
42108,"`` White Teeth Teens '' was also performed in the show , but was shown online only .","`` White Teeth Teens '' was also performed on the show , but was only shown online .",1
32274,"He had trials with English Premier League teams Manchester United and Sunderland in November 2014 , and then again with Leicester City in January 2015 .",He has had tests with the English Premier League - Teams Manchester United and Sunderland in November 2014 and then again with Leicester City in January 2015 .,1
12485,"`` Espoir '' lost her master wounded , and had six men killed , of whom two were badly wounded .","`` Espoir '' lost her master wounded and killed six men , two of whom were seriously wounded .",1
39253,"Barbara Rogowska , known as Barbara Kwarc ( born June 19 , 1953 ) is a Polish actress , comedian and celebrity .","Barbara Rogowska , known as Barbara Kwarc ( born June 19 , 1953 ) is a Polish comedian actress , comic and celebrity .",1
11222,Carter Brown referred to Rhodes Tavern as '' the missing tooth in the smile of 15th Street `` .,J. Carter Brown referred to Rhodes Tavern as : `` the missing tooth in the smile of 15th Street . '',1
3418,"With support from the Rockefeller Foundation and the Carnegie Foundation , Carter contributed .",Carter countered with support from the Carnegie Foundation and the Rockefeller Foundation .,1
13261,"This is the infinite example : the unit group of ( the ring of integers of ) a real quadratic field recovers above of rank 1 , since formula _ 7 .","This is the infinite example : the unit group of ( the ring of integers ) of a real square field recovers above rank 1 , as Formula 7 .",1
1333,"In March 1799 Captain David Lloyd replaced Boyle , and sailed `` Hyaena '' for the Mediterranean on 4 March .","In March 1799 , Captain David Lloyd replaced Boyle and sailed on 4 March with `` Hyaena '' towards the Mediterranean .",1
10053,"Wine Country is located in the Cloverdale , as part of the Alexander Valley AVA .","Wine Country is located in the Cloverdale , being part of the Alexander Valley AVA .",1
31788,He also wrote and founded the Imprenta Rosario where he and his family published several newspapers .,"He wrote and established the Imprenta Rosario , where he and his family published several newspapers .",1
43057,"By a majority of 69.18 % , the Greeks decided against a parliamentary monarchy and for a constitutional republic .",The Greeks decided by a 69.18 % majority against a parliamentary monarchy and for a constitutional republic .,1
12614,The joint management of the memorial by the United States Navy and the National Park Service was founded on 9 September 1980 .,The joint management of the memorial was founded by the National Park Service and the United States Navy on 9 September 1980 .,1
14468,Song Pha was now connected by the once broken Da Lat -- Thap Cham Railway to the Vietnamese railway network .,Song Pha was now connected to the Vietnamese railway network by the once-defunct Da Lat -- Thap Cham Railway .,1
31000,The terminal was built by Legend Airlines and was later used by Legend Airlines and Delta Connection/Atlantic Southeast Airlines .,The terminal was built by Legend Airlines and was later used by Legend Airlines and Delta Connection / Atlantic Southeast Airlines .,1
46645,"Expected Exposure ( EE ) is used similarly to the PFE , except that the average instead of a certain quantile is defined .","The Expected Exposure ( EE ) is used similarly to the PFE , except that the average is defined instead of a specific quantile .",1
2945,"On this penultimate New 52 Earth is Mars - Manhunter a member of Superman 's repressive authoritarian global tyrants of the Justice League , the `` Justice Lords '' .","On this penultimate New 52 alternate Earth , the Martian Manhunter is a member of Superman 's repressive authoritarian Justice League global tyrants , the `` Justice Lords '' .",1
22770,"In Havana , another series between Cincinnati Reds and Boston Red Sox was played .",Another series was played in Havana between Boston Red Sox and Cincinnati Reds .,1
33575,"Denco is a former settlement in Colusa County , California , north of Colusa on the Southern Pacific Railroad .","Denco is a former settlement in Colusa County , California , north of Colusa on Southern Pacific Railroad .",1
31192,They finished the season 10 -- 2 OVC and 7 -- 0 in total to win the conference championship .,They finished the season 10 -- 2 OVC and 7 -- 0 in overall play to win the conference championship .,1
6952,"Two of these hostels are located in Delhi , each in Pune and Pimpri , near Mumbai .","Two of these four hostels are located in Delhi , one each in Pune and Pimpri near Mumbai .",1
44940,Methods of algebraic geometry provide the following parameterization of Fermat 's cubic :,Methods of algebraic geometry enable the following parameterization of Fermat 's cubic :,1
36498,Four ships of the United States Navy were named in honor of Captain Biddle Nicholas Biddle .,"Four ships of the United States Navy have been named Nicholas Biddle , in honor of Captain Biddle .",1
47739,His international English feature film `` Déjàvu '' with British actors premiered at the 54th Locarno International Film Festival .,His international English feature film `` Déjàvu '' with British actors premiered at the 54th International Film Festival in Locarno .,1
38887,"Between 2001 and 2005 , BodyMedia provided healthcare professionals with behavioral assessment and metabolic therapy products for the treatment of obesity , diabetes , and CVD .","Between 2001 and 2005 , BodyMedia provided healthcare professionals with behavioral assessment and metabolism - treatment products for the treatment of obesity , diabetes , and CVD .",1
41839,The initial plan was to promote Paul Collingwood to the now vacant opening position - Schlagmann - position and to include Mark Butcher in the middle order .,"The initial plan was to promote Paul Collingwood to the now vacant opening batsman position , and include Mark Butcher in the middle order .",1
31871,Gesine Schwan celebrated her second wedding with the long-time companion Peter Eigen in Berlin in 2004 .,"In 2004 , Gesine Schwan celebrated her second wedding with longtime companion Peter Eigen in Berlin .",1
1776,"The radical party of the people ( Narodna radikalna stranka ) was founded as a radical party in 1881 , but from 1919 it developed into a conservative direction .",The People 's Radical Party `` ( Narodna radikalna stranka '' ) was founded in 1881 as a radical party but from 1919 it evolved into a conservative direction,1
28451,"We believe that Jesus Christ was born of the Holy Ghost and received by the Virgin Mary , and is true God and true man .",We believe that Jesus Christ was born by the Holy Spirit and conceived of the Virgin Mary and is true God and true man .,1
43470,"Valentine Wagner 's mother was born Princess Elisabeth Bagration , a member of the same family as Princess Leonida .","Valentine Wagner Wagner 's mother was born Princess Elisabeth Bagration , a member of the same family as Princess Leonida .",1
2844,"Name is the unique marker name , and format string describes the types of remaining arguments .","Where name is the marker 's unique name , and format _ string describes the remaining arguments ' types .",1
26589,Jenna Bartholemew ( born 10 August 1988 ) is a South African born Canadian woman cricketer .,"Jenna Bartholemew ( born August 10 , 1988 ) is a Canadian South African cricketer .",1
7839,Now to find the indifference bid price solve for formula _ 31,Now you find the bid price indifference solve for Formula 31,1
4710,"He was twice married to Elizabeth Dettlaff and Annie Kowalkowski , and had three daughters .","He was twice married to Annie Kowalkowski and Elizabeth Dettlaff , and had three daughters .",1
35840,"Doe Deer was written by Ethan Kath , with additional recording from Matthew Wagner .","Doe Deer was written by Ethan Kath , with additional recording by Matthew Wagner .",1
4779,It is located north of Altha and east of Blountstown on the west bank of the river Apalachicola .,It is located north of Altha and east of Blountstown on the west bank of the Apalachicola River .,1
18502,He was also a mechanic in Freddie Spencer 's team when Spencer won the 500cc World Championship title in 1985 .,He was also a mechanic on Freddie Spencer 's team when Spencer won the 500cc World title in 1985 .,1
27140,"Lukaszuk has two daughters , one with his current wife , news speaker Stacey Brotzel CTV Edmonton and one with his previous wife .","Lukaszuk has two daughters , one with his current wife , news anchor Stacey Brotzel CTV Edmonton and one with his previous wife .",1
46506,"Small Celypha - rufana , small name lakes marble , is a common moth kind of the family Tortricidae , long under the junior - synonym `` C. rosaceana `` known .","Celypha rufana , small name lakes marble , is a common moth species of the family Tortricidae , long known under the junior synonym `` C. rosaceana '' .",1
15297,Her husband went to England and died in 1804 in Europe .,Her husband continued to England and died in Europe in 1804 .,1
17883,"In April 2013 , when the Air Italy merger was completed , Meridiana Fly returned to its former , shorter name , `` Meridiana '' .","In April 2013 , when the merger was completed with Air Italy , Meridiana Fly returned to its former , shorter name `` Meridiana '' .",1
2337,"Due to volatile prices and high capital costs , few deposits without subsidies can be exploited economically .",Due to the volatile prices and high capital costs few deposits can be exploited economically without subsidies .,1
23301,"It originally grew around the copper mine at Kilembe , while attention later turned to cobalt mining .","It originally grew around the copper mine at Kilembe , while attention later turned on cobalt mining .",1
6948,"Ranjit Singh appointed a governor to manage the newly conquered area , which was expanded in 1819 with the annexation of Kashmir by a Sikh troop .",Ranjit Singh appointed a governor to administer the newly conquered area which was expanded in 1819 with the annexation of Kashmir by a Sikh force .,1
10725,"For each fixed number , it is possible to decide in polynomial time whether the subchromatic number of interval and permutation graphs is at most r .","For every fixed integer r , it is possible to decide in polynomial time whether the subchromatic number of interval and permutation graphs is at most r .",1
25451,The PacifiCats were designed by Philip Hercus from Vancouver and Robert Allan Limited of Australia .,The PacifiCats were designed by Philip Hercus of Vancouver and Robert Allan Limited of Australia .,1
32314,"John Mozeliak is the President of Baseball Operations , Mike Girsch is the general manager and Mike Matheny is the manager .","John Mozeliak is the president of the Baseball Operations , Mike Girsch is General Manager and Mike Matheny is the manager .",1
9868,"In 2011 , the H. W. Wilson Company took over EBSCO Publishing .","In 2011 , H. W. Wilson Company took over EBSCO Publishing .",1
20547,Others who were interviewed came to America but were born elsewhere .,"Others who were interviewed came to America , but they were born elsewhere .",1
5162,Suman Chatterjee recorded several albums between 1992 and 1999 under the name of Suman Chattopaddhyay or Kabir Suman .,"Suman Chatterjee , recorded a number of albums between 1992 and 1999 under the name Suman Chattopaddhyay or Kabir Suman .",1
24311,"John M. Work was born January 3 , 1869 , in rural Iowa in Southeastern Washington County , the son of John H. Work , a farmer .","John M. Work was born on January 3 , 1869 in rural Iowa in southeastern Washington County , the son of John H. Work , a farmer .",1
11725,"The petal tube is white to lilac-coloured , blue or purple , with lines of yellow-brown spots inside the tube .","The flower petal tube is white to purple , blue or purple , with lines of yellow-brown spots inside the tube .",1
8082,"Danny Olsen ( born June 11 , 1985 ) is a Danish football professional . He is the twin brother of Kenni Olsen , the current assistant to Herlev IF .","Danny Olsen ( born 11 June 1985 ) is a Danish professional footballer . He is the twin brother of the current Herlev IF assistant coach , Kenni Olsen .",1
27903,The North Fork Republican River is a tributary of the Republican River .,The North Fork Republican River is a flow of the Republican River .,1
47802,"The dividends have increased the entire `` real '' return on the average equity to double , about 3.2 % .","The dividends have increased the total `` real '' return on average equity to the double , about 3.2 % .",1
46848,"According to Hernandez , TNA wanted to create a more Mexican stable , but Hernandez refused to use stereotyped jargon , so gave TNA the promos to Anarquia .","According to Hernandez , TNA wanted to create a more Mexican stable , but Hernandez refused to use stereotypical jargon , so TNA gave the promos to Anarquia .",1
30678,This is negative for all non-negative Formula 63 if both have such rooms a metric type .,This is negative for all non-negative formula 63 if both such spaces have metric type .,1
4261,He lived in Italy for ten years and won the classic Bardolino race in Turin for six years in a row from 2001 to 2006 .,"Living in Italy for ten years , he won The Bardolino classic race in Turin , Italy for six years in a row , from 2001 to 2006 .",1
26829,"She previously played for HJK , FC Honka and Åland United of the Finnish Naisten Liiga , as well as for Danish club Fortuna Hjørring .","Previously , she played for Åland United , the FC Honka and HJK of the Finnish Naisten Liiga as well as the Danish club Fortuna Hjørring .",1
40175,"At its mouth at Lake Ontario , the river divides the City of Oswego just as it divides the City of Fulton a few miles upstream .","At its mouth at Lake Ontario , the river shares the city of Oswego , just as it shares the city of Fulton with a few miles upstream .",1
810,"At the age of nine , he appeared in his first concert and since then he has appeared alone or with his aunt and uncle in all parts of France .","Garcia appeared in his first concert at the age of nine , and since then he performed alone or with his aunt and uncle in all parts of France .",1
16205,"The Portishead Times is a weekly free newspaper delivered to households in Portishead and the surrounding villages of North Somerset , England .","The Portishead Times is a weekly free newspaper delivered to homes in the Portishead and surrounding villages area of North Somerset , England .",1
34358,"Although Fresnel did not know that light waves are electromagnetic , he managed to construct the world 's first coherent theory of light .","Although Fresnel did not know that light waves are electromagnetic , he managed to construct the first coherent light theory in the world .",1
5776,The eastern part of Indian Lake is located in western Richland Township .,The eastern part of Indian Lake is township in the western Richland .,1
7742,He said in December 2007 that the presidential majority would present joint lists for the 2008 local elections .,"In December 2007 , he said that the presidential majority would present common lists for the local elections in 2008 .",1
16143,"Shortly after Ellis ' birth , Sandra became aware that a previous diagnosis of a hernia was wrong .","Shortly after Ellis 's birth , Sandra became aware that a previous diagnosis of a hernia was incorrect .",1
39261,The Swiss Federal Assembly and the Swiss Federal Council have recommended that the initiative be rejected .,The Swiss Federal Council and the Swiss Federal Assembly have recommended that the initiative be rejected .,1
13523,Like many aspects of Islamic ivory this reflects the Byzantine traditions Islam inherited .,"Like many aspects of Islamic ivory , this reflects the Byzantine traditions that inherited Islam .",1
15168,"English also has many words , such as '' zillion `` , which are used informally to mean large but unspecified amounts , see indefinite and fictitious figures .","English also has many words , such as `` zillion '' , used informally to mean large but unspecified amounts ; see indefinite and fictitious numbers .",1
5558,Jack Cross was a comic book series written by Gary Erskine and drawn by Warren Ellis . It was first published by DC Comics in 2005 .,Jack Jack Cross was a comic series written by Gary Erskine and drawn by Warren Ellis . It was first published by DC Comics in 2005 .,1
24119,"Outhgill is a hamlet in Mallerstang , Cumbria , situated about 5 miles south of Kirkby Stephen .","Outhgill is a hamlet in Mallerstang , Cumbria . It lies about 5 miles south of Kirkby Stephen .",1
19884,"The medicine with the best evidence is lithium , which is an effective treatment for bipolar episodes , preventing relapses and acute manic depressions .","The medication with the best evidence is lithium , which is an effective treatment for bipolar episodes , preventing relapses and acute manic depression .",1
37832,`` Soul Sound '' received mixed positive reviews from critics .,`` Soul Sound '' received positive to mixed reviews from critics .,1
22193,The Swiss teacher Jürgen Reichen ( progressive education ) founded this `` writing to read '' method 1982 .,"In 1982 , the Swiss teacher Jürgen Reichen ( progressive education ) founded this method `` Writing to read '' .",1
47532,"In the third place , Gaughan was second with 9,264 votes ( 34.5 % ) , Calvaneso with 1,362 votes ( 4.9 % ) .","In third place was Gaughan with 9,264 votes ( 34.5 % ) , and Calvaneso placed second with 1,362 votes ( 4.9 % ) .",1
3228,"A voltage is registered in these cells , which is induced electronically .","In these cells , a voltage is registered that is induced electronically .",1
31569,"Warrington died in London on 10 February 1906 , and his will was proven on 29 March in Brentford , Middlesex .","Warrington died on 10 February 1906 in London , and his will was proved on 29 March in Brentford , Middlesex .",1
40870,"Statue of Ma.Po.Si in Tyagaraya Nagar in 2011 ( T. Nagar , Chennai )","Statue of Ma.Po.Si 2011 unveils in Chennai ( T. Nagar , Tyagaraya Nagar )",1
11368,"Kiss Country plays a mix of modern and older country music , with greater emphasis on current artists .","Kiss Country plays a mix of modern and older country music , with more emphasis on current artists .",1
27263,The maintenance of the critical project would be the entire duration of the overall path for the project .,The lead of the critical project would be the entire duration of the overall path for the project .,1
47091,"Orlando is a super-regional shopping mall located in Altamonte Mall , a suburb of Altamonte Springs , Florida .","Orlando is a super-regional shopping mall located in Altamonte Mall , a suburb of Altamonte Springs , Florida , United States .",1
13560,The `` longitudinal '' derivative in the Laplacian can further be reduced by considering only functions of the form,The `` longitudinal '' derivation in Laplacian can be further reduced by only considering functions of the form .,1
23506,The second section dealt with official intercourse between the two empires and specified the extraterritorial privileges of British subjects in China .,The second section dealt with official transport between the two riches and specified the extraterritorial privileges of British subjects in China .,1
23679,"Cartman regards Connor as a separate entity and has talks with him , while Stan and Kyle do not accept this idea at all .","Cartman regards Connor as a separate entity and has conversations with him , while Stan and Kyle do not accept this idea at all .",1
31078,"It includes all of Douglas County , which includes Sarpy County , and the western areas of suburban Omaha .","It includes all Douglas county , which includes Sarpy County , and the western areas of suburban - Omaha .",1
8215,"He became a prestigious canon , a regular poet in the Latin language , under the name of Santolius Victorinus writing .","He became a respected canon . He was a regular poet in the Latin language , writing under the name of Santolius Victorinus .",1
39191,"Caspar David Friedrich was born on 5 September 1774 , in Greifswald , Swedish Pomerania , on the Baltic coast of Germany .","Caspar David Friedrich was born on September 5 , 1774 in Greifswald , Sweden , Pomerania , on the Baltic coast of Germany .",1
25057,"The Legacy of the Aldenata , also known as the Posleen War Series , is the military universe of one of John Ringo 's fictional science fiction series .","The heritage of the Aldenata , also known as the Posleen War Series , is the military universe of one of the fictional science - fiction - series by John Ringo .",1
34772,"Other languages spoken at home include Mandarin 4.0 % , Spanish 1.8 % , Greek 1.7 % , Russian 1.6 % and Cantonese 1.3 % .","Other languages spoken at home included Mandarin 4.0 % , Spanish 1.8 % , Greek 1.7 % , Russian 1.6 % and Cantonese 1.3 % .",1
42342,Under the rule of the latter the newly founded Marienberg Abbey was recruited with monks from Ottobeuren .,"Under the rule of the latter , the newly founded Monastery of Marienberg was recruited with monks from Ottobeuren .",1
46350,History attracted widespread attention from the mainstream - media and social media .,The story attracted widespread attention from mainstream media and social media .,1
33459,"During three days of riots in Monrovia in October 2004 , nearly 400 people were killed and 15 wounded .","During the three days of riots in Monrovia in October 2004 , nearly 400 people were killed and 15 wounded .",1
33344,Eight Hornets were also deployed from Perth to RAAF Base Pearce in October 2011 to protect the CHOGM meeting in nearby Williamstown .,"In October 2011 , eight horns were also sent from Perth to RAAF Base Pearce to protect the CHOGM meeting in nearby Williamstown .",1
33038,"Fish species of the parks rivers and lakes are Sperchios barbel , Greek chub , Sperchios spirlin , Macedonian trout and probably the endangered Marathon minnow .","Fish species of the parks rivers and lakes are Sperchios Barbel , Greek Dobel , Sperchios spirlin , Macedonian trout and probably the endangered Marathon Minnow .",1
49280,Sixteenth Air Force inactivated and Third Air Force took over the new role as Warfighting Headquarters for the USAFE .,Sixteenth Air Force inactivated and Third Air Force assumed the new role as the Warfighting Headquarters for USAFE .,1
42268,"She reached Melbourne on January 4 , 1891 , was later this month sold to the government of New South Wales and then towed to Sydney .","She reached Melbourne on 4 January 1891 , was sold later that month to the New South Wales Government , then towed to Sydney .",1
2195,The 2009 - 2010 National Hockey League season was the 17th season of operation ( 16th season of play ) for the Anaheim Ducks franchise .,The season 2009-2010 National Hockey League was the 17th season of the operation ( 16th season of the game ) for the Anaheim Ducks franchise .,1
36182,"In 1942 , Breton collaborated with artist Wifredo Lam on the publication of Breton 's poem `` Fata Morgana '' , which was illustrated by Lam .","In 1942 , Breton collaborated with the artist Wifredo Lam on the publication of Breton 's poem `` Fata Morgana '' , illustrated by Lam .",1
18425,Amata hyalota is a kind of moth of the family Erebidae It is found in Australia ( Queensland ) .,Amata hyalota is a sort of moth of the family Erebidae It is found in Queensland ( Australia ) .,1
43206,"Elena Timina ( born 8 May 1969 ) is a Russian-born Dutch professional table tennis player . She was born in Moscow , Soviet Union .","Elena Timina ( born May 8 , 1969 ) is a Russian - Dutch professional table tennis player , born in Moscow , Soviet Union .",1
48995,"Jonas Björkman and Todd Woodbridge won in the final 6 -- 3 , 6 -- 4 , against Wayne Black and Kevin Ullyett .","Jonas Björkman and Todd Woodbridge won against Wayne Black and Kevin Ullyett at 6 : 3 , 6 : 4 in the final .",1
28043,The sheep are being sacrificed and the meat is given to relatives and neighbours and is distributed to the poor .,The sheep are sacrificed and meat is distributed to relatives and neighbours and distributed to the poor .,1
38532,`` P. seippi '' should be planted in pairs in a well located terrarium .,`` P. seippi '' should be planted in pairs in a well housed terrarium .,1
44598,"The last game in which he represented Poland was held in Dublin on November 13 , 1938 ( Ireland - Poland 3-2 ) .","The last game in which he represented Poland was held in Dublin , on November 13 , 1938 ( Ireland-Poland 3-2 ) .",1
8500,"The first DVD recording of the band , filmed in March 2010 at the Y Theatre in Leicester , was released in January 2011 .","The band 's first DVD recording , filmed at the Y Theatre in Leicester in March 2010 , was released in January 2011 .",1
10243,He is supporting Walter Brennan in `` Maryland '' ( 1940 ) and John Barrymore in `` The Great Profile '' ( 1940 ) .,He supported Walter Brennan in `` Maryland '' ( 1940 ) and John Barrymore in `` The Great Profile '' ( 1940 ) .,1
18289,One example comes from the treatment of black women and transsexual women in prison .,One example comes from the treatment of black women and transgender women in prison .,1
15769,"The city is situated on the main road between Mogadishu and Jilib , near Barawa and about 50 miles northeast of Kismayo .","The city is situated on the main road between Mogadishu and Jilib , near Barawa and about 80 kilometers northeast of Kismayo .",1
4932,"It was the first album by Carol Emanuel , Bill Frisell , and Kenny Wollesen who would become known as The Gnostic Trio .","It was the first album of Carol Emanuel , Bill Frisell and Kenny Wollesen , who had become known as The Gnostic Trio .",1
23317,"Hickman County is part of the Nashville -- Davidson -- Murfreesboro -- Franklin , TN Metropolitan Statistical Area .","Hickman County is part of the Metropolitan Statistical Area Nashville - Davidson - Murfreesboro - Franklin , TN .",1
27323,The `` Friends of the Art and Design School of Putney '' promotes the school and protects the interests of the current students .,The `` Friends of Putney School of Art and Design '' promotes the School and protects the interests of current students .,1
48920,"Members of the G.723.1 patent pool are Nokia , the Université de Sherbrooke , the Nippon Telegraph and Telephone Corporation , AudioCodes and France Telecom .","Members of the G.723.1 patent pool are AudioCodes , France Telecom , Université de Sherbrooke , Nippon Telegraph and Telephone Corporation and Nokia .",1
8275,"In July 2013 , Lone Star Comics sold off three of their five remaining stores in Plano , Hurst and Mesquite .","In July 2013 , Lone Star sold comics three of their five remaining stores in Mesquite , Hurst and Plano .",1
18333,"Robert Maass was born in East Orange , New Jersey , to German immigrants Hedwig and Clara Maass .","Robert Maass was born in East Orange , New Jersey , to Hedwig and Clara Maass , German immigrants .",1
7190,"It is better expressed as a cultural liberal bias `` , while former BBC director Roger Mosey classified it as '' liberal defensive. ``","It is better expressed as a culturally liberal bias '' , while the former BBC - director Roger Mosey classified it as a `` liberal defensive '' .",1
42016,"The total production of 483,593 units , was shortly beaten by its predecessor , the 9000 , of which 503,000 were built .","The total production of 483,593 units was narrowly beaten by the predecessor , the 9000 , of which 503,000 were built .",1
18872,"Then , IBF officially enforced Lucian Bute as Carl Froch 's number one mandatory .",Then IBF Lucian Bute was officially enforced as Carl Froch 's number one .,1
46267,"Elizabeth Warren is the former US Senator from Massachusetts , a senior member of the Democratic Party and currently a member of the Republican Party .","Elizabeth Warren is the former United States Senator from Massachusetts , a senior member of the Democratic Party and currently a member of the Republican Party .",1
46359,"`` It is not our aim to produce degree holders , but to enlighten well-educated and produce people . ''","`` It is not our aim to produce graduates , but to enlighten and produce well-educated people .",1
31363,"The following night on `` Raw '' , Shawn Michaels interrupted Daivari and Hassan during a promo .","The following night on `` Raw '' , Shawn interrupted Michaels Daivari and Hassan during a promo .",1
49310,Jalari is one of the villages of Hamirpur in India .,"Jalari is one of the villages in Nadaun of Hamirpur , India .",1
49134,"The Company currently manages multi-strategy funds , dedicated credit funds , including opportunistic credit funds and Institutional Credit Strategies products , real estate funds and other alternative investment vehicles .","The company currently manages multi-strategy funds , specialised credit funds , including opportunistic credit funds and institutional credit strategies - products , real estate funds and other alternative investment forms .",1
18377,It is well known as the place where Friedrich Schiller worked on the second act of Don Carlos and wrote his first edition of the famous Ode to Joy .,It is known as the place where Friedrich Schiller worked on the second act of Don Carlos and wrote his first edition of the famous Ode to Joy .,1
12373,"In 1941 , Ruth Stuber married Armand L. Jeanne ( b .",Ruth Stuber married Armand L. Jeanne ( b . 1941 ) .,1
38200,She married Antonio Bourque and first lived in Moncton before returning to Villa Providence in Shediac .,"She married Antonio Bourque , and first lived in Moncton before retiring to Villa Providence in Shediac .",1
41000,"The SSSI has an area of 190.3 hectares , while the SAC has 168.3 hectares .","The SSSI has an area of 190.3 hectares , while the SAC comprises 168.3 hectares .",1
16760,The band appears in the video alongside British comic actors Jo Guest and Sara Stockbridge and model Matt Lucas .,The band appears in the video next to the British comic actors Jo Guest and Sara Stockbridge and Model Matt Lucas .,1
20493,Landscape is an album by pianist Kenny Barron which was recorded in 1984 and first released on the Japanese Baystate label .,"Landscape is an album by pianist Kenny Barron , which was recorded in 1984 and was first released on the Japanese label Baystate .",1
36981,"The project was developed by Murphy and DeSanto in 2003 , and DeSanto wrote a treatment .","Murphy and DeSanto developed the project in 2003 , and DeSanto wrote a treatment .",1
5095,"Thimilarmadam is a small town in Sri Lanka , within the northern province .",Thimilarmadam is a small town in Sri Lanka 's northern province .,1
12690,She worked on processes of chemical extraction of metal complexes and described the chemical and physical properties of solvent species in an organic solvent .,She worked on processes of chemical extraction of metal complexes and described the chemical and physical properties of solvent types in an organic solvent .,1
2292,In 1925 her series of illustrated crossword puzzles for children was syndicated in several newspapers .,Her series of illustrated crossword puzzles for children was published in several newspapers in 1925 .,1
20406,The NBA season 1988 -- 89 was the 43rd season of the National Basketball Association .,The season 1988 -- 89 National Basketball Association was the 43rd NBA season .,1
10390,environment that tells a message `` m '' and then chooses `` C '' to act as prescribed,Environment that shares a message `` m '' and then chooses '' C `` to act as prescribed .,1
2026,"There are conditional compilation options to remove the requirement for a 64-bit capable compiler , since many compilers do not support 64-bit arithmetic for microcontrollers and DSPs .",Conditional compilation options exist to remove the requirement for a 64-bit capable compiler as many compilers for microcontrollers and DSPs do not support 64-bit arithmetic .,1
43214,"Also the caterpillars of the Engrailed - Moth ( `` Ectropis crepuscularia '' ) , a polyphagic geometer - Moth , feed on Purple Loosestrife","Caterpillars of the engrailed moth ( `` Ectropis crepuscularia '' ) , a polyphagous geometer moth , also feed on Purple Loosestrife .",1
5402,The River Mouca ( or Moca River ) is a tributary of the Salcia River in Romania .,The Mouca River ( or Moca River ) is a tributary of the Salcia River in Romania .,1
7072,"He had been in the state playing for Melbourne , but moved to Victoria in 1925 and appointed New Town .",He had been in the state playing for Melbourne but in 1925 moved to Victoria and lined up for New Town .,1
43407,"Own . Was followed by the third film in the trilogy , `` Aztec Revenge '' .","This was followed by the third film in the trilogy , `` Aztec Revenge '' .",1
21699,"Droughts in summer are frequent , but erratic .","Summer droughts are frequent , but erratic .",1
24837,"The freighter that took Jaime from Ponta Delgada to Canada in the first episode , was CGI : the design was finalized in 3D and made in post-production .",The freighter that brought Jaime in the first episode from Ponta Delgada to Canada was CGI : the design was completed in 3D and made in the post-production .,1
26071,"In 1914 the south aisle was added by Alfred Shuttleworth , paid for by Temple Lushington Moore , at the same time the Rood Screen was added .","In 1914 , the southern ship was added by Alfred Shuttleworth , paid for by Temple Lushington Moore , while the Rood Screen was added at the same time .",1
41718,"Ruth Page , Elise Reiman ( Hans Kindler 's ballet teacher ) , and Berenice Holmes were the three Muses and Gene Kelly conducted .","Ruth Ruth Page , Elise Reiman ( Hans Kindler 's ballet teacher ) and Berenice Holmes were managed by the three Muses and Gene Kelly .",1
43857,Naxalbari has a railway station on the Katihar -- Siliguri line .,Naxalbari has a train station on the line Siliguri -- Katihar .,1
43169,"It consists of two parts , Zemendorf and Stöttera , both on the Wulka river downstream from Pöttelsdorf and upstream of Antau .","It consists of two parts , Zemendorf and Stöttera , both of which lie on the River Wulka downstream from Pöttelsdorf and upstream from Antau .",1
15560,"Margarita Isabel Morales y González ( born Margarita Isabel , July 25 , 1941 -- April 9 , 2017 ) was a Mexican Ariel Award - winner , actress , film and television actress .",Margarita Isabel ( born Margarita Isabel Morales y González ; 25 July 1941 -- 9 April 2017 ) was a Mexican Ariel Award-winning film and television actress .,1
6825,"In the comic - thriller `` Edward Trencom 's Nose '' by Giles Milton , some of Edward 's ancestors , along with Byron , are poisoned .","In the comic thriller , `` Edward Trencom 's Nose '' by Giles Milton , several of Edward 's ancestors are poisoned , along with Byron .",1
32841,"Anadasmus endochra is a moth from the family of Depressariidae , which is found in Amazonas ( Brazil ) .",Anadasmus endochra is a moth of the Depressariidae family . It is found in Brazil ( Amazonas ) .,1
11250,The beta - dose acute effects of dependent radiation on the skin are as follows :,The beta Dose Acute effects of dependent radiation on skin are as follows :,1
20079,"Hillary married Bill on October 11 , 1975 , and their only child , Chelsea , was born on February 27 , 1980 .","On October 11 , 1975 , Hill Bill married Hillary , and her only child , Chelsea , was born on February 27 , 1980 .",1
11201,"Aphonopelma catalina is a species of spiders in the Theraphosidae family , found in the United States ( Arizona ) .","Aphonopelma catalina is a species of spiders in the family Theraphosidae , found in United States ( Arizona ) .",1
42711,Another special feature of traditional houses is their unique design for cooling the interior in summer and heating the interior in winter .,Another unique feature of traditional houses is their special design for the cooling of the interior in summer and heating in winter .,1
41368,"Born in Pennsylvania , Pennypacker moved to New York City a little after the turn of the 20th century before moving to Southampton , New York on Long Island .","Pennypacker , born in Pennsylvania , moved to New York just after the turn of the century , before moving to Southampton , New York , on Long Island .",1
35037,"On December 22 , 1862 , to reorganize the Washington territory and form the new Montana territory .","738 on December 22 , 1862 , to reorganize the Washington Territory and form the new Montana Territory .",1
26246,Albion Township was established in 1837 by a department of Homer Township .,Albion Township was established by a division of Homer Township in 1837 .,1
41574,"In February 2011 , Cenveo Corporation sold its Envelope Products business , including the Columbian Brand Envelope , to the Quality Park Envelope Products Group of MeadWestvaco .","In February 2011 , Cenveo Corporation sold its Envelope Products Business including the Columbian Brand Envelope to MeadWestvaco 's Quality Park Envelope Products Group .",1
19596,Sawyer 's authorized biography was published by Huston Smith in 2014 .,"In 2014 , Sawyer 's authorized biography of Huston Smith was published .",1
42243,He was born in Scotland around 1760 and settled in Detroit ( then part of Quebec ) in 1782 .,He was born in Scotland in 1760 and settled in Detroit in 1782 ( then part of Quebec ) .,1
30050,It was believed by this method popular philosophy could be separated from true wisdom .,It was believed that popular philosophy could be separated from true wisdom by this method .,1
28434,"Anthony Patrick Babington ( 4 April 1920 , County Cork -- 10 May 2004 , London ) was an Anglo-Irish author , judge and Army officer .","Anthony Patrick Babington ( 4 April 1920 , County Cork -- May 10 , 2004 , London ) was an English author , judge and army officer .",1
15534,His role in `` The Mechanic '' was worked positively by critics in both the United States and the United Kingdom .,His role in `` The Mechanic '' was revived positively by critics in both the United Kingdom and the United States .,1
27823,"Mischa Zverev won the title , defeating Malek Jaziri 4 -- 6 , 6 -- 3 , 6 -- 3 in the final .","Mischa Zverev won the title and beat Malek Jaziri 4 -- 6 , 6 -- 3 , 6 -- 3 in the final .",1
7449,The season 1912 -- 13 was the 21st season of Manchester United in the Football League and the sixth in the First Division .,The 1912 -- 13 season was Manchester United 's 21st season in the Football League and sixth in the First Division .,1
43342,"Murphy and DeSanto wrote the project in 2003 , and DeSanto developed a treatment .","The Murphy and DeSanto wrote the project in 2003 , and DeSanto developed a treatment .",1
8988,"As a screenwriter , his first indie feature , `` The Watermelon '' , was directed by Lorenda Starfelt and produced by Brad Mays at LightSong Films .","As a screenwriter , his first indie feature `` The Watermelon '' was staged by Lorenda Starfelt and produced by Brad Mays at LightSong Films .",1
20750,The latter study is one of the few prospective demonstrations that environmental stress with high blood pressure and LVH remains associated .,The latter study remains one of the few prospective demonstrations that environmental stress is associated with hypertension and LVH .,1
36245,"However , other liberal parties , together with nationalist groups said they would boycott the July elections .","Other liberal parties , however , said , along with nationalist groups , that they would boycott the July elections .",1
20484,"In the available implementations some recommended interfaces were required , but they are not implemented .",Some recommended interfaces were required in the available implementations but are not implemented .,1
47093,`` Ménage à Troi '' is the 72nd episode of the American Science - Fiction - TV series and the 24th episode of the series overall .,"`` Ménage à Troi '' is the 72nd episode of the of the American science fiction television series , and the 24th episode of the series overall .",1
24575,"His sound aesthetics usually are described as transparent , yet aggressive and powerful .","His sound aesthetics are usually described as transparent , but aggressive and powerful .",1
11868,He was taught by the Croatian composer Vatroslav Lisinski music and later enrolled at the music school Rudolf Matz .,He was taught music by the Croatian composer Vatroslav Lisinski and later enrolled in the Rudolf Matz music school .,1
17905,"Rachmaninoff dedicated the work to his friend the violinist Fritz Kreisler . He wrote to another friend , the composer Nikolai Medtner , on 21 December 1931 :","He devoted the work to his friend , the violinist Fritz Kreisler , who wrote to another friend , the composer Nikolai Medtner , on 21 December 1931 :",1
6286,Jack Cross was a comic series written by Warren Ellis and drawn by Gary Erskine . It was first published by DC Comics in 2005 .,Jack Cross was a comic book series written by Warren Ellis and drawn by Gary Erskine . It was first published by DC Comics in 2005 .,1
5596,Since 1992 the unit is a full-time dedicated police tactical unit and is now known as the Special Emergency Response Team ( SERT ) .,Since 1992 the unit has been a full-time police - tactical unit and is now known as the SERT ( Special Emergency Response Team ) .,1
15141,"The team played teams in recent years such as Iowa , Rutgers , Hawaii , Mississippi - State , Nebraska , Connecticut , Syracuse and Pittsburgh in 2011 .","The team has played teams such as Hawaii , Rutgers , Iowa , Mississippi State , Nebraska , Connecticut , Syracuse and Pittsburgh in the last years in 2011 .",1
7768,"Air Cortez has also operated international flights from the airport with service to Guaymas , Loreto and Mulege in Mexico .","Air Cortez also operated international flights from the airport with service to Guaymas , Loreto and Mulege in Mexico .",1
36271,One of these two was physically disabled and cognitively severely affected .,"Of these two , one was physically disabled and severely cognitively impaired .",1
5248,"Adam Helmer died on April 9 , 1830 , in the town of Brutus in Cayuga County , New York .",Adam Helmer died on 9 April 1830 in the city of Brutus at Cayuga County in New York .,1
49249,"Edgware Road bus stops for Lisson Grove are served by bus routes 16 , 6 , 98 , 414 .","Edgware Road bus stops for Lisson Grove are served by bus lines 16 , 6 , 98 , 414 .",1
22237,"Ferguson remained in Liberia until his death , in Monrovia in 1916 .","Ferguson remained in Liberia , Monrovia in 1916 until his death in 1968 .",1
16294,"Napoleon visited the individual exhibits on Mondays , as Louis Philippe had done .","On Monday , as Louis Philippe had done , Napoleon visited the individual exhibits .",1
13199,"This riding was created in 1987 by Okanagan -- similar cameras , and in 1996 , when it was divided between Okanagan -- Coquihalla and West Kootenay -- Okanagan , eliminated .","This riding was created in 1987 by Okanagan -- Similkameen and eliminated in 1996 , when it was divided between Okanagan -- Coquihalla and West Kootenay , Okanagan .",1
22566,"One night , Rick contacts Jill and informs her about Maddy 's sudden death .","One night , Rick contacts Jill and informs her of Maddy 's sudden death .",1
1269,The Kelso High School provides primary education and upper secondary education is provided by Edenside Primary and Broomlands Primary .,"Kelso High School provides primary education to the town , and secondary education is provided by Edenside Primary and Broomlands Primary .",1
13488,Its base or round edge contains between its layers the free ligament and the paraumbilical veins .,Its base or round edge contains between its layers the free band and the paraumbilical veins .,1
4023,"He spent the childhood of Berkeley in Warwickshire , where he was a pupil of the translator Philemon Holland of Coventry and Henry Ashwood .","Berkeley 's childhood was spent in Warwickshire , where he was a pupil of the translator , Philemon Holland of Coventry , and of Henry Ashwood .",1
3782,PSPs is one form of standard peptide for absolute quantification and Standard of the Expressed Protease ( STEP ) is the other .,PSPs is a form of a standard peptide for the absolute quantification and standard of Expressed Protease ( STEP ) is the other .,1
43452,"Other students studying at the academy included Daniel Garber , Violet Oakley , Hugh Breckenridge and Cecilia Beaux .","Other students studying at the Academy include Daniel Garber , Violet Oakley , Hugh Breckenridge and Cecilia Beaux .",1
44059,"Mastax poecila is a kind of beetle in the Carabidae family that can be found in Cambodia , China and Singapore .","Mastax poecila is a type of beetle in the Carabidae family that can be found in Singapore , China and Cambodia .",1
29448,Where the sum extends over all paths formula _ 39 with the property that formula _ 40 and formula _ 41 . The analogous expression in quantum mechanics is the path integral .,"Where the total extends over all paths , Formula 39 with the property that Formula 40 and Formula 41 . The analog expression in quantum mechanics is the path integral .",1
38659,"Olivella amblia is a species of the dwarf - sea snail , small gastropod mollusk in the Olivellidae family , the marine olives .","Olivella amblia is a species of dwarf sea snail , small gastropod mollusk in the family Olivellidae , the marine olives .",1
36791,"In 2009 , Wizard canceled the Texas event and postponed the Los Angeles convention .","In 2009 , Wizard cancelled the Texas event and postponed the Los Angeles Convention .",1
32664,"If `` A is explicit , this singular solution does not even exist .","If `` A '' is explicit , this singular solution does n't even exist .",1
41494,"After `` The Kids '' was recorded with drummer Nick Van Gelder , all '' Spcae cowboy `` tracks were recaptured with Derrick except '' The Kids '' with Derrick .","After `` The Kids '' were recorded with drummer Nick Van Gelder , all `` Spcae cowboy '' tracks except `` The Kids '' was re-recorded with Derrick .",1
5508,"Vevey is a city in Switzerland in the canton of Vaud , on the north shore of Lake Geneva , near Lausanne .","Vevey is a town in Switzerland in the canton Vaud , on the north shore of Lake Geneva , near Lausanne .",1
47661,Robbie later turns the machine off and Beth is shocked but understanding .,Later Robbie switched the machine off and Beth is shocked but understanding .,1
3221,Powell refused to accept the fact and still believes that gold is in his obviously worthless mine .,Powell refused to accept the fact and still believes that there is gold in his obviously worthless mine .,1
47409,Looker spent 2000 training camp with the Rams before being traded to the New England Patriots on August 7 .,"In 2000 , Looker spent a training camp with the Rams before being traded on 7 August with the New England Patriots .",1
28641,"It is used as a measure of absorbed dose , kinetic energy ( released ) , and kerma ( an acronym for specific energy imparted per unit mass ) .","It is used as a measure of the absorbed dose , kinetic energy ( released ) and kerma ( an acronym for specific energy awarded per mass unit ) .",1
467,The Sâmbăta River is a tributary of the Piatra Caprei River in Romania .,The Sâmbăta river is a tributary of the River Piatra Caprei in Romania .,1
24348,"Many celebrities have during the centuries visited or stayed at the castle , including Carl Michael Bellman in the 18th century and August Strindberg in the 19th century .","Many celebrities have visited or visited the castle throughout the centuries , including Carl Michael Bellman in the 18th century and August Strindberg in the 19th century .",1
22352,"Regular contributors to this show include Sharon Epperson ( NYMEX ) , Rick Santelli ( Chicago ) , Steve Liesman , Guy Adami and CNBC Senior Analyst Ron Insana .","Regular contributors to the show include Sharon Epperson ( NYMEX ) , Rick Santelli ( Chicago ) , Steve Liesman , Guy Adami and CNBC senior analyst Ron Insana .",1
3249,"On August 12 , 2003 Kottonmouth Kings released their 3rd Compilation - Album , their 1st Live album and their 9th total album , Classic Hits Live .","On August 12 , 2003 Kottonmouth Kings released their 3rd compilation album , their 9th overall album and their 1st live album titled , Classic Hits Live .",1
37420,"The aforementioned scientists , Adam , are : Pythagoras , Galileo Galilei , Nicolaus Copernicus , Isaac Newton , Nikola Tesla , Charles Darwin , and Albert Einstein","The mentioned scientists Adam are : Pythagoras , Galileo Galilei , Nicolaus Copernicus , Albert Einstein , Nikola Tesla , Charles Darwin and Isaac Newton .",1
3386,The time setting of `` Leave It to Beaver '' is contemporary with its production -- in the early 1950s and the late 1960s .,The time setting of `` Leave It to Beaver '' is contemporary with its production -- the early 1950s and the late 1960s .,1
3297,"Marcel Danis , ( born October 22 , 1943 ) is a Canadian university administrator , lawyer and former politician .","Marcel Danis ( born October 22 , 1943 ) is a Canadian university administrator , lawyer and politician .",1
37046,"Warrington died on 10 February 1906 in Brentford , Middlesex , and his will was proved on 29 March in London .","Warrington died on 10 February 1906 in Brentford , Middlesex , and his will was detected in London on 29 March .",1
4445,"This kind is regularly caught along the coasts of Sicily , Italy , Greece , Crete , France , Turkey and Spain .","This species is caught regularly along the coasts of Crete , Greece , Sicily , Italy , France , Turkey and Spain .",1
30043,The temperature should be around 28 ° C during the day and should sink to about 20 ° C at night .,The temperature should be about 28 ° C during the day and drop to around 20 ° C at night .,1
28964,"On April 25 , 2016 , Robinson was traded to the Portland Steel for Jamar Howard .","On 25 April 2016 , Robinson was traded for Jamar Howard to Portland Steel .",1
28957,He moved to Ottawa in 1891 and settled down in Illinois .,He moved to Ottawa and settled in Illinois in 1891 .,1
30431,"Its villages include Dry Tavern , Normal Square ( also located in West Penn Township , Schuylkill County ) , New Mahoning , Jamestown , Mahoning Valley , and Packerton .","Its villages include Dry Tavern , Normal Square ( also in West Penn Township , Schuylkill County ) , New Mahoning , Jamestown , Mahoning Valley , and Packerton .",1
535,"The conclusions are that we are all perfect spiritual ideas of the one divine Mind , and manifest Spirit , not a material body .","The conclusions are that we are all perfect spiritual notions of one divine spirit and manifest the spirit , not a material body .",1
22901,The length of the forewings is 3.5 - 5 mm . Adults have been recorded from November to February in Brazil and in October in Argentina .,"The length of the wings is 3.5-5 mm , adults have been registered in Brazil from November to February and in Argentina in October .",1
19762,PremLata Singh married Birender Singh on 9 June 1970 .,"Birender Singh married the PremLata Singh on June 9 , 1970 .",1
37316,"Mimi Sodré was a student at the Naval Academy after reading a book by Baden Powell , called Scouting for Boys , when he was interested in scouting .","Mimi Sodré was a student at the Naval Academy when after reading a book by Baden Powell named Scouting for Boys , he became interested in Scouting .",1
9799,Their arrival in East Africa was shortly before the introduction of iron to Kenya .,Their arrival in East Africa occurred shortly before the introduction of iron to Kenya .,1
15846,"Duporth Holiday Village ( also Duporth ) was situated on Porthpean Road , just outside St Austell in south Cornwall , England , UK .","Duporth ( also Duporth Holiday Village ) was on Porthpean Road , just outside St Austell in South - Cornwall , England , UK .",1
33640,"Original members included Cornelius Vanderbilt , William , John D. Rockefeller , J. P. Morgan and Amzi Barber .","Original members included Cornelius Vanderbilt , William and John D. Rockefeller , J. P. Morgan and Amzi Barber .",1
23431,"Phaecadophora fimbriata is a moth of the Tortricidae family . It is found in India , China , Thailand , Japan , Taiwan , Java and New Guinea .","Phaecadophora fimbriata is a moth from the family of tortricidae found in Thailand , Japan , Taiwan , China , India , Java and New Guinea .",1
10868,It flows north near Pietragalla and curves eastward north of Cancellara and south of the Bradano .,It flows to the north near Pietragalla and curves east north of Cancellara and south of Bradano .,1
13704,Ferguson has two sisters ( one older and one younger ) and one older brother .,Ferguson has two sisters ( one older and one younger ) and one big brother .,1
31647,"While still in Nevada , the Highway Boundary Peak , the highest point in California .","While still in Nevada , the highway passes Boundary Peak , the highest point in California .",1
27667,"The Thirteen Colonies of the original United States were all former British possessions , and Anglo culture became a major foundation for American folk and popular music .","The thirteen colonies of the original United States were all former British possessions , and Anglo culture became an important foundation for American folk music and popular music .",1
26540,He then became Associate Director of the Strategic Planning Group of BPI Capital Corporation and Vice President and Chief Legal Counsel of Ayala Corporation .,He then became Associate Director of the Strategic Planning Group of BPI Capital Corporation and Ayala Corporation ’ s Vice President and Chief Legal Counsel .,1
47330,"Kirk Deighton is served by route 780 , Knaresborough to Wetherby , and route X70 , Kirk Deighton to Harrogate via Wetherby and Spofforth .","Kirk Deighton is served by Route 780 , Knaresborough to Wetherby , and Route X70 , Kirk Deighton to Harrogate through Wetherby and Spofforth .",1
11741,"Suzanne Bertish played Tekla , Jonathan Kent Adolf and Ian McDiarmid played Gustaf .","Suzanne Bertish played Tekla , Jonathan Kent played Adolf , and Ian McDiarmid played Gustaf .",1
39363,"The name is derived from the nearby town Gath , which at the time the kibbutz was founded , and was identified with the Philistine site of Tel Erani .","The name derives from the nearby town of Gath , which was identified with the Philistine site of Tel Erani at the time the Kibbutz was founded .",1
41195,"He considers C. S. Lewis a negative influence and has accused Lewis of showing religious propaganda , misogyny , racism and emotional sadism in his books .","He considers C. S. Lewis a negative influence and has accused Lewis of featuring religious propaganda , misogyny , racism , and emotional sadism in his books .",1
48781,"In San Francisco , Hicks led Dan Hicks and the Hot Licks between 1968 and 1973 , a band that rarely used electric instruments and never drums .","In San Francisco from 1968 -- 1973 , Hicks led Dan Hicks and the Hot Licks , a band that rarely used electric instruments and never used drums .",1
44384,"While Formula 9 is the molar gas constant , Formula 10 is the temperature and Formula 11 is the ideal mass of atoms .","Where formula _ 9 is the molar gas constant , formula _ 10 is the temperature and formula _ 11 is the ideal mass of the atoms .",1
43836,In Dublin he played with Stella Maris before playing for Everton in England .,Dunne played in Dublin with Stella Maris before playing in England for Everton .,1
45329,The new Nahant Life Saving Station ( NLSS ) on Nahant Road and the old War Memorial erected across the street from the NLSS were renovated in 2004 .,The new Nahant Life Saving Station ( NLSS ) on the Nahant Road and the old war memorial across from the NLSS were renovated in 2004 .,1
45067,Rockets are built by the FAP 3232 with a re-loaded-in crane .,Rockets are built by the FAP 3232 with a transhipment crane .,1
4499,"However , much of the city 's crime is centralized in most of Western neighborhoods and scattered neighborhoods adjacent to Hartsfield - Jackson International Airport .","Much of the city 's crime , however , is centralized in most of its scattered neighborhoods and western neighborhoods adjacent to Hartsfield-Jackson International Airport .",1
28152,Only the Sara of the south was governed effectively ; French presence in the Islamic north and east was nominal .,"Only the sara of the South was governed effectively , the French presence in the Islamic North and East was nominal .",1
9708,"Hopewell , Charles City County , Virginia , also known as Shirley Hundred Island , is an island and a historic home and archaeological sites located near Eppes Island .","Charles City County , Virginia , also known as Shirley Hundred Island , is an island and an historic home and archaeological sites near Eppes Island .",1
36580,Each process that wants to initiate a snapshot records its output status and sends a marker on each of its local channels .,Each process that wants to initiate a snapshot records its outgoing state and sends a marker on each of its local channels .,1
48061,"She is born on April 18 , 1976 in Usera , Spain ( Madrid ) .","She was born in Usera , Madrid ( Spain ) on April 18 , 1976 .",1
18829,This creates generally colder nights through the warmer season .,This generally creates colder nights through the warmer season .,1
33873,"However , most pink horses have white skin and some blue eyes .","However , most pink horses have white skin and some have blue eyes .",1
43297,"It was released on August 31 , 2004 in the United Kingdom and October 17 , 2005 in the United States .",It was published in the United Kingdom on 31 August 2004 and in the United States on 17 October 2005 .,1
30214,"On February 28 , 2018 Interoute announced the acquisition of GTT Communications for $ 2.3 Billion .","On 28 February 2018 , Interoute announced the acquisition of GTT Communications for $ 2.3 billion .",1
1879,Notre Dame got half of the $ 7.6 million that NBC paid for the rights each year of the deal and its opponent received the other half .,"Notre Dame received half the $ 7.6 million that NBC paid each year for the rights of the deal , and its opponent received the other half .",1
21051,A range of electronic resources are available within the UGent network as part of a `` digital library . '',"Within the UGent network , a series of electronic resources are available as part of a `` digital library '' .",1
35642,The Libertyville water supply comes from the Central Lake County Joint Action Water Agency ( CLCJAWA ) located in Lake Bluff .,Libertyville 's water supply comes from the Central Lake County Joint Action Water Agency ( CLCJAWA ) in Lake Bluff .,1
19603,"The station was formerly licensed by North Myrtle Beach and belonged to the city of North Myrtle Beach , South Carolina , USA .","The station , formerly licensed for North Myrtle Beach , South Carolina , USA , was owned by the City of North Myrtle Beach .",1
5251,"According to Hernandez , TNA wanted to create a more stereotypical stable , but Hernandez refused to use Mexican jargon , so gave TNA the promos to Anarquia .","According to Hernandez , TNA wanted to create a more stereotypical stable , but Hernandez refused to use Mexican jargon , so TNA gave the promos to Anarquia .",1
7141,The season of 1975 -- 76 NBA was the 30th season of the National Basketball Association .,The 1975 -- 76 season of the National Basketball Association was the 30th season of the NBA .,1
22946,"The first stamps used in Tunisia were those of the colonial power , France , from 1888 . Stamps specifically for Tunisia were issued from 1 July 1888 .",The first stamps used in Tunisia were those of the colonial power of France in 1888 . Stamps specifically issued for Tunisia were issued from 1 July 1888 .,1
45148,"Contributors include Thurston Moore , Cave , Harry , Lanegan , Race , Iggy Pop and Primal Screen .","Contributors include Thurston Moore , Cave , Harry , Lanegan , Race , Iggy Pop and Primal Scream .",1
19705,The following step works as follows . As long as there are three or more wires with the same weight add a second layer :,"The following step works as follows : as long as there are three or more wires with the same weight , add a second shift :",1
22112,"Ray sees the sights with Nina and wants to marry him , so she asks her father for permission .","She sees with Nina the sights and wants to marry him , so she asks her father for permission .",1
21347,"In 2002 , Richard Branson opened with Sir Elissa Kuwait 's Virgin Megastore .","In 2002 , Richard Branson inaugurated Kuwait 's Virgin Megastore with Sir Elissa .",1
26886,"The station was built in 1915 by Connecticut Valley Railroad , New Haven and Hartford Railroad along the former New York stretch .","The station was built in 1915 by the Connecticut Valley Railroad , New Haven and Hartford Railroad along the former New York line .",1
28187,"Nool Veli ( Fence of Yarn ) is a Tamil film with Sarath Babu , Sujatha and Saritha in 1979 .","Nool Veli ( Fence of Yarn ) is a 1979 Tamil film starring Saritha , Sujatha and Sarath Babu .",1
13915,"John McEnroe won in the final 6 -- 0 , 3 -- 6 , 6 -- 2 , 6 -- 2 against Miloslav Mečíř .","John McEnroe won against Miloslav Mečíř in the final with 6 : 0 , 3 -- 6 , 6 - 2 , 6 - 2 .",1
45146,"Guruzeta 's father , Xabier , was also a footballer . A central defender , he mainly represented Real Sociedad during his career .","Also the father of Guruzeta , Xabier , was a footballer , as a central defender he represented mainly Real Sociedad during his career .",1
18316,In the same year he played in the UEFA Champions League qualification against HJK Helsinki and Celtic Glasgow and later in UEFA Cup against Dinamo Zagreb .,In the same year he played in the UEFA Champions League - Qualification against HJK Helsinki and Celtic Glasgow and later in the UEFA Cup against Dinamo Zagreb .,1
41233,"On July 31 , Molina was traded with B. J. Surhoff for Trenidad Hubbard , Fernando Lunar , and Luis Rivera on the Braves .","On July 31 , Molina was traded with B. J. Surhoff to the Braves for Trenidad Hubbard , Fernando Lunar and Luis Rivera .",1
46967,"In 1948 he moved to Cyprus , to England in 1958 .","In 1948 he moved to Cyprus , in 1958 to England .",1
25457,"Aphonopelma catalina is a species of spiders in the family Theraphosidae , found in Arizona ( United States ) .","Aphonopelma catalina is a species of spiders in the family Theraphosidae , found in the United States ( Arizona ) .",1
25416,"It is owned by the RTL Group , a subsidiary of RTL Nederland .","It is owned by RTL Group , a subsidiary of RTL Nederland .",1
22022,"In July 2011 , the ARTC transferred responsibility for the Werris Creek to North Star to the Country Rail Infrastructure Authority .","In July 2011 , responsibility for the Werris Creek to North Star line was transferred from the ARTC to the Country Rail Infrastructure Authority .",1
30684,"In the hospital , Traci Lords is awakened by a nurse named Barb ( Brooke ) who tells her that Lance has been seriously injured and is operated .","At the hospital , Traci Lords is awakened by a nurse named Barb ( Brooke ) who informs her that Lance has been seriously injured and is in surgery .",1
41512,He also appeared in 53 games for the Piedmont League ( Greensboro Patriots ) with a 26 - 19 record over the course of the seasons 1928 and 1929 .,He also appeared in 53 games for the Piedmont League ( Greensboro Patriots ) with a 26 -- 19 record over the course of the 1928 and 1929 seasons .,1
18050,"Abner was indignant at the rebuke and immediately opened negotiations with David , who welcomed him on the condition that his wife Michal should be returned to him .","Abner was indignant at the rebuke , and immediately opened negotiations with David , who welcomed him on the condition that his wife Michal should be restored to him .",1
33490,"There were others who thought as I did , but we could not speak. ``","There were others who thought I did , but we could not speak .",1
6636,It is Tamil Nadu Government Aided Institution run by a society called `` Nadar Mahajana Sangam '' .,It is operated by Tamil Nadu Government Aided Institution of a society called `` Nadar Mahajana Sangam '' .,1
17504,"The Father of Woodstock Larry McClurg teamed up with Artie Kornfeld to promote Goodstock Music Festival , reported Pollstar .","Larry McClurg , the father of Woodstock , has teamed up with Artie Kornfeld to promote the Goodstock Music Festival , reported Pollstar .",1
7284,"The AIHL season 2008 is the ninth season of the Australian ice hockey league , the seventh in which the Goodall Cup will be awarded to the league master .","The 2008 AIHL season is the ninth season of the Australian Ice Hockey League , the seventh in which the Goodall Cup will be awarded to the league champions .",1
9509,It is separated by the Sarawak district of Limbang in two parts .,It is separated into two parts by the Sarawak district of Limbang .,1
8870,"Otter Bay is a natural bay on the island of Coney Bay in the province of Newfoundland and Labrador , Canada . It is located east of Newfoundland .","Otter Bay is a natural bay on the island of Coney Bay in the province of Newfoundland and Labrador , Canada . It is east of Newfoundland .",1
26813,There are two important special cases : ( i ) a simple closed chain and ( ii ) a simple chain open .,"There are two important special cases : ( i ) a simple closed chain , and ( ii ) a simple open chain .",1
10690,"Later in the war , Talaat Pasha served as Minister of the Navy in the CUP cabinet of Mahmud Pasha .","Later in the war , Talaat Pasha served as the Minister of the Navy in the CUP cabinet of Mahmud Pasha .",1
34923,Lake Sammamish enters the Issaquah Creek park .,Lake Sammamish enters Issaquah Creek in the park .,1
46294,"As Aaron and Robert 's Subaru approaches , Lachlan tries to warn them but Aaron crashes his car into the lake with Emma in the boot .","When Subaru approaches from Aaron and Robert , Lachlan tries to warn them , but Aaron crashes his car with Emma in the boot into the lake .",1
12657,"The Universal Press Syndicate , a subsidiary of Andrews McMeel Universal , was an independent press syndicate .","Universal Press Syndicate , a subsidiary of Andrews McMeel Universal , was an independent press syndicate .",1
20367,"Via the Bush River and the Appomattox River , it is part of the James River watershed .",He is part of the James River Watershed via the Appomattox River and the Bush River .,1
3804,"A product of Feilding High School , Northcott followed a well walked path into the Manawatu Turbos Mitre 10 Cup team .","A product of Feilding High School , Northcott followed a well-run path into the Manawatu Turbos Mitre 10 Cup team .",1
42497,"Calcium modulating ligand ( CAMLG or CAML ) , also known as calcium-modulating cyclophiline - ligand , is a signal protein recognized by the TNF receptor TACI .","Calcium modulating ligand ( CAMLG or CAML ) , also known as calcium-modulating cyclophilin ligand , is a signalling protein recognized by the TNF receptor TACI .",1
23673,There are three primary schools and a number of secondary schools in Caringbah .,In Caringbah there are three primary schools and a series of secondary schools .,1
18835,South Slope 's Potrero Hill experienced a significant increase in housing and population as a result .,"As a result , Potrero Hill experienced a significant increase in housing and population .",1
2287,Mount Darwin ( alternate : Darwin ) is one of seven districts in the Zimbabwe province of Mashonaland Central .,Mount Darwin ( alternatively : Darwin ) is one of seven districts in the province of Mashonaland Central in Zimbabwe .,1
43121,Ferguson stayed in Monrovia until his death in 1916 in Liberia .,"Ferguson remained in Monrovia until his death , in Liberia in 1916 .",1
11207,"President Lincoln had only a vague knowledge of his Berks County ancestors , believing that they were Quakers from Pennsylvania .","President Lincoln had only a vague knowledge of his ancestors from Berks County , believing that they were Quakers from Pennsylvania .",1
40113,"The song was written by Thicke and Lamar alongside will.i.am , and produced by Dr. Luke and Cirkut .",The song was written together with will.i.am by Thicke and Lamar and produced by Dr. Luke and Cirkut .,1
43671,December 18 : Received Matt Long and Jarrett Martin from the Los Angeles Dodgers for Shawn Zarraga .,18 December : Matt Long and Jarrett Martin of the Los Angeles Dodgers for Shawn Zarraga received .,1
6793,Electronic sports for the 2017 Asian Indoor and Martial Arts Games was be a demonstration sport .,Electronic sports for the Asian Indoor and Martial Arts Games 2017 were a demonstration sport .,1
14648,The tubular heart or the primitive heart tube is the earliest stage of heart development .,The primitive heart or tube-shaped heart tube is the earliest stage of heart development .,1
15658,"It is important to achieve the thermal regime of the Quantum Oscillator , where mechanical noise effects become negligible on the device .","It is important for reaching the thermal regime of the quantum oscillator , where mechanical noise effects on the device become negligible .",1
39910,"In the Marvel - Zombies - universe , Namor has a cameo performance as a zombie in the original limited edition `` Marvel - Zombies '' .","In the Marvel Zombies universe , Namor has a cameo as a zombie in the original `` Marvel Zombies '' limited series .",1
30618,"In 2005 , BH Air signed a two-year contract with the Virgin Group for a Wet - Lease contract .","In 2005 , BH Air signed a two-year contract for a wet lease with Virgin Group .",1
16041,"Every evening will be an optimistic celebration of the discussion , a pep rally for the inner spirit and an intimate look at the overwhelming intensity of life .","Each evening will be an optimistic celebration of discussion , a pep rally for the inner spirit , and an intimate look at the overwhelming intensity of life .",1
6859,"Depending on the time of presentation and duration , pericarditis is divided into `` acute '' and `` chronic '' forms .",Pericarditis is divided into `` chronic '' and `` acute '' forms depending on the time and duration .,1
14424,"The Liberal Party retained John Olsen as the leader , partly because his main competitor , Stan Evans , lost his seat to Independent Liberal Dean Brown .","The Liberal Party retained John Olsen as leader , partly because his main rival Stan Evans lost his seat to Independent Liberal Dean Brown .",1
37535,"She played for HJK , FC Honka and Åland United of the Finnish Naisten Liiga as well as for the Danish club Fortuna Hjørring .","She previously played for Åland United , the FC Honka and HJK of the Finnish Naisten Liiga as well as for the Danish club Fortuna Hjørring .",1
2564,"Olivella kifos is a species of dwarf sea snail , small gastropod mollusk in the family Olivellidae , the marine olives .","Olivella kifos is a type of dwarf - sea snail , small gastropod mollusk in the Olivellidae family , the marine olives .",1
8846,"During the Bengali sultanate , Arab and Persian Bengal writers were influenced by medieval works .","During the Bengal Sultanate , Arabic and Persian Bengali writers were influenced by medieval works .",1
42349,"Felix researched in Bielsko , Vienna , Prague , and London . Between 1927 and 1945 , he worked in Jerusalem for the Hadassah Medical Organization .","Felix researched in Bielsko , Vienna , Prague and London and worked for the Hadassah Medical Organization in Jerusalem from 1927 to 1945 .",1
5445,"It only comes in standard black , although a white version has been released worldwide in Japan .","It comes in standard black only , although a white version was released in Japan worldwide .",1
6303,The Japanese otter was known as one of the top carnivores in the aquatic food chain .,The Japanese otter was known as one of the leading carnivores in the aquatic food chain .,1
40469,"Grant holds multiple records in many categories for Utah , including several all-time records , such as :","Grant holds several rows in many categories for Utah , including multiple all-time records , such as :",1
1916,Peggy Edenfield testified in the case against her husband George and has also agreed to testify against her son David during his trial .,"Peggy Edenfield testified against her husband George in that case and also agreed to testify against her son , David , during his trial .",1
25489,"The different words `` vulva '' and `` vagina '' both stem from Latin , but originally they had modern scientific or polite meanings .","The different words '' Vulva `` and '' Vagina `` are both from Latin , but originally they had modern scientific or polite meanings .",1
32188,"He needed a good lead on Russell Prince , who was considered the stronger mountain runner , and Saggers had a lead of 2 min 29 sec .","He needed a good advantage on Russell Prince , who was considered the stronger mountain runner , and Saggers had a lead of 2 min 29 sec .",1
46922,"Scurria plana is a species of sea snail , a true limpet , a marine gastropod mollusc in the Lottiidae family , one of the families of the true limpets .","Scurria plana is a species of sea snail , a true limpet , a marine gastropod mollusc in the family Lottiidae , one of the families of true limpets .",1
10590,"The development of the energy business included the opening of a new office in Middlesbrough and the construction of a special vessel , Cable Enterprise .","The development of the energy business included the opening of a new office in Middlesbrough and the construction of a specialist vessel , Cable Enterprise .",1
45036,Caroline Hedwall won the individual championship of NCAA Division I under new trainer Annie Young in 2010 .,Caroline Hedwall won the NCAA Division I individual championship in 2010 under new coach Annie Young .,1
3999,"In the finals , Estonians won both games against Kalev Tallinn and won the first and last Soviet championship for BC Spartak Saint Petersburg .","In the final , the Estonians won both games against Kalev Tallinn and won the first and last Soviet championship for the BC Spartak Saint Petersburg .",1
8854,The Tigers eventually won the ALDS but lost to the Red Sox in the American League Championship Series .,"The Tigers eventually won the ALDS , but the Red Sox was lost in the American League Championship Series .",1
46269,The `` Friends of Putney School of Art and Design '' promotes the School and protects the interests of current students .,The `` Friends of the School of Art and Design of Putney '' promotes the school and protects the interests of the current students .,1
32472,The song begins with the same spoken segment of Prince that the EP ends .,The song begins with the same spoken segment from Prince that ends the EP .,1
35033,Abe Drexler ( Charlie Hofheimer ) calls Elisabeth Moss ( Peggy ) and insists on meeting her for food .,Abe Drexler ( Charlie Hofheimer ) calls Peggy ( Elisabeth Moss ) and insists on meeting them for dinner .,1
965,"Robert Boyd was the son of Alexander , Lord Boyd .","Robert Boyd was the son of Alexander , 3rd Lord Boyd .",1
10492,"Finally , the global stiffness matrix is built up by adding together the individual element matrices expanded .","Finally , the global stiffness matrix is constructed by adding the individual expanded element matrices together .",1
22694,"Since 2002 , Scotland A has participated in the Amateur Four Nations competition and toured Serbia , the Netherlands , and Italy .","Since 2002 , Scotland A has participated in the Amateur Four Nations competition and travelled to Serbia , the Netherlands and Italy .",1
30035,"The US post office considers the area an expansion of Bay St. Louis , although between Waveland and Clermont Harbor .",The US Post Office considers the area an extension of Bay St. Louis although Waveland and Clermont Harbor lie between .,1
35251,His nephews include actor Ranbir Kapoor and Armaan Jain and businessman Nikhil Nanda .,"His nephews include actors Ranbir Kapoor and Armaan Jain , and businessman Nikhil Nanda .",1
33582,"Binary fluorides of metalloids and p- block - nonmetals are generally covalent and volatile , with varying reactivities , period 3 and heavier non-metals can form hypervalent fluorides .","Binary fluorides of metalloids and p- block nonmetals are generally covalent and volatile , with varying reactivities . Period 3 and heavier nonmetals can form hypervalent fluorides .",1
1733,"In May 1955 , a new Balkan Express was launched from Bulgaria to Athens and Istanbul via Vienna ( bypassing Graz and Belgrade ) .",In May 1955 a new Balkan Express was launched from Bulgaria via Vienna ( avoiding Graz and Belgrade ) to Athens and Istanbul .,1
1443,"Quetzalcoatl 's father Zolton was murdered , Quetzalcoatl was informed by Cozcaquauhtli that `` the uncles who had killed his father , Apanecatl , Mixcoatl and Cuilton were '' .","Quetzalcoatl 's father Zolton was murdered ; Quetzalcoatl was informed by Cozcaquauhtli that `` the uncles who had killed his father were Apanecatl , Mixcoatl , and Cuilton '' .",1
44466,"In 1989 , London joined the Peace Corps in Malawi and co-managed a regional business development program in Africa .",London joined the Peace Corps in Malawi in 1989 and led a regional business development program in Africa .,1
323,"After conferences between Leonard and Griffith in New York , Griffith flew to Los Angeles and filmed the episode .","Following conferences between Leonard and Griffith in New York , Griffith flew to Los Angeles and filmed the episode .",1
5197,David Stillman is the Head Sales Trainer at Vorsight and Steve Richard is President and CEO of the company .,David Stillman is the head sales trainer at Vorsight . Steve Richard is the President and CEO of the company .,1
22906,"Le Sueur County is a lake in Sasse Lake , in the U.S. state of Minnesota .","Le Sueur County is a lake in Sasse Lake , in the US state of Minnesota .",1
2922,Maloney said that Agnew often told her during childhood that he had `` won the war . '',Maloney said that Agnew often told her during childhood that he won the war .,1
25047,Lewis Allen McGee survived her husband McGee and did not marry .,Lewis Allen McGee survived her husband McGee and did not remarry .,1
32390,"In the past , we remember the other Maran , an Indian intelligence famous officer from DHEIVA THAAI of 1964 .","In the past , we remember the other Maran , a famous Indian intelligence officer from DHEIVA THAAI of 1964 .",1
37523,"When Santa Anita Park was closed in 2014 , the race was transferred to Hollywood Park Racetrack .",In 2014 when Santa Anita Park closed the race was moved to Hollywood Park Racetrack .,1
30758,"At the same time , Klaus meets Elena and asks Elena and Stefan to go with him so they can start the ritual that will break the curse .","At the same time , Klaus meets Elena and asks Elena and Stefan to go with him so that they can start the ritual that will break the curse .",1
11683,"`` Koi Hitoyo '' is a mid-tempo song , composed and produced by Tsugutoshi Gotō , written by Goro Matsui .",`` Koi Hitoyo '' is a mid-tempo song written by Gorō Matsui and composed and produced by Tsugutoshi Gotō .,1
986,"In collaboration with Cyril Rambour , Laurie Aubanel and Bianca Olsen , he wrote the script .","He wrote the script in cooperation with Bianca Olsen , Laurie Aubanel and Cyril Rambour .",1
25202,"Souray married former WWE professional wrestler Kelly Kelly , better known as Barbara Blank in February 2016 . They have separated in October 2017 .","In February 2016 , Souray married the former WWE - professional - wrestler Kelly Kelly , better known as Barbara Blank , who separated in October 2017 .",1
13598,"The Chabot Museum is located in the Museumpark in Rotterdam Centrum , between the Netherlands Architecture Institute and the Museum Boijmans Van Beuningen .","The Chabot Museum is located at the Museumpark in Rotterdam Centrum , between the Netherlands Architecture Institute and the Museum Boijmans Van Beuningen .",1
26482,"It has been introduced and naturalized in many places such as China , India , Bangladesh , Australia , South Africa and Hawaii .","It has been introduced and naturalized in many places such as China , India , Bangladesh , Australia , South Africa and Hawaii .",1
1020,These include replicas at Ramat Shlomo in Jerusalem and in Kfar Chabad in Israel .,These include replicas in Ramat Shlomo in Jerusalem and Kfar Chabad in Israel .,1
12763,"A central principle is that `` for every step in spiritual perception , three steps are to be taken in moral development . ''","A central principle is that `` for every step in spiritual perception , three steps must be taken in moral development '' .",1
45873,"Student teaching opportunities are available locally within the BYU -- Public School Partnership , as well as nationally in Houston and Washington , DC , and internationally in China .","Teaching opportunities for students are available locally within the BYU -- Public School Partnership , nationally in Houston and Washington , DC as well as internationally in China .",1
16995,"Ryan Robbins ( born November 26 , 1972 ) , better known as Ryan John Currier , is a Canadian actor .","Ryan Robbins ( born November 26 , 1972 ) , better known as the Ryan John Currier , is a Canadian actor .",1
31933,"Webmention was originally published in the IndieWebCamp community and developed as a W3C working draft on January 12 , 2016 .","Webmention was originally published in the IndieWebCamp community and was developed as a W3C Working Draft on January 12 , 2016 .",1
16220,"Nancy returns home and thanks her mother for attempting to protect her , but Gwen appears in a mirror behind Freddy .","Nancy returns home , and thanks her mother for trying to protect her , but Gwen appears in a mirror behind Freddy .",1
30598,"Kavminvodyavia ( KMV Avia ) was an airline in Mineralnye Vody in the Caucasus , Russia .","KMV Avia ( Kavminvodyavia ) was an airline based in Mineralnye Vody in the Caucasus , Russia .",1
20682,The cast for the fourth season of `` California Dreams '' was the same as the cast for the third season .,The cast for the fourth season of `` California Dreams '' was the same occupation as for the third season .,1
5721,"In 2015 , Stephen Hawking offered Richard Branson a seat for free in the spaceship Virgin Galactic .","In 2015 , Stephen Hawking offered Richard Branson a seat on the Virgin Galactic spaceship for free .",1
12306,"In the first year , there were 65 members , at the end of the third year , 91 members and in the second year , 106 members .","There were 65 members in the first year , 91 members at the end of the third year and 106 members for the second year .",1
31695,"The championship took place in 1999 in Austria , in 2003 in Germany , in Kawasaki , Japan in 2007 and in Italy in 2011 .","The championship was held in Austria in 1999 , in Germany in 2003 , in Kawasaki , Japan in 2007 , and in Italy in 2011 .",1
25216,"It flows generally northwest , through the Siuslaw National Forest and enters Pacific City on the Pacific near Nestucca Bay .","It generally flows northwest , through the Siuslaw National Forest and enters the Pacific City on the Pacific coast near Nestucca Bay .",1
12497,is the 19th letter of the Icelandic alphabet and represents .,Ó is the 19th letter of the Icelandic alphabet and represents .,1
16154,Karen and Kristoffer have eight children together .,Kristoffer together with Karen had eight children .,1
31020,"Bhilai Airport is located in Bhilai , Chhattisgarh , India .","Bhilai Airport is located at Bhilai , in Chhattisgarh , India .",1
17457,"The Turks , Tibetans , Muslim Arabs , and Tang competed for control of Central Asia until the tang 's collapse in the 10th century .","The Turks , Tang , Muslim Arabs and the Tibetans competed for control over Central Asia until the collapse of the Tang in the 10th century .",1
37471,"Charles Sutcliffe , the Beatles ’ biographer , wrote that Philip Norman was a strong drinker and physically cruel to his wife , which the young Sutcliffe had experienced .","The Beatles ' biographer , Charles Sutcliffe , wrote that Philip Norman was a heavy drinker and physically cruel to his wife , which the young Sutcliffe had witnessed .",1
47197,"In 1878 , Mathias Gilles Müllenbach was the mayor , and the parish was Josef Miesen , born March 28 , 1831 in Müllenbach .","In 1878 , Mathias Gilles was Müllenbach 's mayor , and the parish priest was Josef Miesen , born 28 March 1831 in Müllenbach .",1
1470,"A Jill Day Comic stripe , drawn by Denis Gifford , was released in Star Comics ( 1954 ) , published by Gifford and Bob Monkhouse .","A Jill Day comic strip drawn by Denis Gifford was published in Star Comics ( 1954 ) , edited by Gifford and Bob Monkhouse .",1
45002,"`` Oliver Twist '' , published in 1838 , became one of Dickens ' better known stories and was the first Victorian novel with a child protagonist .","`` Oliver Twist '' , published in 1838 , was one of Dickens ' best-known stories and became the first Victorian novel with a child protagonist .",1
4266,"With his formula for the producing function for the Betti - numbers of the Hilbert scheme of points on an algebraic surface , Göttsche received international recognition :",Göttsche received international acclaim with his formula for the generating function for the Betti numbers of the Hilbert scheme of points on an algebraic surface :,1
30401,There is also a faithful and more promising reprint called `` Xenonauts '' .,"Also , there is a faithful and more promising remake called `` Xenonauts '' .",1
22070,"The audio companion to the digital concert was released as a live album on iTunes on January 29 , 2008 .","The audio companion for the digital concert was released on January 29 , 2008 as a live album on iTunes .",1
2546,"Armand Alexander de Castagny was a Lieutenant in the French siege of Antwerp in 1832 , and later he served in Algiers .","As a lieutenant , Armand Alexander de Castagny was at the French siege of Antwerp in 1832 . He later served in Algiers .",1
14074,"In 2013 Peter married Anna Barattin while Julia is married to Nicholas Furiuele , both are members of the band Shantih Shantih .","In 2013 , Nicholas Furiuele married Julia while Peter was married to Anna Barattin , both of whom are members of the band Shantih Shantih .",1
15607,He helps everyone get a good night 's sleep and have sweet dreams and often talks with a yawning voice .,He helps everyone get a good night 's sleep and have sweet dreams and often speaks with a yawning voice .,1
28236,"The Bank of the People was founded in 1835 in Toronto by radical reform politicians James Lesslie , James Hervey Price and Dr. John Rolph .","The Bank of the People was created by radical Reform politicians James Lesslie , James Hervey Price , and Dr John Rolph in Toronto in 1835 .",1
10223,The first theater is set around the Mediterranean Sea and the Atlantic Ocean .,The first theater is located around the Mediterranean Sea and the Atlantic Ocean .,1
9289,"The rivalry between Devitt and Tanahashi culminated in a Lumberjack Deathmatch on September 29 at Destruction , where Tanahashi was victorious .","The rivalry between Devitt and Tanahashi culminated on September 29 in a Lumberjack - Deathmatch in Destruction , where Tanahashi victorious .",1
1614,"The total number of electrons , and electron density is much greater than in the corresponding positive corona .",The total number of electrons and the electron density is much greater than in the corresponding positive corona .,1
9713,"He was born in Nanjing , attended the engineering school in Nanhui and spent a year at the University of California .","Born in Nanjing , he attended engineering school in Nanhui and spent a year at the University of California .",1
44508,"The first stage was in Plymouth , the second time that the Tour de France visited England .","The first stage was in Plymouth , for the second time the Tour de France visited England .",1
13125,"The film was filmed in Red Rock Canyon State Park ( California ) in Cantil , California .","The film was shot in Red Rock Canyon State Park ( California ) in Cantil , California .",1
17132,The dynamic component is the total soil resistance less the static component .,The dynamic component is the total soil resistance minus the static component .,1
46717,"It could meditate the connection between the predictors of personal support , such as the maternal fable .","It could meditate the link between the predictors of personal support , such as maternal fable .",1
24488,"Constantine Giannaris ( born 1959 in Athens , Constantines Giannaris ) is a Greek film director , screenwriter and actor .","Constantine Giannaris ( born 1959 in Athens ) is a Greek film director , screenwriter , and actor .",1
30128,Building walls were made of stiff earth wall or clay with pebbles and large stones in the upper layers .,Building walls were of wall made of stiff earth or clay with pebble bases and large stones in the upper layers .,1
29159,"The Diet Pepsi is a cool , rich , and fresh silver color and represents `` grey '' .","The diet - Pepsi is a cool , rich and fresh silver color and represents “ grey ” .",1
18507,She explores traditional music as well as the contemporary repertoire .,She explores traditional music as well as contemporary repertoire .,1
40745,Jean – Garcia is the only daughter of Jennica Garcia and Jigo Garcia .,Jean Garcia is the only daughter of Jennica Garcia and Jigo Garcia .,1
7674,"In the TV series , Olaf Petersen is played by Mark Williams .",Olaf Petersen is played by Mark Williams in the television series .,1
19479,"`` Purple Clover '' describes the site as being for people who are `` ... still curious , still cool , and still crazy after all these years . ''","`` Purple Clover '' describes the page as for people who `` ... still curious , still cool and still crazy after all these years are '' .",1
23713,"Tynion followed up the series with an additional horror comic for Thrillbent , The House In The Wall , co-written by Noah J. Yuenkel and drawn by Eryk Donovan .","Tynion followed the series with an additional horror comic for Thrillbent , The House In The Wall , co-written by Noah J. Yuenkel and drawn by Eryk Donovan .",1
20187,"Johnson has worked in laboratories in Sydney , Townsville Queensland , Melbourne , and Boston USA in molecular genetic animal research .","Johnson has worked in animal molecular genetics in laboratories in Sydney , Townsville Queensland , Melbourne and Boston USA .",1
44927,"The members of the United Methodist Church gather in Laichingen , while the Catholics of the parish of Bad Urach are assigned in St. Joseph .","The members of the United Methodist Church gather in Laichingen , while the Catholics are used in the parish of Bad Urach in St. Joseph .",1
25234,"It is bordered to the northeast by the Pacific Ocean , to the southeast by Orchidlands Estates and to the south-west by Hawaiian beaches and Ainaloa .","It is bordered to the northeast by the Pacific Ocean , to the southeast by Orchidlands Estates , and to the southwest by Hawaiian Beaches and Ainaloa .",1
34101,He was born in Adelaide into a Scottish family from Glasgow and is the brother of footballer Ryan McGowan .,McGowan was born in Adelaide into a Scottish family from Glasgow . He is the brother of fellow footballer Ryan McGowan .,1
41268,Homage to Borsalino are the Chapeau Lamp ( 2014 ) by Philippe Starck for Flos and the sculpture The Hatband ( 2016 ) by Moritz Waldemeyer .,The Chapeau Lamp ( 2014 ) designed by Philippe Starck for Flos and the sculpture The Hatband ( 2016 ) by Moritz Waldemeyer are both tributes to Borsalino .,1
24280,"The first edition of the tournament won Eduardo Schwank versus Ricardo Mello with 6 -- 4 , 6 -- 2 in the final .","Eduardo Schwank won the first edition of the tournament against Ricardo Mello 6 -- 4 , 6 -- 2 in the final .",1
10315,Where the sum extends over all paths formula _ 40 with the property that formula _ 39 and formula _ 41 . The analogous expression in quantum mechanics is the path integral .,"Where the sum extends over all paths , Formula 40 with the property that Formula 39 and Formula 41 . The analogue expression in quantum mechanics is the path integral .",1
4467,"Thaw participated in two of the cross-country - Bendix - trophy races , which were introduced in 1931 and held annually to promote the achievements of U.S. aviation .","Thaw participated in two of the cross-country Bendix trophy races , which were instituted in 1931 and held annually to promote and encourage the achievements of U.S. aviation .",1
8934,John Hale is played by Xander Berkeley ( as Magistrate Hale ) in the 2014 TV series `` Salem '' .,John Hale is played by Xander Berkeley ( as magistrate hale ) in the TV-series 2014 `` Salem '' .,1
30949,"From 1957 until 1974 , Bassett was the owner of the Canadian Football League , a team in the Toronto Argonauts .","Bassett was the owner of the Canadian Football League , a team in the Toronto Argonauts from 1957 to 1974 .",1
36507,"Of these , 2,088 ( 18.6 % ) lived in rural areas and 9.112 ( 81.4 % ) in urban areas .","Of these , 2,088 ( 18.6 % ) lived in rural areas and 9,112 ( 81.4 % ) in urban areas .",1
38208,The building walls were made of stiff earth wall or clay with pebble floors and large stones in the upper layers .,Building walls were of wall made of stiff earth or clay with pebble bases and large stones in the upper layers .,1
8911,"Ross was originally imprisoned at North Point , then marched to Habu Dockyard and finally shipped to Innoshima where he worked at Sham Shui Po Barracks for Osaka Ironworks .","Originally , Ross was imprisoned in North Point , then marched to Habu Dockyard , and finally shipped to Innoshima , where he worked for Osaka Ironworks in Sham Shui Po Barracks .",1
34824,"He is the first son of the Argentine coach Emiliano Garré , the brother of Argentine footballer Oscar Garré and uncle of Benjamin Garré .","He is the first son of the Argentine coach Emiliano Garré , the brother of the Argentine footballer Oscar Garré and uncle of Benjamin Garré .",1
6072,"Jean Alfred Fournier had two brothers , Milenko Žujović , who wrote books on jurisprudence , and Dr. Jevrem Žujović , whose mentor Jovan Žujović was .","Jean Alfred Fournier had two brothers , Milenko Žujović , who authored books on jurisprudence , and Dr. Jevrem Žujović , whose mentor was Jovan Žujović .",1
18585,"Some of his earlier works were strictly geographical ( such as teaching films ) , others such as communism and humanity .","Some of his earlier works were strictly geographical ( such as educational films ) ; others , such as Communism and Humanity .",1
8155,Then he returned to the Auckland Rugby League competition and played for the Auckland Lions at the Bartercard Cup Level before being signed by the New Zealand Warriors .,He then returned to the Auckland Rugby League competition and also played for the Auckland Lions at Bartercard Cup level before being signed by the New Zealand Warriors .,1
24405,"The Mach number is used to evaluate whether the incompressibility can be included , otherwise the effects of compressibility must be accepted .","The Mach number is used to evaluate whether the incompressibility can be included , otherwise the effects of compressibility must be assumed .",1
41561,"The Inglewood , CA ( LA ) Campus is accredited by the Council on Occupational Education and the Inland Empire Location is a branch of the Los Angeles Campus .","LA ( Inglewood , CA ) Campus is accredited by the Council on Occupational Education and the Inland Empire Location is a subsidiary of the Los Angeles Campus .",1
32304,"The company then acquired St. Louis and Cairo Railroad , which was the narrow gauge .","The company then acquired the St. Louis and Cairo Railroad , which was narrow gauge .",1
44416,A `` Wall Street Journal '' poll in 2016 named as James Marshall 's Harrison Ford is the greatest fictional president .,"A `` Wall Street Journal '' survey in 2016 , named James Marshall 's Harrison Ford is the greatest fictional president .",1
28138,The idea of the ensemble is further discussed in the mathematical ensemble ( statistical physics ) article .,The idea of the ensemble is discussed further in the article mathematical ensemble ( Statistical physics ) .,1
39109,In 1654 the Irish parliament gave Oliver Cromwell a free hand to banish British `` undesirables '' .,"In 1654 , the Irish parliament , Oliver Cromwell , gave the free hand to banish the British `` undesirables .",1
35635,There is an enormous number of orthogonal formulas involving other polynomials .,There are an enormous number of orthogonal formulas involving other polynomials .,1
40572,"The Court Square located at Cannon County Courthouse in Woodbury , Tennessee , is an historic building and the center of county government in Cannon County .","The Court Square at the Cannon County courthouse in Woodbury , Tennessee , is a historic building and the center of County Government in Cannon County .",1
13651,Cranoe is a small village and civil community in the Harborough Leicestershire district of England .,"Cranoe is a small village and civil parish in the Harborough district of Leicestershire , England .",1
39152,He attended Meiji University and graduated from the Kawawa High School .,He attended Meiji University and graduated from Kawawa High School .,1
23290,"A few weeks later , Fixell defended his stance in an interview with HumansVsZombies.org .","A few weeks later , Fixell defended his position in an interview with HumansVsZombies.org .",1
35425,The Chișer River is a tributary of the Rât River in Romania .,The Chi `` River is a tributary of the Rât River in Romania .,1
25858,"Ponti played guitars and keyboards on the album , with the help of bassist Camus Celli , keyboard player Guy Daniel and drummer Pat Schick .","With the help of bassist Camus Celli , keyboarder Guy Daniel and drummer Pat Schick , guitars and keyboards played on the album .",1
26047,"Top Gear Hyper Bike is a motorcycle racing game for the Nintendo 64 , developed by Kemco and published by Snowblind Studios .","Hyper Bike is a motorbike racing game for the Nintendo 64 , developed by Kemco and published by Snowblind Studios .",1
10973,"Steele Indian School Park Pond is a lake in the Steele Indian School Park in Indian School Road , east of Phoenix and north of Central Avenue .","Steele Indian School Park Pond is a lake located in Steele Indian School Park in Indian School Road , east of Phoenix and north of Central Avenue .",1
23295,Note : `` NA '' -- Information was not listed on the specified page .,Note : `` NA '' -- information was not cited on the listed page .,1
14309,The 1945 Northwestern Wildcats team represented Northwestern University during the 1945 Big Ten Conference football season .,The 1945 Northwestern Wildcats team represented Northwestern University during the football season of the Big Ten Conference .,1
40228,The plant is native to northern California and in southern Oregon .,The plant is native to northern California and into southern Oregon .,1
37820,This music was composed by A. R. Johnson Principal Deborah Walker .,The music was composed by A. R. Johnson Principal Deborah Walker .,1
46101,Unlike the Indiana team in `` Hoosiers '' lost Bridgeport the championship game and finished its season with a 33-2 record .,"Unlike the Indiana team in `` Hoosiers '' , Bridgeport lost the championship game , finishing its season with a 33-2 record .",1
33079,"In the summer of 1956 , Mike Barnett took over Frank Lovejoy 's role until the end of the series in the same year .","In the summer of 1956 , Mike Barnett took over the role of Frank Lovejoy until the series ' end that same year .",1
31806,Coopers Plains railway station opened in 1885 on the south coast railway ( now the Beenleigh line ) .,Coopers Plains railway station on the South Coast railway line ( now the Beenleigh line ) opened in 1885 .,1
23378,"At the AFL session the next day , Tobin was forced to defend Beck 's actions .","At the AFL meeting the next day , Tobin was forced to defend Beck 's actions .",1
22813,The PBA season 2002 was the first franchise season in the Philippine Basketball Association ( FedEx Express ) .,The 2002 PBA season was the first season of the franchise in the Philippine Basketball Association ( FedEx Express ) .,1
39629,The development of Bas 90 began in the 1970s and started implementation in the 1980s .,The development of Bas 90 began in the 1970s and started being implemented in the 1980s .,1
44162,"On May 24 , 2017 Lajunen signed a 1-year contract with KHL from HC Spartak Moscow .","On May 24 , 2017 , Lajunen signed a 1 year contract with KHL from HC Spartak Moscow .",1
15276,ICFO also hosts a Corporate Liaison Program ( CLP ) which serves as a bridge between ICFO researchers and industries and corporations .,"ICFO also organizes a Corporate Liaison Program ( CLP ) , which serves as a bridge between ICFO researchers and industries and corporations .",1
12107,"Machar , a witness to the Confederation , was concerned about the English - young tensions in the French country .","A witness to Confederation , Machar was concerned about English -- young tensions in the French country .",1
18823,"Lillian 's mother , Marty , learns of the affair and tries to get Pearl to break off .",Lillian 's mother Marty learns of the affair and tries to persuade Pearl to break it off .,1
38227,"Ieyoshi 's official wife was Princess Takako ( 1795 -- 1840 ) , the sixth daughter of Prince Arisugawa Orihito .","The official wife of Ieyoshi was Princess Takako ( 1795 - 1840 ) , sixth daughter of Prince Arisugawa Orihito .",1
40356,"In combinatorial game theory , a game is impartial if it is not partisan .",A game is impartial in combinatorial game theory if it is not biased .,1
18672,"This drama is written by Doctor Ali Arslan , directed by Naeem Khan and produced by Eveready Pictures .","This drama was written by Doctor Ali Arslan , directed by Naeem Khan and produced by Eveready Pictures .",1
36410,"The son of Olin M. Jeffords , who served as the chief justice of the Supreme Court of Vermont , was born James Jeffords in Rutland , Vermont .","The son of Olin M. Jeffords , who served as Chief Justice of the Vermont Supreme Court , James Jeffords was born in Rutland , Vermont .",1
25568,"Oberst Acker died on 6 September 1879 in Kalamazoo , Michigan , and is buried in Union City in the state of Michigan , USA .","Colonel Acker died on September 6 , 1879 in Kalamazoo , Michigan and is buried in Union City , in the state of Michigan .",1
18915,Carol stages a conversation with Charlie about how she needs money to buy Charlie an apartment .,Carol conducts a conversation with Charlie about how she needs money to buy an apartment to Charlie .,1
26952,This is due to the reduction of excitatory synaptic transmission in a nucleus and increased excitability in motor neurons caused by nicotinic activation .,This is due to the reduction of excitatory synaptic transmission in a nucleus and the increased excitability in the motor neurons caused by nicotine activation .,1
39685,"Hector Crawford was the brother of 3DB manager and administrator Dorothy Crawford , and also brother to Curteis Crawford .","Hector Crawford was the brother of 3DB manager and administrator Dorothy Crawford , and brother of Curteis Crawford .",1
23660,Jolly 's parents settled in Rajshahi from West Bengal . Her elder sister Sharmili Ahmed is an actress .,"Jolly 's parents settled in West Bengal in Rajshahi , her elder sister Sharmili Ahmed is actress .",1
19058,"Her father , Democrat Calvin L. Rampton , served in the Utah State Senate and was unsuccessful in 1964 for the governor of Utah against Mitchell Melich .","Her father , Democrat Calvin L. Rampton , served in the Utah State Senate and ran unsuccessfully for governor of Utah in 1964 against the Mitchell Melich .",1
48865,"At UFC Fight Night 101 , Jon Tuck managed to steal a victory against Brown with a split decision .",At the UFC Fight Night 101 Jon Tuck succeeded with a split decision to steal a victory against Brown .,1
22090,"The continued popularity of this high suit in Japan has led Bandai to create a 1.5m mobile model version , which went on sale in Japan in 2007 .","The continuing popularity in Japan of this tall suit has led Bandai to create a 1.5m mobile model version , which went on sale in Japan in 2007 .",1
18199,This marine genus comes in the East China Sea and the South China Sea .,This marine genus occurs in the South China Sea and the East China Sea .,1
38944,"In 2007 , he continued as Toyota test driver and also drove for GP2 - Team Trident Racing .",In 2007 he continued as a Toyota test driver and also drove for GP2 team Trident Racing .,1
16915,"On April 17 at Lockdown , Morgan defeated Hernandez in a steel cage match to win the feud .","On 17 April , Morgan defeated in Lockdown Hernandez in a steel cage - Match to win the Feud .",1
33416,"Björn Freiberg ( born March 28 , 1970 in Isny , Allgäu ) is a German actor , painter , author , translator and former university teacher .","Björn Freiberg ( born 28 March 1970 in Isny im Allgäu ) is a German actor , painter , author , translator and former University teacher .",1
29030,"Notoacmea parviconoidea is a species of the sea snail , a true limpet , a marine gastropod mollusk in the Lottiidae family , one of the families of the true limpets .","Notoacmea parviconoidea is a species of sea snail , a true limpet , a marine gastropod mollusk in the family Lottiidae , one of the families of true limpets .",1
34987,"In 1859 , Elizabeth died and in the following year William died .",Elizabeth died in 1859 and William died the following year .,1
41902,"Elliott Gould was not exactly my idea of Philip Marlowe , but anyway there we were .","Elliott Gould was not exactly my idea of Philip Marlowe , but however , we were there .",1
25838,"Polali is a village in Bantwal taluk , in the Dakshina Kannada ( South Canara ) district of Karnataka state in India .","Polali is a village in Bantwal Taluk , in the district of Dakshina Kannada ( South - Canara ) of the state of Karnataka , India .",1
45893,Scopula anfractata is a moth of the Geometridae family and is found in Yunnan ( China ) .,Scopula anfractata is a moth of the family Geometridae . It is found in China ( Yunnan ) .,1
39213,"Other car manufacturers who have produced models with suicide doors include Opel , Lancia , Citroën , Panhard , Rover , Saab , Saturn , Škoda and Volkswagen .","Other car manufacturers that have produced models with suicide doors include Citroën , Lancia , Opel , Panhard , Rover , Saab , Saturn , Skoda and Volkswagen .",1
31666,"It is now written by Bread for the city , a local social services organization , and above the door is used `` dignity , respect , service '' .","It is now written by Bread for the City , a local social service organization , and above the door is used `` Dignity , Respect , Service . ''",1
40073,"Vevey is a city in Vaud in the Canton of Switzerland , on the north shore of Lake Geneva , near Lausanne .","Vevey is a town in Vaud in the canton Switzerland , on the north shore of Lake Geneva , near Lausanne .",1
35375,"Hugo Santana Páez ( born September 5 , 1967 ) is a Mexican football manager and former player .","Hugo Santana Páez ( born September 5 , 1967 ) is a Mexican football manager and previous player .",1
10761,"By road it is located 21 kilometres northwest of Bururi and 12.6 kilometres southeast of Vyanda , and south of Muyuga .",It is 21 kilometres north-west of Bururi by road and 12.6 kilometres southeast of Vyanda and south of Muyuga .,1
46825,The club is renowned for developing young players and playing many homegrown players .,The club is renowned for developing young players and playing many local players .,1
29717,"The water of Nescopeck Creek is the hardest water in the Stony Creek watershed , with a concentration of over 100 milligrams of dissolved minerals per litre .","Nescopeck Creek 's water is the hardest water in the Stony Creek watershed , with a concentration of over 100 milligrams per liter of dissolved minerals .",1
10301,"The Club - Kit is a red or black vertical striped vest or crop - top with red decorative bars , with white and black running shorts or hotpants .","The club kit is a red or black vertically striped vest or crop top with red trim , with white and black running shorts or hotpants .",1
25667,Chabrian Jattan is a village in Mirpur Tehsil by Azad Kashmir in the Mirpur district of Pakistan .,"Chabrian Jattan is a village in the Mirpur Tehsil of Mirpur District of Azad Kashmir , Pakistan .",1
28496,"Tony Holm ( May 22 , 1908 - July 15 , 1978 ) , called Bernard Patrick Holm , was a professional American football player .","Tony Holm ( May 22 , 1908 -- July 15 , 1978 ) , nicknamed Bernard Patrick Holm , was a professional American football player .",1
27180,"The Greeks and Romans identified the region as Gangaridai , a historical kingdom of the powerful subcontinent , in the 3rd century BCE .","In the 3rd century BC the Greeks and Romans identified the region as Gangaridai , a historical kingdom of the mighty subcontinent .",1
6352,"On the other hand , John McCain lost the state badly to the opponent , Mitt Romney , who won 60 % of the vote .","On the other hand , John McCain badly lost the state to opponent Mitt Romney , who gained 60 % of the vote .",1
23445,Sakura Spirit is a 2014 visual novel developed by Winged Cloud and published by Sekai Project .,"Sakura Spirit is a visual novel from 2014 , developed by Winged Cloud and published by Sekai Project .",1
32729,"This is a list of Locomotives of the `` Polish State Railways , PKP '' ( Polskie Koleje Państwowe ) .","This is a list of locomotives of the `` Polish National Railways , PKP '' ( Polskie Koleje Państwowe ) .",1
41975,None of the Polish-Russian treaties concerning Kiev has ever been ratified .,None of the Russian-Polish treaties concerning Kiev have ever been ratified .,1
33128,"After four years in Australia , he returned to Paris in 1982 and resumed his professorship at the ANU .","Slatyer returned to Paris in 1982 , after four years in Australia , and resumed his professorship at ANU .",1
47199,Paavo Mikkonen ( born 25 January 1942 ) is a Finnish former sports shooter .,"Paavo Mikkonen ( born January 25 , 1942 ) is a former Finnish sports shooter .",1
11126,His musical imagination and his extraordinary improvisations are a joy to those who listen to him. ``,His musical imagination and his extraordinary improvisations are a joy for those who listen to him .,1
4382,The Indian - Tamil drama film of 1958 is directed by D. Yoganand and produced by V. Govindarajan .,Is 1958 black-and-white Indian Tamil drama film directed by D. Yoganand and produced by V. Govindarajan .,1
16224,"Lü Bu 's second wife , who was only mentioned by name in the novel , was a fictional daughter of Cao Bao .","The second wife of Lü Bu , who was mentioned only by name in the novel , was a fictional daughter of Cao Bao .",1
13889,"The album was produced by Billy Harvey , and featured contributions by Rafael Gayol and the Tosca String Quartet .",The album was produced by Billy Harvey and contributed by Rafael Gayol and the Tosca String Quartet .,1
35359,"There are no stops in West Bridgewater , but there are stops in Bridgewater and the Campello section of Brockton .","There are no stops in West Bridgewater , but there are bus stops in Bridgewater and the Campello section of Brockton .",1
32130,"In 1942 , Breton collaborated with the artist Lam on the publication of Breton 's poem `` Fata Morgana '' , illustrated by Wifredo Lam .","In 1942 , Breton collaborated with artist Lam on the publication of Breton 's poem `` Fata Morgana '' , which was illustrated by Wifredo Lam .",1
46882,"During the 1850s , missionaries were sent to Germany , Hawaii , France , Italy , Scandinavia , Switzerland , India , Chile and a number of other countries .","In the 1850s , missionaries were sent to Germany , Hawaii , France , Italy , Scandinavia , Switzerland , India , Chile , and a number of other countries .",1
25288,"It was also more terrestrial , with its remains discovered in inland forests and sub-Alpine regions as well as coastal wetlands .","It was also more terrestrial , with its remains discovered in inland forests and subalpine regions as well as coastal wetlands .",1
35880,"A total of 16 teams participated , but only 13 teams qualified in the finals of the Olympic tournament .","In total , 16 teams participated , but only 13 teams qualified for the finals of the Olympic tournament .",1
17341,Char Hesamaddi is a village in the Barisal District of Barisal Division in Southern Central Bangladesh .,Char Hesamaddi is a village in Barisal District in the Barisal Division of southern-central Bangladesh .,1
4770,Patrick Walsh is the brother of Carlow footballer Tommy .,Patrick Walsh is the brother of Carlow 's footballer Tommy .,1
43761,The role of the corpus callosum in epilepsy is the interhemispheric transmission of epileptiform discharges .,The role of corpus callosum in the epilepsy is the interhemispheric transmission of epileptiform discharges .,1
35008,"These dioceses had indirect election of four members , direct election of three members .","These dioceses had an indirect election of four members , direct election of three members .",1
40089,Indoor - Sport was a demonstration sport for the Asian Electronic and Martial Arts Games 2017 .,Indoor sports for the 2017 Asian Electronic and Martial Arts Games was be a demonstration sport .,1
7626,It was built by architect Henry L. Taylor and designed by O. R. Woodcock .,"Built by the architect Henry L. Taylor , it was designed by O. R. Woodcock .",1
43859,The development of Bas 90 started in the 1970s and began implementation in the 1980s .,The development of Bas 90 began in the 1970s and started implementation in the 1980s .,1
24765,"`` acting for '' has the same basic meaning as `` Acting '' , except it indicates that the original occupant of the position still formally holds power .","`` Acting for '' has the same basic meaning as '' acting `` , except that it indicates that the original occupant of the position is still formally holding power .",1
38572,"In 2009 , Wizard canceled the event in Texas and postponed the Los Angeles Convention .","In 2009 , Wizard canceled the Texas event and postponed the Los Angeles convention .",1
45971,"Felipe Francisco Molina y Bedoya was a diplomat from Costa Rica , born in the city of Guatemala . He became Chancellor of the Federal Republic of Central America .","Felipe Francisco Molina y Bedoya was a diplomat born in Guatemala from Costa Rica , the Chancellor of the Federal Republic of Central America .",1
12753,"Mike Hart ( also known as Mike Harthcock ) is an American poker poker player from Winter Haven , Florida .","Mike Harthcock ( also known as Mike Hart ) is an American poker player from Winter Haven , Florida .",1
10700,He is a specialist in baroque and contemporary music .,He is a specialist in contemporary music and Baroque music .,1
48178,This series was exclusive to Wal-Mart Canada but was eventually sold in the Spawn Store online .,"This series was exclusive to Wal-Mart Canada , but was finally sold online in the Spawn Store .",1
39406,"The following organs have been visited : Argao in Bohol ( still playable ) and Loboc , Baclayon , Loay , Maribojoc and Antiquera in Cebu .","The following organs were visited : Argao in Bohol ( still playable ) and Loboc , Baclayon , Loay , Maribojoc and Antiquera in Cebu .",1
41462,"AMBIT is a symbolic programming language , introduced in 1964 by Carlos Christensen of Massachusetts Computer Associates for historical calculation .",AMBIT is a symbolic programming language that was introduced by Carlos Christensen of Massachusetts Computer Associates in 1964 for historical computation .,1
44968,The 1990 PBA season was the 16th PBA ( Philippine Basketball Association ) season .,The PBA season of 1990 was the 16th season of the Philippine Basketball Association ( PBA ) .,1
30104,"The western extension of London ’ s congestion charge was withdrawn in 2007 ( and introduced on January 1 , 2011 ) .",The Western Extension of the London congestion charge was withdrawn in 2007 ( and introduced on 1 January 2011 ) .,1
38637,It was premiered on 30 September 2012 at the Borneo Eco Film Festival as it was the first time shown in Borneo .,"It was premiered at the Borneo Eco Film Festival on September 30 , 2012 , for the first time it was shown in Borneo .",1
20969,"Therefore , the optimal language is additive up to this universal constant .",The optimum language up to this universal constant is therefore additive .,1
253,"In other words , `` die '' or `` remember that you will remember '' .","In other words , `` die death '' or `` remember that you will remember '' .",1
30518,Note also the use of the codice _ 13 attribute to mark the codice _ 6 elements as non-translatable .,Also note the use of the codice 13 attribute to mark the codice 6 items as non-translatable .,1
27079,Tuckerton is located in the 2nd Congressional District and is part of the 9th State Legislative District in New Jersey .,Tuckerton is located in the 2nd Congressional District and is part of New Jersey 's 9th state legislative district .,1
45243,Faiyaz Ali Khan was to Sir Muhammad Faiz Ali Khan in 1851 .,Faiyaz Ali Khan was born in 1851 to Sir Muhammad Faiz Ali Khan .,1
19666,Cochran added a 57-yard punt return for a score in the fourth quarter and went 45 yards with an interception for a touchdown in the third quarter .,Cochran added a 57-yard punt return for a hang in the fourth quarter and went 45 yards with an interception for a touchdown in the third quarter .,1
37692,The most important use of lead dioxide is the cathode of lead batteries .,The most important use of lead dioxide is as the cathode of lead acid batteries .,1
14302,"In 2016 , 3.9 % of children attended primary schools in bilingual education .","In 2016 , 3.9 % of children attended primary school in bilingual education .",1
24898,"Robert Holland ( 1569 -- 1633 ) , the son of Hugh Holland , was born in Denbigh in the north of Wales .",The son of Hugh Holland ( 1569 - 1633 ) was born in Denbigh in the north of Wales .,1
26659,"Asha is the first Indian and the second Asian to win that captivity , the first Asian to win Miss Supranational is Mutya Datul from the Philippines .","Asha is the first Indian and second Asian to win the said pageant , the first Asian to win Miss Supranational is Mutya Datul from Philippines .",1
23452,"Three ships of the United States Navy have been named John G. Cowell , after Cowell .",Three United States Navy ships have been named after Cowell John G. Cowell .,1
18683,"The development will include 4,000 houses , apartments , hotels and mixed and commercial plots .","The development will include 4,000 houses , apartments , hotels and mixed & commercial use plots .",1
5429,"Diloma radula is a species of sea snail , a top gastropod mollusk in the family Trochidae , the marine snails .","Diloma radula is a species of sea snail , a top gastropod mollusk in the Trochidae family , the naval snails .",1
40552,They all have very large radii and exhibit an unusually large atomic and ionic range of physical properties .,They all have very large radii and have an unusually large atomic and ionic range of physical properties .,1
10479,"It is found from Fennoscandinavia to the Pyrenees , Italy , and Greece and from Great Britain to Russia and Ukraine .","It is found from Fennoscandinavia to the Pyrenees , Italy and Greece and from Britain to Russia and Ukraine .",1
4725,"Before the unification of Yemen in 1990 , the law set the minimum age of marriage at 16 in South Yemen and 15 in the north .","Prior to the unification of Yemen in 1990 , the law set the minimum age of marriage at 16 in South Yemen and 15 in the north .",1
40811,"Benzoylfentanyl was banned in Sweden in September 2017 , and in Finland in October 2017 .","In September 2017 , benzoylfentanyl was banned in Sweden , in October 2017 in Finland .",1
38972,Further editions of the book were published by Cressey and Sutherland as co-authors after the death of D. F. Luckenbill in 1950 .,Further editions of the book were published after D. F. Luckenbill 's death in 1950 by Cressey and Sutherland as co-authors .,1
22207,"The 375th Airlift Squadron ( 457 AS ) is part of the 457th Air Mobility Wing and is stationed in the Andrews Air Force Base , Maryland .","The 375th Airlift Squadron ( 457 AS ) is part of the 457th Air Mobility Wing and is stationed at Andrews Air Force Base , Maryland .",1
37304,The chief editor is Michael Mullins and the assistant editor is Tim Kroenert .,The chief editor is Michael Mullins and the assistant is Tim Kroenert .,1
45171,The Old Harbour Bay celebrated on 13 May the arrival of the East Indians in Jamaica .,Old Harbour Bay has always celebrated the arrival of the East Indians in Jamaica on 13 May .,1
38404,Edzard II was an ancestor of the Queens Elizabeth II and the Beatrix of the Netherlands .,Edzard II was an ancestor of Queens Elizabeth II and Beatrix of the Netherlands .,1
34381,"In 1236 , Haakon Haakonsson , son of Gille Brigte , Mormaer of Angus , was granted the Jarldom of Orkney by King Magnus .","In 1236 , Haakon Haakonsson , son of Gille Brigte , Mormaer of Angus , was awarded by King Magnus the Jarldom of Orkney .",1
37622,"In South and Central America the song reached the top 10 in Colombia , Mexico and Venezuela , the top 5 in Guatemala and No . 1 in Argentina .","In South and Central America , the song reached the top 10 in Colombia , Mexico and Venezuela , top 5 in Guatemala , and No . 1 in Argentina .",1
13665,They can often be heard long before they are seen .,They can be heard often long before they are seen .,1
12295,Birleffi was of Protestant ethnicity and Roman Catholic in a predominantly Italian state .,Birleffi was of Protestant origin and Roman - Catholic in a predominantly Italian state .,1
48138,"Carlos Robacio , BIM5 - Commander , was awarded the Argentine nation to the Valour in Combat Medal and the Battalion itself was awarded by the Argentine Congress in 2002 .","Carlos Robacio , BIM5 commander , was decorated the Argentine Nation to the Valour in Combat Medal and the battalion itself was awarded by the Argentine Congress in 2002 .",1
43564,"In contrast to predictive factor theory , specific components of therapy have shown a common power here .","Here , in contrast to the predictive factor theory , specific components of the therapy have shown common power .",1
34232,"In 2012 , for the Italian progressive group Karnya , Francesca Naccarelli made some violins - arrangements and the singer Claudio Nigris is in a song to guest .","In 2012 , for Italian progressive group Karnya , Francesca Naccarelli made some violins arrangements and the singer Claudio Nigris is guest in a song .",1
40821,"Cast glass windows , albeit with poor optical qualities , began to appear in the most luxurious buildings in Rome and the most important villas of Herculaneum and Pompeii .","In the most luxurious buildings in Rome and in the most important villas of Herculaneum and Pompeii , cast glass windows appeared , albeit with poor optical qualities .",1
27732,"The technological center was founded as a result of the cooperation between the Armenian Government , the Enterprise Incubator Foundation and the World Bank .","The technological center was founded as a result of the cooperation between the Armenian government , World Bank and the Enterprise Incubator Foundation .",1
7393,Most of the elephants found in Sumatran camps were captured in protected areas after the harvest .,Most of the elephants found in Sumatran camps were captured after crop-raiding in protected areas .,1
41235,"Additional land was transferred from Malden ( 1817 ) , Everett ( 1875 ) and Malden ( 1877 ) to Medford .","Additional land was transferred to Medford from Malden ( 1817 ) , Everett ( 1875 ) , and Malden ( 1877 ) again .",1
38061,The Cârlibaba - River is a tributary of the River Tătarca in Romania .,The Cârlibaba River is a tributary of the Tătarca River in Romania .,1
1092,"Its unusually muscular tail is used for balance , and its thighs are long , dark brown .","Its unusually muscular cock is used for balance , and its thighs are long , dark brown .",1
49394,"Tim Henman won in the final 6 -- 2 , 7 -- 6 , against Yevgeny Kafelnikov .","Tim Tim Henman won 6 -- 2 , 7 -- 6 against Yevgeny Kafelnikov in the finals .",1
45279,"Pennypacker , born in Southampton , New York , moved to Pennsylvania shortly after the turn of the century before moving on Long Island to New York City .","Born in Southampton , New York , Pennypacker moved to Pennsylvania a little after the turn of the 20th century before moving to New York City on Long Island .",1
20972,"Grose Wold is a suburb of Sydney , in the state of New South Wales , Australia . It is located in the city of Hawkesbury .","Grose Wold is a suburb of Sydney , in the state of New South Wales , Australia . It is in the City of Hawkesbury .",1
27130,"The production was repeated from 8 June , 2011 in Berlin and from 8 July , 2012 in Amsterdam .",The production was repeated in Berlin from 8 June 2011 and in Amsterdam on 8 July 2012 .,1
9897,"Jack Arnold , the film stars John Agar and Lori Nelson , directed .","Directed by Jack Arnold , the film stars John Agar and Lori Nelson .",1
45252,RegionsAir operated as AmericanConnection until March 2007 and Trans States Airlines operated as AmericanConnection until May 2009 .,"Until March 2007 , RegionsAir was operated as AmericanConnection and until May 2009 as AmericanConnection of Trans States Airlines .",1
19772,Dyson died on board a ship while travelling from England to Australia in 1939 and was buried at sea .,Dyson died on board a ship when he was travelling from England to Australia in 1939 and buried at sea .,1
16795,The third and final series started in May 2011 . Javone Prince and a returning Marek Larwood appeared in the new series .,The third and final series started in May 2011 . In the new series Javone Prince and a recurring Marek Larwood appeared .,1
41284,"He has pioneered important developments in wood sculpting , in parallel with those driven by Filippo Parodi in the marble sculpture and Domenico Piola in painting .","He pioneered important developments in the style of sculpting in wood , parallel to those driven by Filippo Parodi in marble sculpture and Domenico Piola in painting .",1
8769,"When the resistance loop becomes bad , this shows a planar compliance of the lung .","If the resistance loop becomes bad , this shows a planar compliance of the lung .",1
4186,"The Nottawa Creek , also known as Nottawa River , flows through Athens .","The Nottawa Creek , also known as the Nottawa River , flows through Athens .",1
11522,"Enrique Ponce ( born December 8 , 1971 in Chiva , Valencia , Spain ) , also known as Alfonso Enrique Ponce Martínez , is a famous Spanish bullfighter .","Alfonso Enrique Ponce Martínez ( born December 8 , 1971 in Chiva , Valencia , Spain ) is also known as Enrique Ponce , a famous Spanish bullfighter .",1
48327,"In 1958 , he spoke throughout East Asia and Western Europe , and in Northern Ghana in 1961 .","In 1958 he spoke throughout East Asia and in Western Europe , and in 1961 in Northern Ghana .",1
20677,"Jovan Karamata is the Phillips Professor of Mathematics at Yale University . Coifman earned a doctorate from the University of Geneva in 1965 , supervised by Ronald Raphael Coifman .","Jovan Karamata is a Phillips professor of mathematics at Yale University , doctorate from the University of Geneva in 1965 and supervised by Ronald Raphael Coifman .",1
3776,Iaquinta confronted Mitch Clarke at UFC 173 on 24 May 2014 .,"Iaquinta faced Mitch Clarke at UFC 173 on May 24 , 2014 .",1
33857,"It was known for its local wine , produced in the fertile farms that characterized the parish until the mid-twentieth century .","It was well known for its local wine , produced in the fertile farms that characterized the parish until the mid-twentieth century .",1
19864,Between five and twelve blossoms are loosely arranged along a high stem or more flowers .,Between five and twelve flowers are loosely arranged along a high stem or more flowering .,1
24423,"The scenes in the marshes were also shot in Gillingham , at Riverside Country Park in Kent .",The scenes in the marshes were also shot in Gillingham at the Riverside Country Park in Kent .,1
4348,On 22 September 1904 he joined Bishop Guerin and returned on 24 January 1905 to Béni Abbès .,"Charles joined Bishop Guerin on September 22 , 1904 and returned to Béni Abbès on 24 January 1905 .",1
17752,"Susannah Louisa Barnett married Lorenzo Giuntini on 11 September 1866 in Frome , Somerset and had 8 children .","Louisa Barnett married Lorenzo Giuntini in Frome , Somerset on 11 September 1866 and got 8 children .",1
14079,It flows north near Pietragalla and curves to the east north of Cancellara and south of Bradano .,It flows north near Pietragalla and curves eastward north of Cancellara and south of the Bradano .,1
9100,"In September 2015 , Morimoto opened the pan-Asian restaurant Morimoto Asia in Disney Springs at Walt Disney World in Florida .","In September 2015 , Morimoto opened the Pan-Asian restaurant Morimoto Asia at Disney Springs in Walt Disney World in Florida .",1
29063,"Enrique Franco Aguilar ( Mazatlán , December 19 , 1938 ) is a Mexican-born American songwriter .","Enrique Franco Aguilar ( Mazatlán , 19 December 1938 ) is a Mexican-born naturalized American songwriter .",1
16183,"Cashel is a village in Ireland , in the province of Connacht , County Galway .","Cashel is a village in the province of Connacht , County Galway , Ireland .",1
2057,"Bandra is a neighborhood located in western Mumbai in the state of Maharashtra , India . Many personalities active in Bollywood , cricket and politics reside in Bandra .","Bandra is a neighborhood located in western Mumbai in the state of Maharashtra , India Many personalities active in Bollywood , in cricket and politics , live in Bandra .",1
27042,"It had been directed by the governor of Rome , Ludovico Spada Veralli Potenziani , who was commissioned by Mussolini to manage the Capital .","It was led by the Governor of Rome , Ludovico Spada Veralli Potenziani , who had been commissioned by Mussolini to run the capital .",1
6391,"Hugh Holland ( 1569 -- 1633 ) , the son of Robert Holland , was born in Denbigh in the north of Wales .","Hugh Holland ( 1569 - 1633 ) , the son of Robert Holland , was born in Denbigh in the north of Wales .",1
32622,"In this sense , the biquaternions of William Rowan Hamilton ( 1844 ) and the dual Split - biquaternions and related quaternions do not form biquaternion - algebras .",The biquaternions of William Rowan Hamilton ( 1844 ) and the dual split-biquaternions and related quaternions do not form biquaternion algebras in this sense .,1
33110,"`` Chuck versus the Family Volkoff '' is the 20th episode of the fourth season of `` Chuck '' , and the 74th overall sequence of the series .","`` Chuck Versus the Family Volkoff '' is the 20th episode of the fourth season of `` Chuck '' , and the 74th overall episode of the series .",1
22864,This species comes from southern California in the Pacific Ocean to Peru .,This species occurs in the Pacific Ocean from Southern California to Peru .,1
34605,"The team , founded in 1906 , took the first American `` double '' when in 1912 the National Association Football League and the American Cup won .","Founded in 1906 , the team took the first American `` double '' when it won the 1912 National Association Football League and American Cup titles .",1
2210,"ABC Books has released seven paperback novels , each based on a particular episode and from the perspective of a single character .","ABC Books has released seven paperbacks - novels , each based on a particular episode and from the perspective of a single character .",1
30421,"She also opened for Shiatzy Chen , Yves Saint Laurent , Karl Lagerfeld and Alexander McQueen , and closed for Prada , Costume National and Louis Vuitton .","She also opened for Shiatzy Chen , Yves Saint Laurent , Karl Lagerfeld and Alexander McQueen and closed for Prada , Kostüm National and Louis Vuitton .",1
21492,The Chapeau Lamp ( 2014 ) designed by Moritz Waldemeyer for Flos and the sculpture The Hatband ( 2016 ) by Philippe Starck are both tributes to Borsalino .,Borsalino are the sculptures by Moritz Waldemeyer for Flos designed Chapeau Lamp ( 2014 ) and the sculpture The Hatband ( 2016 ) by Philippe Starck .,1
38212,"In 2014 , A. R. Rahman recorded a song at a Singapore studio for Chithra 's private album `` Raunaq '' written by Kapil Sibal .","In 2014 , A. R. Rahman adopted a song for Chithra 's private album `` Raunaq '' in a Singapore studio , written by Kapil Sibal .",1
21059,"She also appears in `` , where a vision of Freddy prompted her to meet with other survivors from Freddy and Jason .","She also appears in `` , where a vision of Freddy causes her to meet with other Freddy and Jason survivors .",1
23382,"In 1994 , Crowden played the role of Professor Pollux in the BBC TV adaptation of the John Hadfield - novel `` Love on a Branch Line '' .","In 1994 , Crowden played the part of Professor Pollux in the BBC TV adaptation of the John Hadfield novel `` Love on a Branch Line '' .",1
6357,The Department of Dramatic Speaking and Public Arts was originally run by T. Earl Pardoe .,The department of dramatic speaking and public arts was originally headed by T. Earl Pardoe .,1
13465,"According to the United States Census Bureau , Irvine has a total area of , of which is land and , or 5.13 % , is water .","According to the United States Census Bureau , Irvine is a total surface area of which is land and , or 5.13 % , has water .",1
14809,"After the death of his father , King George , he was elected king in the presence of James Holman on March 4 , 1827 .","Following the death of his father , King George , he was elected King on 4th March 1827 in the presence of James Holman .",1
33358,Louisa Baïleche performed on the Comédie-Française stage as well as in the folies Bergère in a musical version of the French `` Nine '' .,"Louisa Baïleche has performed on the Comédie-Française stage as well as the Folies Bergère , in a musical version of the French `` Nine '' .",1
22989,"The Monroe Free Press is a weekly newspaper serving Monroe , Louisiana , El Dorado , Arkansas .","The Monroe Free Press is a weekly newspaper serving Monroe , Arkansas , El Dorado , Louisiana area .",1
2135,She is a wife of Tania Cagnotto and mother of Giorgio Cagnotto .,She is the wife of Tania Cagnotto and mother of Giorgio Cagnotto .,1
17338,"During the fight , Steedman was wounded when his horse was shot under him and killed .","During the fight , Steedman was wounded when his horse was shot and killed under him .",1
13003,"On April 25 , 2016 , Robinson was traded to the Portland Steel for Jamar Howard .","On April 25 , 2016 , Robinson was traded for Jamar Howard to Portland Steel .",1
2697,"Deaton was born in Clayton , Oklahoma and his family lived in a tent on the New Mexico plains for two years .","Deaton was born in Clayton , Oklahoma , and his family lived for two years in a tent in the plains of New Mexico .",1
11885,"It is located next to the hamlet of Hickstead , to the west of Burgess Hill and adjacent to the main road A23 from London to Brighton .","It is located next to the hamlet of Hickstead , to the west of Burgess Hill and adjacent to the main A23 road from London to Brighton .",1
368,The Lucknow -- Sitapur -- Seramow Provincial State Railway merged with the Bareilly -- Pilibheet Provincial State Railway to form the Lucknow -- Bareilly Railway on 1 January 1891 .,The Lucknow -- Sitapur -- Seramow Provincial State Railway merged with the Bareilly -- Pilibheet Provincial State Railway to the Lucknow -- Bareilly railway on 1 January 1891 .,1
12334,"During a transit , Mars would be visible from Earth as a small black disc moving over the face of the sun .","During a transit , Mars would be visible from Earth as a small black disc moving across the face of the Sun .",1
25285,"2 . To bring together those interested directly or indirectly in matters of accounting , to encourage the exchange of ideas , and to promote mutual assistance between members .","2 . To bring together those interested in accounting issues directly or indirectly , to promote the exchange of ideas and to promote mutual assistance between members .",1
18837,"Warrington died on February 10 , 1906 in Brentford , Middlesex , and his will was demonstrated in London on March 29 .","Warrington died on 10 February 1906 in Brentford , Middlesex , and his will was proved on 29 March in London .",1
39015,The Piatra Caprei River is a tributary of the Sâmbăta River in Romania .,The River Piatra Caprei is a tributary of the Sâmbăta river in Romania .,1
39232,Jassie Gift is the music director and Krishna Kumar is the cameraman of the film .,Jassie Gift is the music director and Krishna Kumar is the cinematographer of the film .,1
41049,Cedric Robinson ( Cedric der Entertainer ) is a coach at High School and Steve 's longtime best friend .,"Cedric Robinson ( Cedric the Entertainer ) is a coach at the high school , and Steve 's longtime best friend .",1
33076,"The Director-General , Mr Lee Hsien Yang , is led by CAAS , with Mr Kevin Shum serving as Chairman of the Board .","CAAS is led by Director-General Mr Lee Hsien Yang , with Mr Kevin Shum serving as the board 's Chairman .",1
32276,"In the past , we remember the other Maran , a famous Indian intelligence officer of DHEIVA THAAI from 1964 .","In the past , we remember the other Maran , an Indian intelligence famous officer from DHEIVA THAAI of 1964 .",1
21094,"Matsumoto previously played for Tokushima Vortis , Shonan Bellmare and Kyoto Purple Sanga .","Matsumoto played before for Kyoto Purple Sanga , Shonan Bellmare and Tokushima Vortis .",1
26106,"Inside there are colonial objects , including an old church bell from 1801 and historical paintings and photographs","Inside there are colonial objects , including an old church bell of 1801 and historical paintings and photographs .",1
5123,The Suceviţa River is a tributary of the Rusca River in Romania .,The Suceviţa River is a tributary of the River Rusca in Romania .,1
33720,"When Russ asked him to play guitar in the new band , Aaron agreed .","When Russ asked him to play guitar in the new band , Aaron agreed to .",1
20121,"It is found in Serbia and Montenegro , Bosnia and Herzegovina , Croatia , the Republic of Macedonia and Bulgaria , as well as Turkey , Azerbaijan and Iran .","It was found in Serbia and Montenegro , Bosnia and Herzegovina , Croatia , the Republic of Macedonia and Bulgaria , as well as Turkey , Azerbaijan and Iran .",1
23275,"This novel has been translated into Bulgarian , Croatian , Swedish , Polish , Russian , Korean , French , Norwegian and Dutch .","The novel has been translated into Russian , Croatian , Swedish , Polish , Bulgarian , Korean , French , Norwegian and Dutch .",1
5803,"Khong Chai is a district ( `` Amphoe '' ) in the northeastern part of the Kalasin province , South Thailand .","Khong Chai is a district ( `` amphoe '' ) in the northeastern part of Kalasin Province , southern Thailand .",1
36911,It was developed by Monster Games and was published by Hasbro Interactive .,It was developed by Monster Games and published by Hasbro Interactive .,1
36756,"Synaptic clustering refers to the addition of new spines in a dendritic area , where other spines have been added by previous learning .",Synaptic clustering refers to the addition of new spines to a dendritic area where other spines have been added by previous learning .,1
34033,"Although Porter survived , neither he nor Walsh were charged with either the draper or Irving 's death .","Although Porter survived , neither he nor Walsh were charged with either Draper or Irving 's death .",1
20880,"U.S. Route 1 Business was established in 1960 , as a renumbering of US 1A through Gill and downtown Henderson , via Raleigh Road and Garnett Street .",US Route 1 Business was founded in 1960 as a renumbering of U.S. 1A via Gill and Downtown Henderson via Raleigh Road and Garnett Street .,1
48569,"Joffre Stewart ( born 1925 ) is an early poet , anarchist , and pacifist , known for his early involvement in the American beat movement .","Joffre Stewart ( born 1925 ) is an early poet , anarchist , and pacifist known for his early participation in the American Beat movement .",1
20820,The expansion of China Airlines international presence has long been limited by the political status of Taiwan .,The expansion of the international presence of China Airlines has long been limited by the political status of Taiwan .,1
40716,Augustus was 17 BC during the reign of Gaius Furnius Consul .,"Augustus was consul in 17 BC , during the reign of Gaius Furnius .",1
1142,The system connects the city of Caracas with the capital city of Los Teques .,The system connects the city of Caracas with the capital of Los Teques .,1
25386,"Chiang received 1,012 out of 1,064 votes while Lee received 873 votes .","1,012 out of 1,064 votes , while Lee received 873 votes .",1
33981,"Nirimba is a rural locality in the Shire of Murray in the South Yunderup of Peel Region , located directly south of the Austin Cove development in Western Australia .","Nirimba is a rural locality in the Shire of Murray in the South Yunderup of the Peel Region , just south of the Austin Cove development in Western Australia .",1
28008,"At the end of this `` Dasaratha-Jataka '' discourse , the prior text declares that the Buddha in his Buddhist rebirth was Rama .","At the end of this '' Dasaratha-Jataka `` discourse , the previous text declares that Buddha was Rama in his Buddhist rebirth .",1
20413,I played a role at the coronation of Emperor Matthias in 1612 and the election of Emperor Ferdinand in 1619 .,Johann Reinhard I played a role in the coronation celebrations of Emperor Matthias 1612 and the election of Emperor Ferdinand in 1619 .,1
47962,"Nicky Romero ( born 6 January 1989 ) , professionally known as Nick Rotteveel , is a Dutch DJ , record producer , musician and remixer .","Nicky Romero ( born January 6 , 1989 ) , known professionally as Nick Rotteveel , is a Dutch DJ , record producer , musician and remixer .",1
5236,"Valley Downs is a district of Louisville , Kentucky , USA , along Omar Khayyam Boulevard , south of Johnsontown Road .","Valley Downs is a neighborhood of Louisville , Kentucky , USA located along Omar Khayyam Boulevard south of Johnsontown Road .",1
4802,The Hallets Cove Terminal is located in Astoria between the Astoria Houses project and Socrates Sculpture Park .,The Hallets Cove terminal is located in Astoria between the Astoria Houses public housing project and Socrates Sculpture Park .,1
5860,"It was found in Uganda , the Democratic Republic of the Congo , Rwanda and Burundi .","It is found in Uganda , the Democratic Republic of the Congo , Rwanda , and Burundi .",1
22434,"Kuroń , Modzelewski and Michnik were imprisoned again and a majority of the `` Komandosi '' members were detained .","Kuroń , Modzelewski and Michnik were arrested again , and the majority of `` Komandosi '' members were imprisoned .",1
17026,"He has two career hat-tricks , the first against the Edmonton Oilers and the second against the Vancouver Canucks on December 8 , 2009 .","He has two careers - Tricks , the first against the Edmonton Oilers and the second against the Vancouver Canucks on 8 December 2009 .",1
23920,"Rebana in Jakarta is particularly connected with the Muslim community , such as the Minang in Sumatra and the Betawi in Indonesia .","Rebana in Jakarta is particularly associated with the Muslim community , such as the Minang in Sumatra and the Betawi in Indonesia .",1
15869,Rajasthan Royals is the official clothing sponsor of Provogue in the Indian Premier League and the official clothing sponsor for all teams of the Indian Cricket League .,Rajasthan Royals is the official clothing sponsor of Provogue in the Indian Premier League and the official sponsor for clothing of all teams in the Indian cricket league .,1
48045,This results in invariant factor decomposition and the diagonal entries of the Smith - normal form are the invariant factors .,"This yields the invariant factor decomposition , and the diagonal entries of Smith normal form are the invariant factors .",1
10829,"None of these songs , with the exception of `` Live to Rise '' , is heard in the film .","None of these songs , with the exception of `` Live to Rise , '' are heard in the film .",1
26141,"The `` World Atlas for Language Structures '' has a global map of 400 languages and chapter text , including geographical discussion :",The `` World Atlas of Language Structures '' has a global map showing 400 languages and chapter text including geographical discussion :,1
26837,Tennehena is a village in Sri Lanka within Central Province .,Tennehena is a village in Sri Lanka within the central province .,1
9338,"Hummer briefly pursued a broadcasting career in 1996 . He first worked for TVG Network , a horse racing network .","Hummer pursued a broadcasting career briefly in 1996 , first working for TVG Network , a horse racing network .",1
27388,"A strange dark boy , mistreated by his parents , offers a young rider a play of his meal .","A strange dark boy , mistreated by his parents , offers a young rider a piece of his meal .",1
9598,"Burnside Township is bordered by Clearfield County to the northwest , Clinton County to the north , Curtin Township to the east and Snow Shoe Township to the southeast .","Burnside Township is bordered to the northwest by Clearfield County , to the north of Clinton County , to the east by Curtin Township and to the southeast by Snow Shoe Township .",1
10172,"The incident was not originally reported by state-controlled international media , but was first reported by Iranian media .","The incident was not originally reported by the state-controlled international media , but was instead first reported on by Iranian media .",1
1688,"The Grand Marquis LSE , introduced in the spring of 2001 , had a rear air suspension , the higher rear axle translation and the 4.6 litre dual exhaust engine .","Introduced in the Spring of 2001 , the Grand Marquis LSE had rear air suspension , the higher rear axle ratio and the dual exhaust 4.6 L engine .",1
28517,"He developed players like Nedko Nedev , Ivan Derventski , resorts Kirov , Stefan Bogomilov , Bozhil Kolev , Stefan Yanev , Damyan Georgiev .","He developed players like Nedko Nedev , Ivan Derventski , Spas Kirov , Stefan Bogomilov , Bozhil Kolev , Stefan Yanev , Damyan Georgiev .",1
4738,The prone 10 metre air rifle Mixed SH1 event at the 2008 Summer Paralympics took place on September 11 at the Beijing Shooting Range Hall .,The lying 10 meter air rifle Mixed SH1 event at the summer - Paralympics 2008 took place on September 11 at the Shooting Range Hall in Beijing .,1
22302,It is long of the confluence of its main tributaries and drains a watershed from it .,It is long from the confluence of its principal tributaries and drains a watershed of .,1
37311,The new album `` Deathstar Rising '' has cracked the Finnish album Top 10 and reached place 8 in the first week of March 2011 .,The new album `` Deathstar Rising '' cracked the Finnish Album Top 10 and reached # 8 in first week of March 2011 .,1
29978,Adults often remove paper from new nests and use it in order to recycle for old .,Adults often remove paper from new nests and use it to recycle for old ones .,1
45244,"On those rare individuals which have areas without melanin , feathers are orange to yellow .","On those rare individuals who have areas without melanin , feathers are orange to yellow .",1
42533,"John and James brother were born in Alfreton , Derbyshire .","James and his brother John were born in Derbyshire , Alfreton .",1
20472,"This species can be found in New Britain , Bismarck Archipel : Woodlark Island , Papua - New Guinea , West Papua and Aru - Islands .","This species can be found in Papua New Guinea , Bismarck Archipelago : New Britain ; Woodlark Island ; West Papua ; Aru Islands .",1
38192,"However , Ambassador G. McMurtrie Godley , and his successor , William Sullivan , continued to oversee air strikes in Laos .","However , Ambassador G. McMurtrie Godley and his successor , William Sullivan , continued to oversee the air attacks in Laos .",1
7283,The university is in Sholinganallur about 15 kilometers from Adyar in Chennai .,The university is located in Sholinganallur about 15 kilometers from Adyar in Chennai .,1
2676,Emily is the mother of Redman from her marriage to the actor Robert Glenister .,Emily Emily is the mother of Redman from her marriage to the actor Robert Glenister .,1
37753,"Maximilian Lambertz suggested that the word be derived from the Venetian `` bailo '' , the title of the Italian Ambassador to the Ottomans .","Maximilian Lambertz suggested that the word derived from Venetian `` bailo '' , the title of the Italian ambassador to the Ottomans .",1
31141,"In 2013 Peter married Anna Barattin while Julia is married to Nicholas Furiuele , both are members of the band Shantih Shantih .","In 2013 , Nicholas married Furiuele Julia , while Peter is married to Anna Barattin , both of whom are members of the band Shantih Shantih .",1
45232,"Kalliyankattu Neeli is an Indian Malayalam - horror film dating from 1979 , produced by M. Krishnan Nair and directed by M Mani .","Kalliyankattu Neeli is a 1979 Indian Malayalam horror film , produced by M. Krishnan Nair and directed by M Mani .",1
11304,"It is ( covered ) by the integument , deep fascia , Platysma and superficial fascia .","It is covered by the integument , deep fascia , the platysma and the superficial fascia .",1
1271,There is a collapsible water tank and a fuel tank with a removable hat for cleaning .,There is a collapsible water tank and a fuel tank with removable hatch for cleaning .,1
43576,Glasson won national indoor championships 19 times including nine Australian championships .,"Glasson won 19 - times national hall championships , including nine Australian championships .",1
17220,"`` Welcome to my Living Room '' was filmed in August 2005 in Temecula , California , with additional footage that was shot in November 2006 in Sydney , Australia .","`` Welcome to my Living Room '' was filmed in Temecula , California in August 2005 , with additional footage filmed in Sydney , Australia in November 2006 .",1
24060,"His parents are Ernie Gordon , who grew up with Yankees - fan in Hyde Park , New York , and Wendy Abrahamsen .","His parents are Ernie Gordon , who grew up a Yankees fan in Hyde Park , New York , and Wendy Abrahamsen .",1
9694,"In 2013 , Nicholas married Furiuele Julia , while Peter is married to Anna Barattin , both of whom are members of the band Shantih Shantih .","In 2013 Nicholas Furiuele married Julia while Peter is married to Anna Barattin , both are members of the band Shantih Shantih .",1
1802,"Cashel is a village in County Galway , in the province of Connacht , Ireland .","Cashel is a village in County Galway , Connacht province of Ireland .",1
5930,"During this period , two national liberals held cabinet positions , plus one who sat as '' Liberal `` :","During this period two National Liberals held cabinet rank , plus one who sat as a `` Liberal '' :",1
4918,"The Monroe Free Press is a weekly newspaper serving Monroe , Arkansas , El Dorado , Louisiana area .","The Monroe Free Press is a weekly newspaper that serves the Monroe , Louisiana , El Dorado , Arkansas area .",1
514,"After extensive travels through Asia and a piece of Africa and Europe , the couple settled in New York City , New York .","After extensive traveling through Asia and a bit of Africa and Europe , the couple settled in New York City , New York .",1
9826,"Fortunately , the rich and soft dry red wine produced by the warmer Australian areas , known as Australian Burgundy , fits in with the English market .","Fortunately , the rich , soft dry red wine produced by the warmer Australian areas and known as Australian Burgundy suited the English market .",1
10237,"The Council had 27 members nominated by local authorities in Wales , the University of Wales , the National Eisteddfod Council and the Welsh Tourist Board .","The Council has had 27 members nominated by the local authorities in Wales , the University of Wales , the Welsh Tourist Board and the National Eisteddfod Council .",1
23768,"Other invitations followed and more sisters arrived for a hospital in Iloilo , schools in Vigan , Tuguegarao and Manila and a leprosary in Culion .","Other invitations followed and more Sisters arrived for a hospital in Iloilo , schools in Vigan , Tuguegarao , and Manila , and a Leprosarium in Culion .",1
953,"However , the Georgian language uses the singular form when the quantity is specified , so in practice the plural of `` tetri '' is just `` tetri . ''","The Georgian language , however , uses the singular form when the number is specified , so in practice the plural of `` tetri '' is only `` tetri '' .",1
8600,"In March , Edwards suffered an ACL injury and Richards started his singles run by feud with TNA X Division Champion Trevor Lee .","In March , Edwards suffered an ACL injury and Richards started his singles , run by Fehde with TNA X Division Champion Trevor Lee .",1
28273,"In 1989 he travelled on a peace-seeking mission to Mozambique , Johannesburg and Angola , South Africa .","In 1989 he travelled on a peace-seeking mission to South Africa , Johannesburg and Angola , Mozambique .",1
24393,"The school 's motto `` Incepto ne Desistam '' means `` May I not Shrink from my Purpose '' or more colloquially , `` stay the course . ''","The motto of the school `` Incepto ne Desistam '' means '' May I not shrink from my purpose `` or more colloquially , '' stay the course .",1
18816,FK Atletas Kaunas ( Lithuanian : LKKA ir Teledema ) was a former football club in the city of Kaunas .,FK Atletas Kaunas ( Lithuanian : LKKA ir Teledema ) was a former football club from the city of Kaunas .,1
34983,It was announced later in December 2011 that a U-Dip would also make a return to join a long list of objects that were dropped at midnight on New Year 's Eve .,"It was later announced in December 2011 that U-Dip would also make a return , joining a long list of objects dropped on New Year 's Eve at midnight .",1
18557,"Similarly , Western populations annually migrate between regions to the west of the Rocky Mountains , including northern Canada , and overwintering locations on the California coast .","Similarly , the western populations migrate annually between regions west of the Rocky Mountains including northern Canada and overwintering sites on the coast of California .",1
13531,His role in `` The Mechanic '' was positively revived by the critics both in the United States and the United Kingdom .,His role in `` The Mechanic '' was positively revived by critics in both the United Kingdom and the United States .,1
49334,"On December 10 , she steamed out of Hampton Roads to return south to the Caribbean -- Gulf of Mexico .","On 10 December , she steamed out of Hampton Roads to return south to the Caribbean Sea -- Gulf of Mexico area .",1
14350,"This is one of the most attractive Eremophilas with its grey , furry leaves and massive orange-red flowers .","With its grey , furry leaves and masses of orange-red flowers , this is one of the most attractive eremophilas .",1
14179,"In 1917 , Jack Johnson managed `` Johnson 's Topeka Giants , '' a team that played at least one game against the All Nations base ball club .","In 1917 , Jack Johnson headed Johnson 's Topeka Giants '' , a team that played at least one game against the All Nations Base Ball Club .",1
22304,"Charles Duret Aubin , HM Attorney-General , Jersey , Jurat Dorey , Jersey , and Ambrose Sherwill , HM Procureur , Guernsey , received CBEs .","Charles Charles Duret Aubin , Generalawalt HM , Jersey , Ambrose Sherwill , Jersey , Jurat Dorey , HM Procureur and Guernsey , received CBEs .",1
27296,"The `` Super Deluxx Edition '' was developed by 9th Level Games , but is published by Dork Storm Press .","The `` Super Deluxx Edition '' was still designed by 9th Level Games , but is published by Dork Storm Press .",1
45446,The PBA season of 2002 was the first season of the franchise in the Philippine Basketball Association ( FedEx Express ) .,The 2002 PBA season was the first season of the franchise in the Philippine Basketball Association ( FedEx Express ) .,1
46598,He has introduced a new form of expressionism based on Persian motives and its oriental moods .,"He has introduced a new form of Expressionism , based on Persian motives and its Oriental moods .",1
31652,The Moai statues of Chile ( Easter Island ) appear in several `` gradius '' plays as enemies .,The Moai statues of Easter Island ( Chile ) appear in several `` gradius '' plays as enemies .,1
22246,"The first introductory vehicle began from 4 p.m. on June 24 , 1874 , and regular traffic ran on the following day .","The first introductory vehicle began on 24 June 1874 at 4 p.m. , and the following day regular traffic ran .",1
45103,"It was published by ( Spreng . ) K.Schum , and described in `` Flora Brasiliensis 6 ( 6 ) : 128 '' , in 1888 .","It was published by ( Spreng . ) K.Schum and described in `` Flora Brasiliensis 6 ( 6 ) : 128 '' , 1888 .",1
22063,The official language is Bhojpuri and its local language is Hindi .,Bhojpuri is the official language and the local language is Hindi .,1
26572,The Fruntești River is a tributary of the Valea Botului River in Romania .,The Frunte ? ti river is a tributary of the River Valea Botului in Romania .,1
33002,He was also elected the Fellow of the Royal Society in 1749 and was appointed Fellow of the Royal College of Physicians in London in 1754 .,"Also in 1749 he was elected a Fellow of the Royal Society and in 1754 was made Fellow of the Royal College of Physicians , London .",1
47195,"After his death , the atheistic element of communism would be stepped up in some Marxist movements .",The atheistic element of communism would be intensified in some Marxist movements after his death .,1
21178,"He lives in Ridgefield , Connecticut with his wife Cynthia , and has four children : Jason , Heather , Lindsay and Rebecca .","He currently lives in Ridgefield , Connecticut , with his wife Cynthia . He has four children : Jason , Heather , Lindsay , and Rebecca .",1
18192,Maloney said that Agnew often told her during childhood that he had `` won the war . '',"Maloney said that during her childhood , Agnew often told her that he had “ won the war . ”",1
8181,The Roman Catholic Diocese of Cyangugu is a diocese located in the city of Cyangugu in the ecclesiastical province of Kigali in Rwanda .,"The Roman - Catholic diocese of Cyangugu is a diocese in the city of Cyangugu in the church province of Kigali , Rwanda .",1
13567,"Scientific research is most often not the `` main '' goal for many amateur astronomers , unlike professional astronomers .","For many amateur astronomers , unlike professional astronomers , scientific research is usually not the `` main goal '' .",1
18059,They were designed by Electric Boat and were built by other yards under subcontracts .,They were designed by Electric Boat and were built under subcontracts by other shipyards .,1
17492,This strongly led him to later press the claim of India as the original home of the Hominidae .,This led him to later push the claim of India as the original home of the Hominidae .,1
7908,"He died in Melbourne , Florida , on June 18 , 1936 . He was buried in Daytona Beach , Florida .","He died on June 18 , 1936 in Melbourne , Florida , and was buried in Daytona Beach , Florida .",1
42137,"In 1999 Trinity merged with Mirror Group Newspapers to become Trinity Mirror , the largest stable of newspapers in the country .","In 1999 , Trinity merged with Mirror Group Newspapers to Trinity Mirror , the country 's largest stable in the newspapers .",1
5500,The circumstances of Birinski 's early life are quite different ; indefinite sources offer eight possibilities of his place and date of birth .,"The circumstances of Birinski 's early life are quite different , indeterminate sources offer eight possibilities of his place of birth and date .",1
20570,"Then in June 2005 came Auzentech , which with its X-Mystique PCI card , provided the first consumer sound card with Dolby Digital Live support .","In June 2005 , Auzentech provided the first consumer sound card with Dolby Digital Live support with its X-Mystique PCI card .",1
1465,"Vassiliki Kydonaki ( born 26 March 1993 ) , commonly known also as Vasso Kydonaki , is a Greek footballer .","Vassiliki Kydonaki ( born March 26 , 1993 ) , known as Vasso Kydonaki , is a Greek footballer .",1
31691,"Traditionally , Ristretto is a short shot of espresso made with the normal amount of ground coffee , but is extracted with about half of the water volume .",Ristretto is traditionally a short shot of espresso made with the normal amount of ground coffee but extracted with about half the amount of water .,1
33659,"Another interpretation specifies Sicily separate from Naples , plus Jerusalem and Aragon .","Another interpretation specifies Sicily separated from Naples , plus Jerusalem and Aragon .",1
32940,"A Methodist , he was the first non-conformist to serve as Attorney-General or as a judge in Fredericton . He died in New Brunswick in 1878 .","As a methodist , he was the first non-conformist to serve as attorney-general or judge in Fredericton and died in New Brunswick in 1878 .",1
31201,Looker spent a training camp with the Rams in 2000 before being traded on 7 August with the New England Patriots .,Looker spent 2000 training camp with the Rams before being traded to the New England Patriots on August 7 .,1
617,"Daryle Lamonica ran for three touchdowns , while Roger Hagberg and Hewritt Dixon threw for one touchdown each .","Daryle Lamonica ran for three touchdowns , while Roger Hagberg and Hewritt Dixon threw one touchdown for each .",1
22574,"The weighted weighting function at wavelength formula _ 1 can be written as the mesoscopic sum ,",The weighted weighting function at the wavelength formula 1 can be written as a mesoscopic amount .,1
2363,"It is divided in four `` taulkas '' : Khanpur , Lakhi , Garhi Yasin and Shikarpur .","It is divided into four `` Taulkas '' : Shikarpur , Lakhi , Garhi Yasin and Khanpur .",1
21527,"It was directed by Hiroaki Góda , animated by Anime International Company , and produced by TBS and Kodansha .","It was directed by Hiroaki Gōda , animated by Anime International Company , and produced by TBS and Kodansha .",1
4295,"It has some weak functionality in moving the knee and the ankle , but is generally considered redundant and is often used as a source of tendons for transplants .",It has some weak functionality in moving the knee and ankle but is generally considered redundant and is often used as a source of tendon for grafts .,1
5706,He now describes his view as `` a non-reductive but comprehensive naturalism '' .,He now describes his view as '' non-reductive but comprehensive naturalism `` .,1
9659,"AB InBev remains the largest brewery , second with SABMiller and Heineken International in third place .","AB InBev remains the largest brewery , with SABMiller second , and Heineken International third .",1
9622,"Karolína Plíšková won the title , defeating Angelique Kerber in the final , 6 -- 3 , 5 -- 7 , 6 -- 4 .","Karolína Plíšková won the title and defeated in the final Angelique Kerber , 6 -- 3 , 5 -- 7 , 6 -- 4 .",1
8754,"This debate was presented by the anchors Jessica Soho and Mike Enriquez of GMA News and John Nery , editor of `` Inquirer.net '' .","The debate was presented by anchors Jessica Soho and Mike Enriquez of GMA News and John Nery , editor-in-chief of `` Inquirer.net '' .",1
46448,She was the founder of the Inner Healing Movement and became the author of `` The Healing Light '' .,She was the founder of the Inner Healing Movement and became the author of `` Healing Light '' .,1
24284,The Moutse district was conquered from KwaNdebele in 1980 and was officially integrated into Lebowa despite violent resistance .,"Moutse district was seized from KwaNdebele in 1980 and was , despite violent resistance , officially integrated into Lebowa .",1
2647,"Also in 1999 , Abdelaziz Bouteflika , who supported Algeria ’ s independence , became president of the Western Sahara .","Also in 1999 , Abdelaziz Bouteflika , who supported the independence of Algeria , became president of Western Sahara .",1
45784,"The Sheffield Manor Lodge visitor attraction includes the Turret house , Tudor grounds , Discovery Centre , Manor Oaks Farm , Manor Cottages and Rhubarb Shed Cafe .","The visitor attraction of Sheffield Manor Lodge includes Turret House , Tudor Premises , Discovery Centre , Manor Oaks Farm , Manor Cottages and Rhubarb Shed Cafe .",1
5143,"Borchers was born in Lithuania ( German : Heydekrug ) , Klaipėda Region ( German : Memelland ) , Šilutė in a German either Prussian Lithuanian or Memellander family .","Borchers was born in Lithuania ( German : Heydekrug ) , Klaipėda ( German : Memelland ) , Šilutė in a German Prussian Lithuanian or Memelland family .",1
24258,"Taubensee played for three different ballclubs during his career : the Cleveland Indians , Cincinnati Reds ( - ) and Houston Astros ( - ) .","During his career , Taubensee played for three different ball clubs : the Cleveland Indians , Houston Astros ( - ) and Cincinnati Reds ( - ) .",1
33226,He worked in Shanghai from 1931 until the outbreak of the Second World War in Europe in 1939 .,He worked from 1931 until the outbreak of World War II in Europe in 1939 in Shanghai .,1
32603,NOA can also be used in the calculation of free cash flow ( FCF ) and hence in the discounted cash flow model .,NOA can also be used in the calculation of Free cash flow ( FCF ) and therefore the Discounted cash flow model .,1
22828,"As the name suggests , the bilinear Interpolant `` is not '' linear , but the product of two linear functions .","As the name suggests , the bilinear interpolant is `` not '' linear ; but it is the product of two linear functions .",1
25281,The field also included Olympian ( and in 1932 Olympic champion ) Paul Jessup of Cornell in 1928 and future world record maker John Anderson of Washington .,"The field also included 1928 Olympian ( and 1932 Olympic champion ) Paul Jessup of Cornell , and future world record holder John Anderson of Washington .",1
29628,Sixteenth Air Force inactivated and Third Air Force assumed the new role as the Warfighting Headquarters for USAFE .,Sixteenth Air Force inactivated and Third Air Force assumed the new role of Warfighting Headquarters for USAFE .,1
29407,The 1980 Atlanta Braves season was the 110th season in Atlanta together with the 15th season as a franchise .,The 1980 Atlanta Braves season was the 110th season in Atlanta along with the 15th season as a franchise overall .,1
24294,"On the banks of the Rio Acre , opposite the Brazilian city of Brasiléia , lies Cobija .",Cobija lies on the banks of the Rio Acre across from the Brazilian city of Brasiléia .,1
45921,"2 . To bring together those interested directly or indirectly in matters of accounting , to promote the exchange of ideas , and to encourage mutual assistance between members .","2 . To bring together those interested in accounting issues directly or indirectly , to promote the exchange of ideas and to promote mutual assistance between members .",1
3272,Typically external Voucher Management Systems are used with Intelligent Network based prepaid systems .,"Typically , external voucher management systems are used with prepaid systems based on an intelligent network .",1
26012,The Indonesian translations of the Dutch terms are Aceh bodoh ( Aceh pungo ) or Aceh gila ( Aceh mord ) .,The Indonesian translations of the Dutch terms are Aceh Bodoh ( Aceh Pungo ) or Aceh Gila ( Aceh Murder ) .,1
48992,"`` Iain McKie and Michael Russell MSP : The Prize of Innocence '' by Shirley McKie , published April 18 , 2007 .","`` Iain McKie and Michael Russell MSP : The Price of Innocence '' by Shirley McKie , published 18 April 2007 .",1
11249,"Sumner Slichter was the brother of geophysicist Louis B. Slichter , father of physicist Charles Pence Slichter , and the grandfather of musician Jacob Slichter .","Sumner Slichter was brother of the geophysicist Louis B. Slichter , father of the physicist Charles Pence Slichter and the grandfather of the musician Jacob Slichter .",1
35028,"From 1953 , Mourilyan Tanner was responsible for this department , followed by Frank Falkner .","James Mourilyan Tanner was responsible for this department from 1953 onwards , followed by Frank Falkner .",1
14304,"The Liberal Democrats held two seats , but lost Tilehurst , a seat they had lost to the Conservative Party last year .","The Liberal Democrats held two seats but lost Tilehurst ward , a seat they had lost the previous year to the Conservative Party .",1
23288,Ashley was born on 1 November 1986 and is a contemporary dancer from Arizona who originally grew up in Los Angeles .,"Born on November 1 , 1986 , Ashley is a contemporary dancer from Arizona , who was originally raised in Los Angeles .",1
13546,Gregoria Ortega is a religious activist and Mexican – American sister .,Gregoria Ortega is a religious activist and Mexican American sister .,1
17756,"In 2009 , the third Rapid Ride , the 777 Green Line , started from downtown to Tramway Boulevard .","In 2009 , the third Rapid Ride , the 777 Green Line , started service from Downtown to Tramway Boulevard .",1
3463,"Henny Trylesinski , also known as Henny Trayles ( Argentina , 4 June , 1937 ) is a Uruguayan-born German actress and comedian , who lives in Hamburg .","Henny Trylesinski , also known as Henny Trayles ( Argentina , June 4 , 1937 ) , is a Uruguayan - born German actress and comedian who lives in Hamburg .",1
15552,"Mount Morris Township is located in Ogle County , Illinois .","Mount Morris Township is located in the Ogle County , Illinois .",1
39407,"Soon the collector attacks Uncle Willy , who possesses the others .","The Collector soon attacks Uncle Willy , who possesses the others .",1
47542,"Nong Wua So is a district ( `` Amphoe '' ) in the northeastern part of the province of Udon Thani , in western Thailand .","Nong Wua So is a district ( `` amphoe '' ) in the northeastern part of Udon Thani Province , western Thailand .",1
2777,"In this way , the Nestorian faith in the East was established under tragic omens .","In this way , under tragic auspices , the Nestorian faith was established in the East .",1
4917,"In June 2011 , Linda Beecher married Finch at Dartmoor National Park .",Finch married Linda Beecher on Dartmoor National park in June 2011 .,1
40769,"The Vanga Kingdom was the first powerful seafaring nation in South Asia , especially of Bengal .","The Vanga Kingdom was the first powerful seafaring nation of South Asia , especially Bengal .",1
41994,"The new algorithm , however , would divide the original interval into a larger and a smaller subinterval in Step 4 .","However , the new algorithm would divide the original interval in step 4 into a larger and a smaller partial interval .",1
41882,The cynical manipulation of Stavely 's easily corruptible islanders was interpreted as an indictment of Western imperialism and the cultural tyranny of American missionaries .,Stavely 's cynical manipulation of the easily corruptible islanders has been interpreted as an indictment of Western imperialism and the cultural tyranny of American missionaries .,1
6746,He attended the preparatory school and studied primary and secondary architecture at the ( IAVA ) .,"He attended preparatory school at the , and studied primary and secondary architecture at the ( IAVA ) .",1
14206,"It is Aarne -- Thompson type 707 , which is named after it : the dancing water , the singing apple , and the speaking bird .","It is Aarne -- Type 707 Thompson , named after him : the dancing water , the singing apple and the speaking bird .",1
13779,He was elected to the Lok Sabha the lower house of Indian Parliament from Bhubaneswar in Odisha .,"He was elected from Bhubanesvar in Odisha to Lok Sabha , the lower house of the Indian parliament .",1
28951,The album was released on digital download in 2008 shortly after the CD was deleted .,The album was released in 2008 as a digital download shortly after the CD was deleted .,1
6523,The Ecuadorian base Pedro Vicente Maldonado and the Chilean base Arturo Prat are located on the northeast and north coast of the island .,The Ecuadorian base Pedro Vicente Maldonado and the Chilean base Arturo Prat are situated on the northeast and north coast of the island respectively .,1
40808,"Kurgo products are also available in Europe through the distributor Accapi Group , while MasterPet Kurgo distributes products in Australia and New Zealand .","Kurgo products are also available in Europe through the distributor Accapi Group , while MasterPet distributes Kurgo products in Australia and New Zealand .",1
36378,The United Kingdom followed in 1955 ; Germany in 1964 by Katsuaki Asai ; and Italy in 1965 by Hiroshi Tada .,"In 1955 , the United Kingdom followed , Katsuaki Asai Germany in 1964 and Hiroshi Tada Italy in 1965 .",1
33524,William Middleton ( or William de Middleton ; died 31 August or 1 September 1288 ) was a medieval Bishop of Norwich .,William Middleton ( or William de Middleton ; died on 31 August or 1 September 1288 ) was a medieval bishop of Norwich .,1
29125,Frans Wittouck and his brother Paul ( 1855 -- 1914 ) possessed a sugar factory in Wanze .,Frans Wittouck and his brother Paul ( 1855 -- 1914 ) owned a sugar factory in Wanze .,1
11010,"Paul Webb explained , `` it was recorded before it was written . ''","`` It was recorded before it was written '' , Paul Paul Webb explained .",1
41130,"Twenty-one churches are currently in seven states ( West Virginia , Kentucky , North Carolina , Ohio , Tennessee , Virginia , and Arkansas ) .","Twenty-one churches are currently in seven countries ( Arkansas , Kentucky , North Carolina , Ohio , Tennessee , Virginia , and West Virginia ) .",1
21465,The Jimmy - Perez novels have been dramatized as the TV - Detective - Series '' Vera `` and the Vera - Stanhope - Romane as the series '' Shetland '' .,The Jimmy Perez novels have been dramatized as the TV detective series `` Vera '' and the Vera Stanhope novels as the series `` Shetland '' .,1
2218,The last album was recorded with bassist Arturo Garcia and drummer Nina Souto .,`` Sketch '' was the last album recorded with bassist Arturo Garcia and drummer Nina Souto .,1
37393,"He spent his exile in Italy and preached in France to Gareccio , where he preached .","He spent his exile in France and in Italy preached Gareccio , where he preached .",0
12765,Helena Township is a civil community of Antrim County in the U.S. state of Michigan .,Antrim County is a civil township of Helena Township in the U.S. state of Michigan .,0
43895,"During the Gulf War , the NPC organised the Gulf Crisis Working Group , a coalition of several groups that called","During the Gulf War , the NPC called the Gulf Crisis Working Group , a coalition of several groups that had organized .",0
41383,The 1973 Purdue University football team represented Purdue Boilermakers in the 1973 Big Ten Conference football season .,The 1973 Purdue Boilermakers football team represented Purdue University in the football season of the Big Ten Conference in 1973 .,0
48650,The mineral is only formed in the Bon Accord Nickel Deposit in South Africa where it has been found by replacing chromite and rimmed by trevorite .,"The mineral is formed only in the Bon Accord - nickel deposit in South Africa , where it has been found by replacing chromite and by trevorite .",0
28029,Hypodactylus is a genus of frogs which are found in Northern South America ( from central - Ecuador to Peru and Colombia ) .,Hypodactylus is a genus of frogs found in northern South America ( from central Peru to Ecuador and Colombia ) .,0
18892,"Sandals were designed by Brian Atwood , Stuart Weitzman and Sophia Webster , while a pair of boots were provided by Giuseppe Zanotti .","Sandals were supplied by Brian Atwood , Stuart Weitzman and Sophia Webster , while a pair of boots were designed by Giuseppe Zanotti .",0
16583,"The Council 's weak legislative design , however , makes it only a very functional review mechanism .","However , the Council 's functional draft only makes it a very weak mechanism for legislative review .",0
15071,"Of course , these inscriptions are only dated from the Sixth Dynasty , but it still tells us a little bit about what they have valued .","Of course , these inscriptions are still dated from the Sixth Dynasty , but it only tells us a little bit about what they valued .",0
42750,"The music of the film was composed by Vijaya Narasimha and texts for the soundtrack by Chi , Udaya Shankar and Vijaya Bhaskar .",The music of the film was composed by Vijaya Bhaskar and lyrics for the soundtrack written by Chi . Udaya Shankar and Vijaya Narasimha .,0
40869,"At the time , Andrew Johnson was president , and his administration learned that Meacham did not support him .","At that time , Meacham was president , and his administration learned that Andrew Johnson did not support him .",0
20195,"Like many aspects of Byzantine ivory , this reflects the Islamic traditions that Islam has inherited .","Like many aspects of Islamic ivory , this reflects the Byzantine traditions that inherited Islam .",0
5696,"The current line-up is Johnny Wilson ( guitar and vocals ) , Forrest Bartosh ( drums ) and Chris Fogal ( bass and background vocals ) .","The current line-up is Chris Fogal on guitar and vocals , Forrest Bartosh on drums and Johnny Wilson on bass and background vocals .",0
35720,Hector Pieterson was buried at the Avalon Cemetery in Johannesburg with Hastings Ndlovu .,Hastings Ndlovu was buried with Hector Pieterson at Avalon Cemetery in Johannesburg .,0
1148,The citizens rejected the Burgundian bishop and the new influence that led to the Liège wars was exiled to Maastricht by Louis .,"The citizens rejected the new bishop and the Burgundian influence , which led to the Liège Wars . Louis was exiled to Maastricht .",0
29284,"The standards of 2005 were adopted by the California Energy Commission on November 5 , 2003 and approved by the Building Standards Commission on July 21 , 2004 .","The 2005 Standards were approved by the California Energy Commission on November 5 , 2003 , and adopted by the Building Standards Commission on July 21 , 2004 .",0
40270,"He was a member of the Jura Municipal Council for the Canton of Beaufort , then General Council in 1877 .","He was a member of the General Council of the Jura for the Canton of Beaufort , then in 1877 a municipal councilor .",0
20444,J. Augustus Johnston ( `` fl . '' 1870-1890 ) was the American consul in Beirut and replaced G. Augustus Johnson .,G. Augustus Johnson ( `` fl . '' 1870-1890 ) was the American consul in Beirut and replaced J. Augustus Johnston .,0
32916,"Hector Crawford was the brother of 3DB manager and administrator Curteis Crawford , and also brother to Dorothy Crawford .","Hector Crawford was the brother of 3DB manager and administrator Dorothy Crawford , and brother of Curteis Crawford .",0
30361,"In 1851 , New York and Erie Railroad completed their line between Piermont and Dunkirk , New York via Hornell and Salamanca .","In 1851 , New York and Erie Railroad completed their line between Hornell and Dunkirk , New York via Piermont and Salamanca .",0
1094,"Strathairn attended Williams College in Williamstown , Massachusetts , and graduated from Redwood High School in Larkspur , California , in 1970 .","Strathairn visited the Redwood High School in Larkspur , California , and graduated from Williams College in Williamstown , Massachusetts in 1970 .",0
36425,There are two pumping stations outside the city limits and a part of the water service provided by York to Toronto :,There are two pumping stations located outside of the city limits and part of the water service provided to York Region by Toronto :,0
41972,Natural Essence is the debut album by American saxophonist Tyrone Washington featuring performances recorded in 1967 and released on the Blue Note label .,Natural Essence is the debut album by the American saxophonist Tyrone Washington with performances published in 1967 and recorded on Blue No,0
29903,"In total , the Celtic Association was able to organize three pan-Celtic congresses : Dublin ( 1901 ) , Caernarfon ( 1904 ) and Edinburgh ( 1907 ) .","In total , the Celtic Association was able to organise three Pan-Celtic Congresses : Edinburgh ( 1901 ) , Caernarfon ( 1904 ) and Dublin ( 1907 ) .",0
41624,The film begins with the arrival of Seelabathi ( Kavya Madhavan ) and her mother Sumangala ( Urmila Unni ) from Bengal to Kerala .,The movie begins with the arrival of Seelabathi ( Kavya Madhavan ) and her mother Sumangala ( Urmila Unni ) to Bengal from Kerala .,0
12338,"Elwood Cohn was born on March 3 , 1922 in San Jose , Costa Rica , to Clemencia Montealegre Carazo and Felicia Cohn Montealegre .","Felicia Cohn Montealegre was born on March 3 , 1922 in San Jose , Costa Rica to Clemencia Montealegre Carazo and Roy Elwood Cohn .",0
16622,"The show premiered on 27 March 2012 at the Theatre Royal in Newcastle , directed by Ed Curtis and choreographed by Nick Winston .",The show was staged by Nick Winston on 27 March 2012 at the Theatre Royal in Newcastle and choreographed by Ed Curtis .,0
40874,These are made as the raw material from which the finished figures are used by carving and painting .,These are used as raw material from which the finished figures are created by carving and painting .,0
27301,"The Tigers eventually won the ALDS , but lost the Red Sox in the American League Championship Series .","The Red Sox finally won the ALDS , but lost to the tigers in the American League Championship Series .",0
23783,Hernandez defeated Morgan on April 17 in Lockdown in a steel cage - Match to win the Feud .,"On 17 April , Morgan defeated in Lockdown Hernandez in a steel cage - Match to win the Feud .",0
14896,This was the first time since 1976 that Pennsylvania did not vote for the same candidate as neighboring New Jersey .,This was the first time since 1976 that New Jersey did not vote for the same candidate as the neighboring Pennsylvania .,0
7973,Vehicle registration plates in Hungary usually consist of six characters on white background with black letters .,"In Hungary , vehicle registration numbers usually consist of six characters on black background with white letters .",0
49138,"On February 28 , 2018 , Interoute announced the acquisition of GTT Communications for US $ 2.3 billion .","On February 28 , 2018 GTT Communications announced the acquisition of Interoute for $ 2.3 Billion",0
41889,Magnus turned heel and reformed the British Invasion with Williams by attacking the team of Eric Young and Orlando Jordan .,Williams turned around and reformed the British invasion of Magnus by attacking the Eric Young and Orlando Jordan team .,0
33821,It was the first and only Super Bowl in which Warner was involved in order not to be decided on the final game play .,It was the first and only Super Bowl in which Warner was decided not to be involved on the final play of the game .,0
21629,"Andy Halliday came from the Blackburn Rovers , David Goodwillie from Middlesbrough , Andy Keogh from Millwall and Tony McMahon of Sheffield United .",David Goodwillie came in from Blackburn Rovers ; Andy Halliday from Middlesbrough ; Andy Keogh from Millwall ; and Tony McMahon from Sheffield United .,0
33993,Dierker is also the first manager in MLB history to win a division championship in his sixth season for the Astros in 1997 .,Dierker is also the sixth manager in the MLB story to win a Championship division in his first season for the Astros in 1997 .,0
18031,"The Slavic Soul includes the most beautiful musical themes from 9 countries : songs are traditional , classic and popular , all in new arrangements .","The Slavic Soul includes the most traditional , classical and popular music themes from 9 countries . Songs are beautiful , all in new arrangements .",0
3045,"Newark returned to the NAFBL , but withdrew at the end of the season to join the New York and District Amateur Association Football League ( NYDAAFBL ) .","Newark withdrew to NAFBL , but returned at the end of the season to join the New Yorker and District Amateur Association Football League ( NYDAAFBL ) .",0
20965,The Șorogari River is a tributary of the Cârlig River in Romania .,The river Cârlig is a tributary of the river È orogari in Romania .,0
4871,"Gilberry was also third nationally , first in conference and first on the team with 22 tackles for loss .","Gilberry was also nationally first , first in the conference and third on the team with 22 tackles for loss .",0
43343,"The Czech composer Antonín Dvořák spent the summer of 1893 in Spillville , where his friend Josef Jan Kovařík had kinship .","The summer of 1893 spent the Czech composer Josef Jan Kovařík in Spillville , where his friend Antonín Dvořák had relatives .",0
36497,"Mike has a new partner called Mike ( Theo Stevenson ) , who has a son named Craig ( Jeremy Edwards ) , who is a nightmare .","Sharon has a new partner called Mike ( Theo Stevenson ) , who has a son called Craig ( Jeremy Edwards ) , who is a nightmare .",0
13910,Tables of vibration transitions of stable and transient molecules are also available .,Tables of stable and transient transitions of vibrational molecules are also available .,0
16431,"Inside there are colonial objects , including an old church bell from 1801 and historical paintings and photographs","Inside , there are historical buildings , including an old church bell from 1801 and colonial paintings and photographs .",0
48128,"Grossman was injured later in the season , however , and temporarily relieved of Griese .","Griese was temporarily injured in the season , however , and later relieved of Grossman .",0
47925,"Grand Inquisitor ( 1699 -- 1774 ) was a Spanish clergyman who , from 1755 to 1774 , was Manuel Quintano Bonifaz of Spain .",Manuel Quintano Bonifaz ( 1699 -- 1774 ) was a Spanish cleric who was Grand Inquisitor of Spain from 1755 to 1774 .,0
22926,It is distributed from China to Siberia and found in dry slopes or rocky places .,It is distributed from China to Siberia and found in rocky slopes or dry places .,0
36729,"Hidalgo was born in Seville , who played for Badajoz and Celta de Vigo .","Hidalgo , born in Badajoz , performed for Seville and Celta de Vigo .",0
33799,"The formation of aggregates is affected by electrostatic interactions , coordination between lithium and surrounding solvent molecules or steric additives and polar effects .","The formation of aggregates is influenced by electrostatic interactions , the coordination between lithium and surrounding solvent molecules or polar additives and steric effects .",0
42022,"Sam has a much younger brother called Hank Bennett , who is not much older than Sam 's eldest son .",Sam has a much younger brother named Sam who is not much older than Hank Bennett 's eldest son .,0
42278,Dr. Carter worked in Africa for several months and remains at the AIDS clinic in Kem .,Dr. Carter remains in Africa for several months and works in Kem 's AIDS clinic .,0
32640,"Much of the western half of the city is relatively urbanized , while the eastern part of the city ( roughly from Woodbury Point east ) is more rural .","Most of the eastern half of the city is relatively rural , while the western part of the city is more urbanized ( for example , from Woodbury Point east ) .",0
27075,"He married in 1901 Anne Blanche Harriet Proctor ( 1870-1935 ) , daughter and coheiress of Septimus Wilkinson Crookes and Mary Ellen Blanche Crookes .","In 1901 he married Anne Blanche Harriet Proctor ( 1870-1935 ) , daughter and cofounder of Septimus Wilkinson Crookes and Mary Ellen Blanche Crookes .",0
31560,It was based on a novel by Robert Suhosky and turned into a screenplay by James Hardiman .,It is based on a novel by James Hardiman and was turned into a script by Robert Suhosky .,0
33549,He was released on 3 October 2016 and was resigned again on 8 October .,"He was re-signed on October 3 , 2016 and was released again on October 8 .",0
5390,The Sâmbăta River is a tributary of the Piatra Caprei River in Romania .,The River Piatra Caprei is a tributary of the Sâmbăta river in Romania .,0
785,"The song was written by Thicke and Lamar alongside will.i.am , and produced by Dr. Luke and Cirkut .",The song was written by Thicke and Lamar together with Dr. Luke and produced by will.i.am and Cirkut .,0
41396,"The Indus cities are known for their urban planning , baked brick houses , elaborate drainage systems , water supply systems and clusters of large non-residential buildings .","The Indus cities are known for their complex planning , baked brick houses , urban drainage systems , water supply systems and clusters of large non-residential buildings .",0
22833,"Sam has a much younger brother named Hank Bennett , who is not much older than Sam ’ s eldest son .","Sam has a much younger brother named Sam , who is not much older than the eldest son of Hank Bennett .",0
35201,"The new grammar school became the Upper School , while the old building became the Lower School .","The old high school became the Upper School , while the new building became lower school .",0
32526,"Layla was born in London , the daughter of a Brazilian mother and an Irish and Scottish father of English dominance .",Layla was born in London as a daughter of a Brazilian mother and an English father of the Irish and Scottish ancestors .,0
35497,"In 2006 , Bozanga was appointed Chairman of the State Council by President François Bozizé .","In 2006 , François Bozizé was appointed by President Bozanga the chairman of the Council of State .",0
11247,I tried to buy it when Roy Abernethy ( later Michigan Governor ) and George Romney run AMC .,I 've tried to buy it when George Romney ( later governor of Michigan ) and Roy Abernethy AMC were running .,0
16422,"Michael Chang won in the final 3 -- 6 , 6 -- 3 , 7 -- 5 against Renzo Furlan .","Renzo Furlan won 3 : 6 , 6 : 3 , 7 : 5 against Michael Chang in the final .",0
33311,"Meteuthria futilis is a species of sea snail , a marine gastropod mollusk in the family Buccinidae , the true whelks .","Meteuthria futilis is a sea snail species , a true gastropod mollusk in the Buccinidae family , the whelks marine .",0
35785,"Princeton Township is a commune in Mille Lacs County , Minnesota , United States .","Princeton Township is a township in Mille Lacs County , Minnesota , United States .",0
24972,"Lielplatone parish is an administrative unit of the Jelgava Municipality ( prior to the 2009 administrative reforms the Jelgava District ) , Latvia .","Lielplatone community is an administrative unit of the Jelgava district ( prior to the administrative reforms 2009 of the municipality of Jelgava ) , Latvia .",0
14388,"It consists of two parts , Zemendorf and Stöttera , both of which lie on the River Wulka downstream from Pöttelsdorf and upstream from Antau .","It consists of two parts , Zemendorf and Stöttera , both upstream of Pöttelsdorf and downstream from Antau on the Wulka .",0
4653,"On September 15 , 2015 , Johnson signed with the Polish team SCM CSU Craiova , Johnson signed on 17 July 2016 with the Romanian team Stal Ostrów Wielkopolski .","On September 15 , 2015 , Johnson signed with the Romanian team SCM CSU Craiova , Johnson signed with the Polish team Stal Ostrów Wielkopolski on July 17 , 2016 .",0
10592,The remaining route from Station Point Reyes to Monte Rio was dismantled in 1930 .,The remaining line from Monte Rio to the Point Reyes station was dismantled in 1930 .,0
32030,"However , the Council 's weak legislative approach only makes it a very functional review mechanism .","However , the Council 's functional draft only makes it a very weak mechanism for legislative review .",0
26737,( formula _ 26 are normal vectors at the intersection points . Their scalar product is formula _ 27 . ),( Formula 26 are normal vectors at the intersection points . Your product in Formula 27 is scalar . ),0
25060,"Suzie Cappetta would work and record with several acts , including Christian Hard Rock , the R & amp ; B group Stevie 'the Saints and Jimmy Ellis .","Suzie Cappetta would work and record with various acts including Christian hard rock , R & B group Stevie & the Saints , and Jimmy Ellis .",0
32300,Angry Man is a 2010 film directed by Peter LeDonne and Steven Moskovic and Jackie Mason .,One Angry Man is a 2010 film starring Peter LeDonne and Steven Moskovic and directed by Jackie Mason .,0
6817,"Townshend was the son of Lord George Townshend , 1st Marquess Townshend , younger son of John Townshend .","Townshend was the son of Lord John Townshend , the younger son of George Townshend , 1st Marquess Townshend .",0
12737,The music was written by K. Raghavan and lyrics was composed by Swathi Thirunal and Edasseri .,Music was composed by K. Raghavan and the text was written by Swathi Thirunal and Edasseri .,0
30366,He then became Associate Director of the Strategic Planning Group of BPI Capital Corporation and Vice President and Chief Legal Counsel of Ayala Corporation .,He then became Deputy Director of the Ayala Corporation 's Strategic Planning Group and Vice President and Chief Legal Counsel of BPI Capital Corporation .,0
27404,The pre-synaptic monoamine transporter ( VMAT ) is a transport protein integrated into the membrane of synaptic vesicles of vesicular neurons .,The vesicular monoamine transporter ( VMAT ) is a transport protein integrated into the membrane of synaptic vesicles of presynaptic neurons .,0
20716,"Within a few days , around 7,000 female prisoners were evacuated from Sweden to Denmark and then to Ravensbrueck .","Within a few days , around 7,000 female prisoners were evacuated from Ravensbrück to Denmark and then to Sweden .",0
43505,He has also served as chairman of the North Shore branch of the Long Island Division of the American Jewish Congress .,He has also served as chairman of the Long Island branch of the North Shore Division of the American Jewish Congress .,0
35465,"Originally from Sydney , Holmes attended the Australian Institute of Sport in Canberra .","Originally from Canberra , Holmes attended the Australian Institute of Sport in Sydney .",0
41540,"Jean Ken 's parents are Jean and Steve DeBauche of Suamico , WI and has two younger brothers , Brad and Brent DeBauche .","Steve DeBauche 's parents are Jean and Brent DeBauche of Suamico , WI and has two younger brothers , Brad and Ken .",0
44650,"InFocus M810 is a smartphone manufactured by InFocus and marketed by Foxconn , which was released on July 31 , 2014 .","InFocus M810 is a smartphone distributed by InFocus and manufactured by Foxconn . It was released on July 31 , 2014 .",0
22088,"Conscription has been around in Denmark since the Viking Age , where 1 physical man of every 10th court had to serve the king .","In Denmark , there has been conscription since the Viking Age , where the 110th man of every physical court had to serve the king .",0
13659,"`` Holocaust '' , created in November 1984 in the Lincoln Park , was dedicated by the sculptor George Segal .","`` Holocaust '' , inaugurated in Lincoln Park in November 1984 , was created by the sculptor George Segal .",0
857,"English also has many words , such as '' zillion `` , which are informally used to mean indefinite and fictitious but unspecified amounts , see large numbers .","English also has many words , such as '' zillion `` , which are used informally to mean large but unspecified amounts , see indefinite and fictitious figures .",0
44345,"German officials conducted interviews with the two men , in Guantanamo , in March , to confirm their suitability for transfer to Germany .","In March , the two German officials in Germany conducted interviews with the two men to confirm their suitability for transfer to Guantanamo Bay .",0
27887,The town was founded in 1899 by George Dewey and named after Admiral Jacob A. Bartles .,"Founded by Jacob A. Bartles in 1899 , the town was named for Admiral George Dewey .",0
32753,Dodson maintains private practice in New York City and has an active website .,Dodson has a private practice in New York City and maintains an active website .,0
29354,"The combination of cold surface waters and warm , deeper waters supports a high degree of biodiversity .",The combination of warm surface waters and cold deeper waters supports a high level of biodiversity .,0
41162,"Erin Kaplan and Roxy Olin were replaced by Lyon , Lyon and Senn , starting in the first half of the second season .","Lucas , Lyon , and Senn were replaced by Erin Kaplan and Roxy Olin beginning in the first half of the second season .",0
21793,"Qtractor 's intention is to provide digital audio workstation software simple enough for the average home user , and yet powerful enough for the professional user .",Qtractor intends to provide a digital audio workstation software that is powerful enough for the average home user and yet simple enough for the professional user .,0
10222,Lawler accused Bret Hart in 1995 of being a racist to create problems between Hart and the Japanese wrestler Hakushi .,Bret Hart accused Lawler of being a racist in 1995 in order to create problems between Hart and Japanese wrestler Hakushi .,0
37674,"Nancy Richey defeated Rosemary Casals 3 -- 6 , 6 -- 1 , 7 -- 5 - 5","Nancy Richey defeated Rosemary Casals 3 -- 6 , 6 -- 1 , 7 -- 5",0
20705,"Formally , Bridgeville was part of Rock Hill .",Rock Hill was formally part of Bridgeville .,0
24356,"Maughan and his wife , the former Lorraine Hannemann of Honolulu , Hawaii , live in Manhattan , New York .","Maughan and his wife , the former Lorraine Hannemann of Manhattan , New York , live in Honolulu , Hawaii .",0
22227,"In 2014 , Sawyer 's authorized biography was published by Huston Smith .","In 2014 , Huston Smith 's authorized biography of Sawyer was published .",0
16752,They are often consumed with beer and sometimes they are a snack .,Sometimes they are consumed with beer and are often a snack .,0
15316,"It was this title that Lancelot Brenton ( his elder brother , John Jervis Brenton , died in 1817 ) inherited .",It was this title that John Jervis Brenton inherited ( his older brother Lancelot Brenton having died in 1817 ) .,0
42847,"He also spread rumors about a possible Hungarian federation , as proposed to him by Romanian landowners .","He also circulated rumors about a possible Hungarian -- Romanian federation , as proposed to him by Hungarian landowners .",0
5428,The National Ports Authority provides port infrastructure and marine services at the eight commercial seaports in South Africa .,The National Ports Authority provides port infrastructure and commercial services in the eight seaports of South Africa .,0
31304,"Although it is being developed in Singapore , it is used commercially mainly in Europe .","Although it is being developed in Europe , it is used commercially mainly in Singapore .",0
44592,"Dhundalwadi is a village in the Palghar district of Maharashtra , India . It is located in Dahanu Taluka .","Dhundalwadi is a village in the Dahanu district of Maharashtra , India . It is located in the Palghar taluka .",0
44878,David Barclay was the son of Sir David .,David David was the son of Sir David Barclay .,0
20417,Riverton was a parliamentary electorate in the Southland region of New Zealand .,Riverton was a parliamentary election in the Southland of New Zealand region .,0
39275,Seb Janiak is the French photographer and video director of Polish origin .,Seb Janiak is a Polish photographer and video director of French origin .,0
14982,"Theodore was flogged and banished together with ten other monks to Thessaloniki , while Plato was imprisoned in Constantinople .","Theodore was imprisoned and banished together with ten other monks to Constantinople , while Plato was flogged away in Thessaloniki .",0
17437,"Like many aspects of Byzantine ivory , this reflects the Islamic traditions inherited from Islam .","Like many aspects of Islamic ivory , this reflects the Byzantine traditions that Islam has inherited .",0
44662,( Lech Wałęsa accepted symbols of the pre-war presidency from Ryszard Kaczorowski ) .,Ryszard Kaczorowski received symbols from Lech Wałęsa of the pre-war presidency .,0
15505,The subsequent versions of localized games use the current naming convention instead .,The localized versions of subsequent games instead use the current designation convention .,0
6240,"An AMO warm phase reduces the summer rain over the Sahel , while a cold phase strengthens it .","An AMO warm phase strengthens the summer rainfall over Sahel , while a cold phase reduces it .",0
6908,"Harmsworth married Thomas Scott , daughter of Annie Louisa , in 1892 .","In 1892 , Harmsworth married Annie Louisa , daughter of Thomas Scott , 1892 .",0
31122,The Euler - Tour - Representation ( ETR ) can be represented in parallel in an undirected tree constructed as a set of edges as follows :,The Euler - Tour - Representation ( ETR ) can be constructed in parallel with an undirected tree presented as a set of edges :,0
41052,Caracase is a city in the southwestern Gedo region of Somalia .,Caracase is a city in the southwestern Somalia region of Gedo .,0
17517,"The band separated shortly afterwards and reformed in 1987 as a trio with Lucy and Brothers Joel Green ( drums , vocals ) and Matt Green ( guitar ) .","The band split shortly after and reformed as a trio with Matt Green and Brothers Lucy ( drums , vocals ) and Joel Green ( guitar ) in 1987 .",0
1772,"Bagraj is a village in the Bhopal district of Madhya Pradesh , India . It is situated in Berasia tehsil .","Bagraj is a village in the Berasia district of Madhya Pradesh , India . It is located in the Bhopal tehsil .",0
16616,"He began his career in 1894 as an independent architect in Berlin , the same year he made a study trip to Italy , one year later to England .","In 1894 he began his career as an independent architect in Berlin ; the same year he took a study trip to England , one year later to Italy .",0
15818,"During Portuguese and Brazilian colonisation , the Portuguese influence was also added , and Feijoada was incorporated into the rest of the Guisos .",Portuguese and Brazilian influence was also added during Portuguese colonization . Feijoada was incorporated into the rest of the guisos .,0
7498,He was asked for his opinion about the books '' Mission to Moscow `` by Joseph E. Davies and '' One World `` by Wendell Willkie .,He was asked his opinion about the books `` Mission to Moscow '' by Wendell Willkie and `` One World '' by Joseph E. Davies .,0
4662,"Under the reign of the latter , the newly recruited Abbey Marienberg was founded with monks from Ottobeuren .",Under the rule of the latter the newly founded Marienberg Abbey was recruited with monks from Ottobeuren .,0
38844,"The majority of them settled in London , with the largest community in Toronto , followed by those in Hamilton , Ontario and Kingston .","The majority of them were settled in Ontario , with the largest community in Toronto , followed by those in Hamilton , London and Kingston .",0
35592,"However , the Georgian language is the singular form when the quantity is specified , so that in practice the plural of `` tetri '' only uses '' tetri `` .","The Georgian language , however , uses the singular form when the number is specified , so in practice the plural of `` tetri '' is only `` tetri '' .",0
39133,"The Los Angeles County Department of Health Services operates the Torrance Health Center in Torrance , near Rolling Hills Estates and serving Harbor Gateway , Los Angeles .","The Los Angeles County Health Services Department operates the Torrance Health Center in Harbor Gateway , Los Angeles , near Torrance , and serves Rolling Hills Estates .",0
33650,He reaches himself and settles down under his seat cushion to confirm the presence of a dagger .,He settles himself and reaches under his seating cushion to confirm the presence of a dagger .,0
43385,"On 7 July 2009 , General Major Francis Okello was replaced as Commander of the AMISOM by General Major Nathan Mugisha .","On 7 July 2009 , General Major Nathan Mugisha was replaced as Commander of AMISOM by the general major Francis Okello .",0
40360,It is south of the regional airport of Evansville and east of the Sunset Memorial Gardens graveyard .,It is located south of the Sunset Memorial Gardens and east of the Evansville Regional Airport cemetery .,0
15160,"During the LGM , the Laurentide Ice Sheet covered most of North America , while Beringia connected Siberia with Alaska .",During the LGM the Laurentide Ice Sheet covered most of northern Alaska while Beringia connected Siberia to North America .,0
37970,"Because there was a lack of evidence to prove that Johnson was not killed in self-defense , Jim was acquitted and allowed to return to home .","Because there was a lack of evidence to prove that Jim was not killed in self-defense , Johnson was acquitted and allowed to return home .",0
46193,Trans States Airlines operated as AmericanConnection until March 2007 and RegionsAir operated as AmericanConnection until May 2009 .,"Until March 2007 , RegionsAir was operated as AmericanConnection and until May 2009 as AmericanConnection of Trans States Airlines .",0
5623,"Following the success of the first film , star Robin Jones Gunn and author Niall Matter both confirmed in March 2017 that Hallmark is developing a continuation .","Following the success of the first film , star Niall Matter and author Robin Jones Gunn both confirmed in March 2017 that Hallmark were developing a sequel .",0
7447,Isaacs was born in Panama in 1915 into a Panamanian father and a Jamaican mother .,Isaacs was born in 1915 in Panama to a Jamaican father and a Panamanian mother .,0
11393,"The northern cavefish or southern blindfish , `` Amblyopsis spelaea '' , is found in caves through Indiana and northern Kentucky .","The northern Cavefish or the northern blindfish , `` Amblyopsis spelaea '' , is found in caves through Kentucky and in the southern Indiana .",0
11334,Miguel Ángel Virasoro ( born Argentina in 1940 ) is an Argentine physicist who has done most of his work in Italy .,Miguel Ángel Virasoro ( ; born 1940 in Italy ) is an Argentine physicist who has done most of his work in Argentina .,0
15277,The music was written by K. Raghavan and texts by Swathi Thirunal and Edasseri composed .,Music was composed by K. Raghavan and the text was written by Swathi Thirunal and Edasseri .,0
46661,"Abbott would see action in 24 games for the track athletics that fall , and was traded to the Florida - Marlins after the season in exchange for Kerwin Moore .","Kerwin Moore would see action in 24 games for the Athletics that fall , and was traded to the Florida Marlins after the season in exchange for Abbott .",0
47173,"Jan Apell and Brent Haygarth won 3 : 6 , 6 : 1 , 6 : 3 against Pat Cash and Patrick Rafter in the final .","Pat Cash and Patrick Rafter won 3 -- 6 , 6 -- 1 , 6 -- 3 against Jan Apell and Brent Haygarth in the finals .",0
39038,"In this way , the Nestorian faith was established in the East under tragic signs .","In this way , under Nestorian auspices , the tragic faith was established in the East .",0
29587,"Spain recognized Spanish nobles on equal footing as Spaniards , and Irish could claim Irish citizenship .","Spain recognized Irish nobles as Spaniards on equal terms , and Irish citizens could claim Spanish citizenship .",0
23476,"The song was performed on February 8 , 2008 on `` Friday Night with Adele '' and during the show on `` Saturday Night Live '' on October 18 , 2008 .",Adele performed the song on `` Friday Night with Jools Holland '' on 8 February 2008 and on `` Saturday Night Live '' during the 18 October 2008 show .,0
7948,"Byron Township changed its name from Byron Township on December 28 , 1850 , to avoid confusion with Dunham Township and to honor a resident , Solomon J. Dunham .","On December 28 , 1850 , the name of Dunham Township changed from Byron Township to avoid confusion with Byron Township and honor a resident of Solomon J. Dunham .",0
46053,Bridgeville was formally part of Rock Hill .,"Formally speaking , Rock Hill was part of Bridgeville .",0
25380,"Artificial beings are common in fiction since the 19th century , as in Karel Čapek 's '' Frankenstein `` or Mary Shelley '' R.U.R `` .","Since the 19th century , artificial beings are common in fiction , as in Mary Shelley 's `` Frankenstein '' or Karel Čapek 's `` R.U.R .",0
4271,"Curtin Township is bordered by Liberty Township in the northeast , Marion Township to the southeast , Clinton County to the southwest and Howard Township to the west .","Liberty Township is bordered by Clinton County to the northeast , Marion Township to the southeast , Howard Township to the southwest , and Curtin Township to the west .",0
23150,"The Waitaki River district , in the Canterbury and Otago regions of New Zealand , straddles the traditional border between the two regions , the Waitaki .","The district of Waitaki , in the regions of Canterbury and Otago in New Zealand , stretches the traditional border between the two regions , the Waitaki River .",0
15507,In 1974 it became a municipality of the first category and in 1979 a third-class community .,In 1974 it became a municipality of the first category and in 1979 a third-class municipality .,0
26519,Eivind Saxlund was active in the Church of Norway and married to Asserson .,Asserson was working in the Church of Norway and was married to Eivind Saxlund .,0
6058,It identifies the blue seventh against the dominant chord that would be in the key of C B and G -- B -- D .,"It features the blue seventh against the dominant chord , which in the key of C would be B and G -- B -- D .",0
35674,"Jones was born in Vicksburg , Mississippi and grew up in Morton , Mississippi .","Jones was born in Vicksburg , Mississippi , Germany and grew up in Morton , Mississippi .",0
11805,codice 3 is a type qualifier where the unqualified type of codice 27 codice 28 is and the qualified type codice 29 .,"Where codice _ 3 is a type qualifier , which the qualified type of codice _ 27 is codice _ 28 and the unqualified type is codice _ 29 .",0
47918,"Tartalo was blind , but not dead yet .","Tartalo was dead , but not yet blind .",0
944,The series will be published in Japan by VIZ Media and in the United States by Shogakukan in English .,The series is published in Japan by Shogakukan and in the United States in English by VIZ Media .,0
47583,"Danelli met Felix Cavaliere ( a pickup singer on the local R & B circuit ) , and Eddie Brigati ( a classically trained pianist ) in 1963 .","In 1963 , they met Eddie Brigati ( a pickup singer on the local R 'B circuit ) and Felix Cavaliere ( a classically trained pianist ) .",0
23834,It was renamed Ricory in 1952 and developed by the early 1970s .,It was developed in 1952 as Ricory and by the early 1970s was renamed .,0
15924,The Amaradia River or Negreni River is a tributary of the Valea Negrenilor River .,The river Valea Negrenilor or Negreni River is a tributary of the river Amaradia .,0
30735,"In 1838 , Stephenson returned to Manchester and established himself as a historical and landscape engraver in St. Ann Street and then at a studio in Ridgefield .","Around 1838 , Stephenson returned to Manchester and established himself as a historical and landscape engraver in Ridgefield and then in a studio in St. Ann Street .",0
1084,On the north side are two windows similar to those on the south side .,On the south side there are two windows similar to those on the north .,0
21036,"Love on the Line is the name of a Crazy Penis album , which was released in 2008 and was only produced in Australia .",Love on the Line is the name of a Crazy Penis album that was produced in 2008 and was released only in Australia .,0
4975,"The Pittsburgh Frank Seder was completed in 1913 , but destroyed in 1917 by a fire with a loss of $ 600,000 , and expanded its replacement in 1918 .","The Pittsburgh Frank & Seder was expanded in 1913 , but destroyed by fire in 1917 at a loss of $ 600,000 ; its replacement was completed in 1918 .",0
6154,"From 1898 to 1902 , some 1,300 birds were imported from America and released in many parts of the North and South Islands , from Southland to Northland .","From 1898 to 1902 , around 1,300 birds were imported from America and released in many parts of the North and South Islands , from Northland to Southland .",0
17705,"On March 31 , 1958 , Daley , together with Gene Woodling and Dick Williams , was traded at the Baltimore Orioles for Larry Doby and Don Ferrarese .","On March 31 , 1958 , Daley , together with Larry Doby and Don Ferrarese , was traded on the Baltimore Orioles for Gene Woodling and Dick Williams .",0
20883,The method of Wu is powerful for the complete theorem proving in elementary geometry and provides a mechanical decision process for certain problem classes .,"Wu 's method is powerful for mechanical theorem proving in elementary geometry , and provides a complete decision process for certain classes of problem .",0
40298,"Teversall Manor is a former station in Teversal , Nottinghamshire , on the border with Derbyshire west of Mansfield .","Teversall Manor is a former railway station in Mansfield on the border to Derbyshire west of Teversal , Nottinghamshire .",0
47922,"It is a kind of mainly Byzantine dance , from where , with the main base and the elements of Turkish folkloric music has been adapted .","It is a kind of mainly Turkish folkloric dance , from where , with the main base and the elements of Byzantine music has been adapted .",0
2763,"Wolf Burn flows through the district to reach Scrabster Harbour and the Atlantic Ocean , halfway between Thurso town centre to the east and Thurso Bay to the west .","Wolf Burn flows through the district to enter Thurso Bay and the Atlantic Ocean , midway between Thurso town centre to the east and Scrabster Harbour to the west .",0
25718,Ashe was spoken in English by Mie Sonozaki and by Kari Wahlgren in Japanese .,Ashe was spoken by Kari Wahlgren in English and by Mie Sonozaki in Japanese .,0
31284,Itami-go was a part of Castle Arioka which Araki Murashige ruled under Oda Nobunaga .,"Itami-go was a part of the castle of Arioka , which ruled Oda Nobunaga under Araki Murashige .",0
23851,"On the north side of the administrative building the hangars were built 1 -- 4 , on the south side the hangars 5 -- 8 were built .","On the south side of the administrative building the hangars were built 1 -- 4 , on the north side the hangars 5 -- 8 were built .",0
29928,"In February 2014 , the opening ceremony for the monument to the victims of the Uşak massacre was held in Khojaly .",The opening ceremony for the monument to the victims of the Khojaly massacre was held in Uşak in February 2014 .,0
38634,"Eoacmaea chamorrorum is a species of sea snail , a true limpet , a true gastropod mollusk in the family Eoacmaeidae , one of the families of marine limpets .","Eoacmaea chamorrorum is a species of sea snail , a true limpet , a marine gastropod mollusk in the Eoacmaeidae family , one of the families of the true limpets .",0
49353,"Born in Badajoz , Hidalgo played for Seville and Celta de Vigo .","Hidalgo was born in Seville , who played for Badajoz and Celta de Vigo .",0
6034,The 2012 Central Connecticut State University football team represent Central Connecticut Blue Devils in the NCAA Division I FCS Football - Season 2012 .,The 2012 Central Connecticut Blue Devils football team represented Central Connecticut State University in the 2012 NCAA Division I FCS football season .,0
28149,"Notes from Big Sur is an album by jazz saxophonist Charles Lloyd recorded in July 1993 by Lloyd with Bobo Stenson , Anders Jormin and Ralph Peterson .","Notes by Big Sur is an album by jazz saxophonist Lloyd , which was recorded by Charles Lloyd in July 1993 with Bobo Stenson , Anders Jormin and Ralph Peterson .",0
36082,"In the episode `` Cheat It '' , Rico runs a sauna company called `` Señor Steam '' , which patronizes Robby .","In the episode `` Cheat It '' , Robby runs a sauna company called `` Señor Steam '' , which patronizes Rico .",0
647,This is a list of the second football transfers for the `` Malaysian transfer window 2013 '' .,This is a list of Malaysian football transfers for the `` 2nd transfer window 2013 '' .,0
29261,"The position of opposition leader throughout the early twentieth century was essentially informal , with formal recognition only being granted in the nineteenth century .","The position of Leader of the Opposition was essentially informal throughout the nineteenth century , with formal recognition only being granted in the early twentieth century .",0
31689,"William J. Galvin married Kathryn Galvin in 1956 , the daughter of Kevin White , who also served as a Boston City Council president .","In 1956 , Kevin White married Kathryn Galvin , the daughter of William J. Galvin , who also served as president of the city council in Boston .",0
19532,"After the plastic has cooled sufficiently , the mold is ejected and the part is opened .","After the plastic has sufficiently cooled , the tool is opened and the part is ejected .",0
22416,"Obrovac is a town located in northern Dalmatia , in the Croatia of Zadar County .","Obrovac is a town in northern Dalmatia , in the county of Zadar in Croatia .",0
36499,"In the second ending , Kisuke arrives to find Tsunayoshi possessed by the Jinkuro-killed Momohime .","In the second ending , Kisuke arrived to find Tsunayoshi , killed by the Jinkuro-possessed Momohime .",0
793,The 1990 Philadelphia Wings season marked the fourth season of the team operation and second championship .,The 1990 Philadelphia Wings season marked the team 's second season of operation and fourth league championship .,0
710,"He founded the Aquila Press in the 1930s to publish literary but obscure works , and he wrote or translated over 50 books .",He established the Aquila Press in the 1930s to publish obscure but literary works . He personally wrote or translated over 50 books .,0
48445,"Local artists have created a unique oasis at the Azalea Community Park with the Water Conservation Garden , a collection of succulents and creative sculpture .","At the Azalea Community Park , creative artists have created a unique oasis with the Water Conservation Garden , a collection of local plants and succulents .",0
15960,In March they returned to Reid 's studio to record their first material with latest member Jason Sanderson .,"In March , they returned to Jason Sanderson 's studio to record their first material with their newest member , Reid .",0
18961,"36.4 % were Finnish , 10.2 % Italian , 9.2 % of German , 7.1 % Swedish and 5.4 % Scottish origin according to the 2000 census .","36.4 % were Finnish , 10.2 % Swedish , 9.2 % German , 7.1 % of Italian and 5.4 % Scottish origin according to the 2000 census .",0
8394,"Dan , however , decides to keep this truth from Serena a little while longer .","Serena decides , however , to keep this truth for a little longer from Dan .",0
639,"The association of the stylized eye with mirrors was so strong that in the art of Teotihuacan , human eyes were often used as a substitute for the face of a mirror .",The association of the human eye with mirrors was so strong that stylized eyes were often used in Teotihuacan - art as a substitute for the face of a mirror .,0
25810,"The Simpsonville - Mill is a historic pre-colonial mill complex in Simpsonville , Maryland , part of Columbia , Maryland - land development .","The Simpsonville Mill is a historical pre-colonial mill complex in Columbia , Maryland , part of the Simpsonville , Maryland land development .",0
18175,It is also dorsal to the substantia nigra and medial to the inner capsule .,It is also medial to the substantia nigra and internal to the dorsal capsule .,0
13975,Around 1685 he moved to Neu - France and lived for some time in Quebec .,He moved to Quebec around 1685 and lived in New France for some time .,0
46575,"SDT was the first team to earn the first , second , third , fourth , fifth , sixth , seventh and eighth title in the UAAP Cheerdance Competition .","SDT was the first , second , third , fourth , fifth , sixth , seventh and eighth team , which won the first title in the UAAP Cheerdance Competition .",0
48221,"Penn State has won eight titles , and then both Oklahoma and Iowa State have each won seven championships .","Iowa State has won eight titles , and Oklahoma and Penn State have won seven championships each .",0
823,He has two elder and one younger brother .,He has two younger and one elder brother .,0
49125,Ram Hill was known as Nutridge Hill in the Mudge Map in 1815 and was connected to Broad Lane by Westerleigh with Mays Hill and by Frog Lane .,"In the Mudge Map 1815 , Ram Hill was known as Nutridge Hill , and was linked to Westerleigh by Broad Lane and to Mays Hill by Frog Lane .",0
7121,Their son Brian Sims appeared with Tony on `` Taxi '' in two episodes as Marc .,Her son Marc appeared in two episodes with Tony as '' Brian Sims '' on `` Taxi '' .,0
40889,"On the island of Brač , Ignjat Job painted colourful landscapes in a personal Expressionist style .",Ignjat Job painted personal landscapes on the island of BraÄ in a colourful expressionistic style .,0
39270,The Vesicular Monoamine Transporter ( VMAT ) is a transport protein that is integrated into the membrane of synaptic vesicles of presynaptic neurons .,The pre-synaptic monoamine transporter ( VMAT ) is a transport protein integrated into the membrane of synaptic vesicles of vesicular neurons .,0
26263,Karinizhal is an Indian Malayalam film produced by JD Thottan and directed by Kovai Ramaswamy in 1971 .,Karinizhal is an Indian Malayalam film directed by JD Thottan and produced by Kovai Ramaswamy in 1971 .,0
29505,She has also published biographies by the Nobel laureate Octavio Paz and artist Juan Soriano .,She also published biographies of the Nobel laureate Juan Soriano and the artist Octavio Paz .,0
40010,"He was musically trained at the Academy of Art in Zurich , where he and others also learned to use the computer for composing music .","He was also trained at the Academy of Art in Zurich , where he and others musically learned to use the computer for composing music .",0
3016,"The Gila Mountains is a mountain range in southwest Arizona east of Yuma , Arizona , northeast of the Muggins Mountains , and east of the Laguna Mountains .","The Muggins Mountains is a mountain range in the southwest of Arizona east of Yuma , Arizona , northeast of Gila Mountains and east of the Laguna Mountains .",0
8623,"In 2008 , Rice played a tour with Maria Taylor of Azure Ray and performed at the Los Angeles Sunset Junction Festival .","In 2008 , Rice played a tour with Maria Taylor of Azure Ray and led the Sunset Junction Festival in Los Angeles .",0
20674,The Baroque Tenant 's House was built in the 18th century in representative style .,The representative tenant house was built in the baroque style in the 18th century .,0
1942,"In August 1927 , Yang finished his marriage with Mao and began a relationship with He Zizhen in early 1928 .","In August 1927 , Mao ended his marriage with Yang ; and , in early 1928 , he began a relationship with He Zizhen .",0
35536,"The first DVD -- recording of the band , released in March 2010 at the Y Theatre in Leicester , was filmed in January 2011 .",The band 's first DVD recording shot in March 2010 at the Y Theatre in Leicester was published in January 2011 .,0
37694,"Her daughter Lady Montagu Corry married Henry Lowry-Corry and was the mother of Harriet Anne , 1st Baron Rowton .","Their daughter Lady Harriet Anne married Henry Lowry-Corry and was the mother of Montagu Corry , 1st Baron Rowton .",0
38776,"The album was announced on June 2 as a limited edition , untitled album with hand drawn covers and signed by Buckethead himself to be released on July 2 .","The album was released on June 2nd as a limited , untitled album with hand drawn covers and signed by Buckethead himself to be announced on July 2 .",0
39043,Suffolk County Cricket Teams were the teams that represented the historic county of Suffolk before the first official formation of Suffolk County Cricket - Club 1864 .,Suffolk County Cricket Teams were the teams that represented the first official county of Suffolk before the historic formation of Suffolk County Cricket - Club 1864 .,0
27135,"The Taveuni silktail is a small black bird , measuring around and weighing .",The Taveuni Silktail is a small black bird weighing and measuring .,0
2641,"During the American Civil War , Indiana was the site of the Battle of Corydon , the only official pitched battle waged in Corydon .","During the American Civil War , Corydon was the place of the battle of Corydon , the only official battle in Indiana .",0
8206,A professional thief ( Thomas Jane ) takes a former racing driver ( John Cusack ) hostage and forces him to drive his car .,A professional thief ( John Cusack ) takes a former race car driver ( Thomas Jane ) hostage and forces him to drive his getaway car .,0
21817,Jools Holland performed the song on `` Friday Night with Adele '' on 8 February 2008 and on `` Saturday Night Live '' during the 18 October 2008 show .,"The song was played on February 8 , 2008 on `` Friday Night with Jools Holland '' and during the show on `` Saturday Night Live '' on October 18 , 2008 .",0
40512,Species such as `` T. eurycephalus '' however had a shorter rostrum and a deeper skull .,"However , species such as '' T. eurycephalus '' had a deeper rust and a shorter skull .",0
11578,"Horace W Webb , a native of Oklahoma , is located just south of Graniola , Missouri in 1910 .","Horace W , Webb , a native of Missouri , settled just south of Graniola , Oklahoma in 1910 .",0
4607,"The body is black , the links and fingers are long and the tail is white .","The body is black , the limbs and fingers are long and the tail is white .",0
3063,"Instead , some theorists think that a state similar to the new hegemon in culture and preferences will take on old hegemon status .","Instead , some theorists think , a state similar in culture and preferences to the old hegemon will assume new hegemon status .",0
23778,The Pascu River is a tributary of the river Valea Voenilor .,The Valea Voenilor River is a tributary of the Pascu River .,0
7439,"A number of conditions can be put on a market , sometimes to model hypothetical markets and sometimes to highlight certain types of actual market behavior .","A number of conditions can be imposed on a market , sometimes to model actual markets and sometimes to emphasize certain types of hypothetical market behavior .",0
10638,Sam Bradford 's following pass was tipped by Florida DB Joe Haden and intercepted by Florida safety Major Wright .,The following pass of Sam Sam Bradford was tipped by Florida DB Major Wright and intercepted by Florida Safety Joe Haden .,0
9600,Founding member Dan McGruer left the band in 2014 and was replaced by Devin Abrams .,"In 2014 , founding member of 15 years Devin Abrams left the band and was replaced by Dan McGruer .",0
24539,"The construction of a seed length of Formula 32 , which is constant up to optimal factors .","The construction of a seed length of Formula 32 , which is optimal to constant factors .",0
17954,"In 2015 , Stephen Hawking offered Richard Branson a seat free of charge on the Virgin Galactic spaceship .","In 2015 , Richard Branson offered Stephen Hawking a seat on the Virgin Galactic spaceship for free .",0
39731,"Vancouver had also 4.9 , Calgary had 5.6 , Winnipeg had 5.6 , Montreal had 7.9 , Toronto had had 11.2 and Sarnia had 12.7 .","Vancouver also had 4.9 , Calgary had 5.6 , Winnipeg had 5.6 , Toronto had 7.9 , Montreal had 11.2 and Sarnia had 12.7. ``",0
16434,"In 1975 , he was appointed Papua New Guinea 's first Consul General in Australia .",In 1975 he was appointed Australia 's first Consul of General in Papua - New Guinea .,0
28376,This is a list of the etymology of street names in Covent Garden district of London .,This is a list of the etymology of street names in London 's Covent Garden district .,0
16258,Ricci is known for publishing the original edition of the `` Codex Seraphinianus '' and some of Guido Crepax 's books .,Guido Crepax is known for publishing the original edition of `` Codex Seraphinianus '' and some Ricci books .,0
13452,"In Bazou , you will be pleasantly surprised to appreciate the place of choice that occupies the immaterial heritage , and you will see .",In Bazou you will be pleasantly surprised to see the place of choice that occupies the immaterial heritage that you will appreciate .,0
3136,He left Sheffield in 1805 to study theology at Manchester College in York .,"He left York in 1805 to study theology at Manchester College , Sheffield .",0
15628,"In versions of the Renaissance , Ogier travels to the Avalon governed by Morgan le Fay and eventually becomes King Arthur 's parade .",Ogier in versions of the Renaissance travels to the Avalon ruled by King Arthur and eventually becomes Morgan le Fay 's paramour .,0
31680,"In 1958 , the company got a production structure in Houston , USA , and later in Frederikssund .","The company got a production structure in Frederikssund in 1958 and later in Houston , United States .",0
694,Today the area of Skudenes refers to the southern part of the island Karmøy .,"Today , the Karmøy area refers to the southern part of Skudenes island .",0
20597,He studied philosophy in Graz and in Vienna and Padua Medicine .,He studied philosophy in Vienna and Padua and medicine in Graz .,0
11454,The station was opened on 1 July 1903 on the Donegal Railway Company railway from Stranorlar to Glenties .,"The station was opened on July 1 , 1903 on the line of the Donegal Railway Company from Glenties to Stranorlar .",0
30991,Dunkerton moved to Herefordshire from London at the age of 14 .,Dunkerton moved from Herefordshire to London at the age of fourteen .,0
33683,"Between 1928 and 1934 Latham was a member of the Municipal Reform Party , representing Lewisham East as a member of the Conservative-backed London County Council .","Between 1928 and 1934 , Latham was a member of the London County Council , representing Lewisham East as a member of the Conservative-backed Communal Reform Party .",0
12783,"So , if we know the probability distribution functions formula _ 35 , we can calculate the function formula _ 36 , and from it , find the optimal reservation price .","Thus , if we know the probability distribution - Function Formula 35 , we can find the Formula 36 function and calculate the optimal reservation price from it .",0
19478,Walter Giffard was father of the Hugh who became Archbishop of York and Chancellor of England .,"Hugh was father of Walter Giffard , the Archbishop of York and Chancellor of England .",0
25085,"Pallas was originally a slave of Antonia Minor , a daughter of Mark Anton and the niece of Emperor Augustus .","Pallas was originally a slave of Antonia Minor , a daughter of Emperor Augustus and niece of Mark Antony .",0
35466,"Paralepetopsis tunnicliffae is a species of sea snail , a true limpet , a marine gastropod mollusk in the Neolepetopsidae family , one of the families of the true limpets .","Paralepetopsis tunnicliffae is a species of sea snail , a true limpet , a true gastropod mollusk in the family Neolepetopsidae , one of the families of the marine limpets .",0
17682,"Born in 1799 in Kingston , Toronto , he grew up in York .",He was born in York ( Toronto ) in 1799 and grew up in Kingston .,0
11759,"In 1932 , the company moved cigar production from Cuba to Trenton following a strike in the Cuban factory and to avoid high tariffs .",The company moved cigar production to Cuba in 1932 following a strike at the Cuban factory in Trenton and to avoid high tariffs .,0
17625,"Cafarlet is a fortress built in the village of Kafr Lam , located in the 8th or 9th century .","Cafarlet is a fortress that was located in the village of Kafr Lam , built in the 8th or 9th century .",0
2690,She explores traditional music as well as contemporary repertoire .,She explores contemporary music as well as the traditional repertoire .,0
44208,This introduction to travel began a lifelong passion that led her to study in the remote areas of Alaska and British Columbia .,This introduction to studies began with a lifelong passion that led her to travel in the remote areas of Alaska and British Columbia .,0
4216,The train station is served by the Asa line and is 8.0 km from the beginning of the line .,The station is located by the Asa Line and is served 8.0 km from the beginning of the line at,0
3724,"Unlike professional astronomers , for many amateur astronomers , scientific research is usually not the `` main goal '' .","Scientific research is most often not the `` main '' goal for professional astronomers , unlike many amateur astronomers .",0
12097,"The following is a table of the nominative case of the singular and plural second person in many languages , including their respectful variants ( if any ) :","The following is a table of the nominative case of the respectful person in many languages , including their singular and plural - second variants ( if present ) :",0
33918,"They did not hesitate to send members of the various professions to the respective congresses held in Bessarabia throughout the year 1917 , and they became very powerful .","They did not hesitate to send members of their respective professions to the various congresses held in Bessarabia throughout the year 1917 , and they became very powerful .",0
27327,"In 1963 , Janet married Lloyd Ayliffe and had two children .","In 1963 , Ayliffe married Janet Lloyd and had two children .",0
17435,According to one source it derives from a root meaning `` winding '' .,"According to a source , it derives from a root winding `` meaning '' .",0
42979,Sigmatel was sold to Freescale Semiconductor later .,"Later on , Freescale Semiconductor was sold to Sigmatel .",0
43743,He was born in Stockholm and died in Bromma .,"He was born in Bromma , died in Stockholm .",0
8438,The Major A premiership is currently held by the Major League in Pine Hills Lightning and Runcorn Indians in the Pacific League .,The Major A Premiership is currently held in the Pacific League by the Pine Hills Lightning in the Major League and Runcorn Indians .,0
5598,"The couple had their first child , Shalk Jr , in August 2012 , and in March 2014 his second son Nicol was born .","The couple had their first child in August 2012 , Nicol , and in March 2014 their second son Shalk Jr. was born .",0
34712,"Both tournaments know , despite the clear separation between the two confederations , a tradition to invite countries outside the region .","Both tournaments , despite the clear distinction between the two confederations , have a tradition to invite countries outside the region .",0
37897,Rogue waves can result from the constructive interference ( dispersive and directional focusing ) of elementary 3D waves enhanced by nonlinear effects .,"Rogue - Waves can result from the directional interference ( dispersive and elementary focusing ) of constructive 3D waves , which are amplified by nonlinear effects .",0
33905,"McConnell was killed at the scene , but Turbitt was kidnapped .","At the crime scene , Turbitt was killed , but McConnell was kidnapped .",0
47259,"The company is one of the oldest still active German companies , founded in 1880 by the Brazilian brothers Bruno and Hermann Hering .","The company is one of the oldest Brazilian companies still in activity , founded by German brothers Bruno and Hermann Hering , in 1880 .",0
17266,"A central principle is that `` for every step in moral perception , three steps are to be taken in spiritual development . ''","A central principle is that `` for every step in spiritual perception , three steps must be taken in moral development '' .",0
41082,"The legend of Hallowdega is a 2010 black comedy Fantasy Mockumentary short film , directed by Terry Gilliam of a script by Aaron Bergeron .","The legend of Hallowdega is a 2010 black comedy - Fantasy - Mockumentary - short film , directed by Aaron Bergeron following a screenplay by Terry Gilliam .",0
13558,The Arlington County Washington Boulevard replaced the line between Bluemont Junction Trail and Bluemont Junction .,The Bluemont Junction Trail in Arlington County replaced the line between Washington Boulevard and Bluemont Junction .,0
13843,"Until 1847 , the Keiskamma River marked the border between the Cape Province and the former British Kaffraria , which was then known as Queen Adelaide 's province .","The Keiskamma River marked the border between the Province and former British Kaffraria , known also then as Queen Adelaide 's Cape Province , until 1847 .",0
35239,"In 1938 , after Anfuso was appointed Minister of Foreign Affairs , Ciano became Head of Staff Ministers .","In 1938 , after Ciano was appointed Minister of Foreign Affairs , Anfuso became Ministry head of staff .",0
36562,James Watson and Francis Crick shared the 1962 Nobel Prize for Physiology and Medicine with Rosalind Franklin ; Maurice Wilkins had already died from cancer in 1958 .,"Together with James Watson and Francis Crick , Maurice Wilkins was awarded the Nobel Prize for Physiology and Medicine in 1962 , Rosalind Franklin had already died from cancer in 1958 .",0
36459,"Franco Ferreiro and André Sá defeated Oliver Marach and Leonardo Mayer from 7-6 ( 6 ) , 6-3 in the final .","In the finals Oliver Marach and Leonardo Mayer defeated Franco Ferreiro and André Sá with 7 -- 6 ( 6 ) , 6 -- 3 .",0
14756,"Alla Petrovna Tsuper ( born April 16 , 1979 ) is a Ukrainian ( until 2000 ) and a Belarusian cross-country skier ( since 2000 ) .","Alla Petrovna Tsuper ( born April 16 , 1979 ) is a Belarusian ( until 2000 ) and Ukrainian ( since 2000 ) flight skier .",0
43820,The system required the user to encode the default spelling first into a quasi-phonetic rendering .,The system required the user to encode the quasiphonetic spelling first into a standard rendering .,0
40434,"Gary Donnelly and Jim Grabb won 6 : 7 , 6 : 4 , 7 : 6 against Andrew Castle and Roberto Saad in the final .","Andrew Castle and Roberto Saad won 6 : 7 , 6 : 4 , 7 : 6 against Gary Donnelly and Jim Grabb in the final .",0
17153,"Anita Mohanty is married to Ranjib Biswal , a NRI from London , United Kingdom .","Ranjib Biswal is married to Anita Mohanty , an NRI from London , United Kingdom",0
7774,"In London production , the role of Jerome Pradon was played , and the role was taken over by Robbie Scotcher on June 23 , 2008 .",In the London production the role was played by Robbie Scotcher and the role was taken over by Jerome Pradon on 23 June 2008 .,0
30502,The body of Marian Anderson was found by her sister Lolly and Danielle Santos Bernal on 4 November 2001 .,"Danielle Santos Bernal 's body was found by her sister Lolly and Marian Anderson on November 4 , 2001 .",0
9890,Morris Township is located on the 25th Congressional District and is part of the 11th State Legislative District in New Jersey .,Morris Township is located on the 11th Congressional District and is part of the 25th State Legislative District in New Jersey .,0
44636,"Lee Field in the Galewood neighborhood of Wyoming , Michigan is the home stadium of the club .","Lee Lee Field is the club 's home stadium in Wyoming 's neighborhood of Galewood , Michigan .",0
34032,"The first president of Antigone was Mauro Palma ( 1991-1999 ) , who have been replaced by Stefano Anastasia ( 1999-2005 ) .","The first president of Antigone was Stefano Anastasia ( 1991-1999 ) , who were replaced by Mauro Palma ( 1999-2005 ) .",0
26801,The striped mouse of Temminck or West African Hybomys ( `` Hybomys trivirgatus '' ) is a species of the rodent in the Muridae family .,Temminck 's West African mouse or striped hybomys ( `` Hybomys trivirgatus '' ) is a species of rodent in the family Muridae .,0
35119,"She was born on 28 July 1992 in Okayama , Japan , and married Timothy Koleto in Tokyo in January 2017 .","She was born in Tokyo on 28 July 1992 and married Timothy Koleto in Okayama , Japan in January 2017 .",0
17720,"In November 2005 , Mitchell sold the weekly magazine to Robert Israel Plotkin of Bolinas , California .","In November 2005 , Mitchell sold the weekly to Robert Israel Plotkin of Bolinas , California .",0
46632,Jacob Bellaert ( born in Haarlem ) was an early Dutch publisher who produced seventeen books from 1483 to 1486 in Zierikzee .,Jacob Bellaert ( born in Zierikzee ) was an early Dutch publisher who produced 17 books in Haarlem from 1483 to 1486 .,0
18166,They are sometimes consumed with beer and they are often a bar snack .,They are often consumed with beer and are sometimes a bar snack .,0
21642,"Durg , Chhattisgarh is a city in the district of Bhilai , in eastern central India .","Bhilai is a city located in the Durg district of Chhattisgarh , in eastern Central India .",0
37474,"In 1944 , it was sold to Santa Maria Valley Railroad , and in 1958 it was donated to the Travel Town Museum in Los Angeles , California .","In 1944 , it was donated to Santa Maria Valley Railroad and sold to the Travel Town Museum in Los Angeles , California in 1958 .",0
14107,"With effect from 1 October 2012 , the airline transferred all operations from Don Mueang International Airport to Suvarnabhumi Airport .",The airline transferred all operations from Suvarnabhumi Airport to Don Mueang International Airport effective 1 October 2012 .,0
45869,Girish Puthenchery wrote the text for the songs composed by Johnson .,Johnson wrote the lyrics for the songs of Girish Puthenchery composed .,0
33135,This radioactive heavier isotope may be new depending on the chemical element ( stable or unstable ) .,"Depending on the chemical element , this new heavier isotope can be stable or unstable ( radioactive ) .",0
44765,Wilmington was established as a township in February 1846 by combining parts of Neshannock Township in Lawrence County with parts of Lackawannock Township in Mercer County .,"In February 1846 , Wilmington was founded as a township by combining parts of Neshannock Township at Mercer County with parts of the Lackawannock Township in Lawrence County .",0
32838,George George Harrison regarded Mukunda and the others who came to England first to be his lifelong friends .,Mukunda considered George Harrison and the others who came to England for the first time to be his lifelong friends .,0
8256,"Written by Michelle MacLaren and directed by George Mastras , it aired on AMC in the United States and Canada on September 8 , 2013 .","Written by George Mastras and directed by Michelle MacLaren , broadcast on AMC in the United States and Canada on September 8 , 2013 .",0
25291,"After the Herat affair , Britain would remove its military and diplomatic missions from Persia and occupy the island of Kharg and attack Bushehr .","In the wake of the Bushehr affair , Great Britain would remove its military and diplomatic missions from Persia , and occupy Kharg island and attack Herat .",0
30232,Condon said that she wanted Suzanne to give a Valentine 's Day card .,Suzanne has said that she wanted to give Condon a Valentine 's Day card .,0
24535,"Lucas , Lyon , and Senn were replaced by Erin Kaplan and Roxy Olin beginning in the second half of the first season .","Starting in the second half of the first season , Erin Kaplan and Roxy Olin were replaced by Lyon , Lyon and Senn .",0
14305,Ingham County is a charter municipality of the Meridian Charter Township in the U.S. state of Michigan .,Meridian Charter Township is a charter township of Ingham County in the U.S. state of Michigan .,0
48670,Ahmet Kaya was accused of plagiarizing the melody of `` Million Years Ago '' from the song `` Acilara Tutunmak '' from singer Adele of 1985 .,Adele was accused of plagiarizing the melody of `` Million Years Ago '' from the song `` Acilara Tutunmak '' by singer Ahmet Kaya in 1985 .,0
16407,"Vonberg worked at Imperial College and then joined the Cavendish Laboratory in 1945 , where he studied with Martin Ryle .",Vonberg studied at Imperial College and joined the Cavendish Laboratory where he worked with Martin Ryle in 1945 .,0
16521,Following the election the Labour Party formed a Coalition with Liberal Democrats and the Conservative Party .,The Labour Party formed a coalition with the Liberal Democrats and the Conservative Party .,0
48214,"William Simson ( 1798/99 -- 29 August 1847 ) was a subject portrait , landscape and Scottish painter .","William William Simson ( 1798-99 -- August 29 , 1847 ) was a Scottish portrait , landscape and subject painter .",0
720,"This private humanitarian project is led by the African Agricultural Technology Foundation , a Kenyan non-governmental organization .","This public-private humanitarian project is led by African Agricultural Technology Foundation , a Kenyan non-governmental organization .",0
15291,The Sanghar ( are partly called Hindu Sanghar `` Jamotar '' Gujarat and Mumbai Maharashtra India .,"The Gujarat and mumbai , maharashtra are a partly Hindu sanghar also called `` JAMOTAR '' Sanghar India .",0
14575,"Easthope , born on 29 October 1784 in Tewkesbury , was the eldest son of Elizabeth of Thomas Easthope , daughter of John Leaver of Overbury , Worcestershire .","Easthope , born on October 29 , 1784 in Tewkesbury , was the eldest son of Thomas Easthope of Elizabeth , daughter of John Leaver of Overbury , Worcestershire .",0
9347,"Defeated Katerina Maleeva Audra Keller with 7 - 6 , 6 -- 2","Katerina Maleeva defeated Audra Keller 7 -- 6 , 6 -- 2",0
705,"During the LGM , the Laurentide Ice Sheet covered most of North America , while Beringia connected Siberia with Alaska .","During the LGM , the Laurentide Ice Sheet covered most of northern Alaska , while Beringia connected Siberia with North America .",0
48550,Holsman granted the Parkway Garden Homes a modernist design inspired by European housing projects of the 1920s and 1930s .,"Holsman gave the Parkway Garden Homes a European design , inspired by modernist residential projects of the 1920s and 1930s .",0
4697,On Saturdays there is a daily street market around which the covered small weekly market is located .,"There is a small weekly street market on Saturdays , around where the covered daily market is .",0
15241,"V9 was sent to Romania as a demonstrator after a tour of Hungary , and arrived on 5th February,1939 .","V9 was sent to Hungary after a tour through Romania as a demonstrator and arrived on February 5 , 1939 .",0
13038,"Dana Mountain , Elevation , was climbed by the group the next day before Martinez had to return to Muir .",The next day Mount Dana was climbed by the group before Muir had to return to Martinez .,0
18007,"Chandler and Connie Chandler have been nominated by the Independent Party of Utah and Crane and Alma Peter Crane received 1,101 votes .","Alma Peter Crane and Connie Chandler were nominated by the Independent Party of Utah , where Crane and Chandler received 1,101 votes .",0
47158,"On April 10 , 1987 , Ricardo Lingan Baccay was dedicated as a priest by Diosdado Aenlle Talamayan .","Aenlle Talamayan was ordained a priest on April 10 , 1987 by Ricardo Lingan Baccay .",0
3370,Antony died on 6 November 1620 and was buried on November 7 in the church of Carew .,"Carew died on November 6 , 1620 and was buried in the Antonius Church on November 7 .",0
36992,"Staf Scheirlinckx ( born March 12 , 1979 in Herzele ) is a professional racing cyclist , brother of another former Belgian bicycle professional , Bert Scheirlinckx .","Staf Scheirlinckx ( born March 12 , 1979 in Herzele ) is a former Belgian road cyclist , the brother of another cyclist professional , Bert Scheirlinckx .",0
31833,The Little Jocko River flows across the Saint Lawrence River and the Ottawa River to the Jocko River .,The Little Jocko River flows across the Jocko River and the Ottawa River to the Saint Lawrence River .,0
36898,"Jeppe Tengbjerg ( born December 28 , 1973 ) is a former football manager and Danish football player .","Jeppe Tengbjerg ( born December 28 , 1973 ) is a Danish football manager and former football player .",0
33356,"They were replaced in 2008 by Jill Culton , followed by Chris Jenkins , with Todd Wilderman in 2010 .","They were replaced by Jill Culton in 2008 , who was followed by Todd Wilderman , with Chris Jenkins in 2010 .",0
1837,"Peoria is part of Peoria County , IL Metropolitan Statistical Area .","Peoria County is a part of the Metropolitan Statistical Area of Peoria , IL .",0
40147,Hog Island is a center and a camp for the Maine - chapter of the National Audubon Society .,Maine is a center and camp for the Hog Island chapter of the National Audubon Society .,0
12251,Jolly 's parents settled in West Bengal from Rajshahi . Her elder sister Sharmili Ahmed is an actress .,"Jolly 's parents settled in West Bengal in Rajshahi , her elder sister Sharmili Ahmed is actress .",0
11175,She died in Abilene and was buried in Fort Worth at the municipal cemetery in Abilene .,She died in Fort Worth and is buried in Abilene at the municipal cemetery of Abilene .,0
11905,"Cain married in 1968 Vera Nell Washington , who has a son , Brian Earl Cain , and a grandson , Brian Earl Cain , Jr..","Vera Nell Washington married Brian Earl Cain in 1968 . He has a son , Cain , and a grandson , Brian Earl Cain , Jr .",0
35250,"Since the Viking Age , there has been conscription in Denmark , where a physical man of every 10th court had to serve the king .","Conscription has been around in Denmark since the Viking Age , where 110th man of every physical court had to serve the king .",0
18685,SHS also has teams that compete in archery and bowling that are not sanctioned by IHSAA but are sponsored by their organizations .,"SHS also has teams that compete in Archery and Bowling which are not IHSAA sponsored , but sanctioned by their organizations .",0
48035,The Grewals are the popular family that was released in the second series of the UK Channel 4 series The Family .,The Grewals are the second family that appeared in the popular series of the UK Channel 4 series The Family .,0
24978,"ZanAir Limited is a domestic airline based in Zanzibar , Tanzania ZanAir was founded in Tanzania in 1992 and is one of the most experienced airlines in Zanzibar .","ZanAir Limited is a domestic airline based in Zanzibar , Tanzania ZanAir was established in 1992 in Zanzibar and is one of the most experienced airlines in Tanzania .",0
10424,The music was written by A. T. Ummer and the lyrics by Koorkkancheri Sugathan and Poovachal Khader were composed .,The music was composed by A. T. Ummer and lyrics was written by Koorkkancheri Sugathan and Poovachal Khader .,0
39395,"For similar reasons , `` Futurama '' 2007 was also revived by Comedy Central : impressive spectator numbers in syndication as well as high DVD sales .","For similar reasons , `` Futurama '' 2007 was also revived by Comedy Central : high spectator numbers in syndication as well as impressive DVD sales .",0
7988,"After a brief stay in New York City with his reported cousin , he moved to New Orleans .",He moved to New York City after a short stay in New Orleans with his cousin .,0
5291,Other villages include Larchmont ( also included in Newtown Township ) and Lawrence Park .,Other villages are Larchmont ( also in Lawrence Park ) and Newtown Township .,0
19128,"Louis Philippe visited the individual exhibits on Mondays , as Napoleon had done .","On Monday , Napoleon visited the individual exhibits , as Louis Philippe had done .",0
34620,Horner changed his mind when Cameron introduced him to the song .,Cameron changed his mind when Horner presented him with the song .,0
47921,"Produced by Arthur Hammerstein , the show by Reginald Hammerstein ( the brother of Oscar Hammerstein II ) was led and was choreographed by Danny Dare .","Produced by Oscar Hammerstein II , the show by Reginald Hammerstein was choreographed ( the brother of Arthur Hammerstein ) and was led by Danny Dare .",0
28954,"The meetings between teachers and other expats in Panamá continued in 2001 , before a touring team from Bogotá spent a week in the Colombian capital in May of that year .","The encounters between teachers and other expats in Bogotá were continued in 2001 , before a touring team from Panamá spent a week in the Colombian capital in May of that year .",0
41651,"In the second season , Susan Glaspell and his play `` Bound East for Cardiff '' as well as '' Trifles '' were introduced by Eugene O ’ apos ; ' Neill .",The second season presented Eugene O ’ Neill with his play `` Bound East for Cardiff '' as well as '' Trifles '' by Susan Glaspell .,0
39881,"He died in Edinburgh on 28 August 1901 . He had married , in Mauritius in 1870 , Charlotte , the daughter of Percy Fitzpatrick .","He died in Mauritius on 28 August 1901 and married Charlotte , daughter of Percy Fitzpatrick , in Edinburgh in 1870 .",0
19571,"Nearly the entire area is part of the Sandia Mountain Wilderness , including the Cibola National Forest .","Almost the entire range is part of the Cibola National Forest area , including the Sandia Mountain Wilderness .",0
28015,The role of corpus callosum in the epilepsy is the interhemispheric transmission of epileptiform discharges .,The role of corpus callosum in the epilepsy is the epileptiform transmission of interhemispheric discharges .,0
8947,Shaunavon 's headquarters are located in the Great Western Railway .,The Great Western Railway headquarters are located in Shaunavon .,0
8479,"In the 9th century Bethlehem went through control of the Islamic caliphates of the Abbasids , then in the 8th century the Umayyads .","Bethlehem then passed through the control of the Islamic caliphates of the Umayyads in the 8th century , then the Abbasids in the 9th century .",0
8564,"The initial plan was to promote Mark Butcher to the opening batsman 's position , which has now become vacant , and to include Paul Collingwood in the middle order .",The initial plan was to promote Paul Collingwood to the now vacant opening position - Schlagmann - position and to include Mark Butcher in the middle order .,0
8677,"Landergin drove cattle on the Chisholm Trail in 1871 . Shortly after , he raised cattle with his brother near Coffeyville , Kansas and later Greenwood County , Kansas .","In 1871 , Landergin breeded cattle on the Chisholm Trail , and shortly afterwards he drove with his brother near Coffeyville , Kansas , and later Greenwood County , Kansas , cattle .",0
432,"There are shorts in Kirkcudbrightshire East Scotland and a few McGirrs listed , but the name McGirr is far more prominent in Scotland than it is in Ireland .","There are Shorts listed in Kirkcudbrightshire east Scotland and a few McGirrs ; however , the McGirr name is far more prominent in Ireland than in Scotland .",0
11345,The males are typically long but are sometimes too long and wide .,"The males are typically long and broad , but are sometimes up to long and wide .",0
10242,"Raúl Varela Luthier is supported by Wenstone Amps , DS Pickups , MST Pedals , Kikemol Straps and Xavier Moyano .","Xavier Moyano is supported by Wenstone Amps , DS Pickups , MST Pedals , Kikemol Straps and Raúl Varela Luthier .",0
6983,The Ciolanu river is a tributary of the River Albele in Romania .,The Albele River is a tributary of Ciolanu River in Romania .,0
40782,"He was named `` Parker '' for Henry David Thoreau 's friend , Thomas Cholmondeley and `` Thomas '' for Theodore Parker .","He was named `` Thomas '' for the friend of Henry David Thoreau , Thomas Cholmondeley , and '' Parker `` for Theodore Parker .",0
8055,"Cedarbrae Mall is a shopping centre located in the Scarborough area of Toronto , Ontario , Canada on the corner of Markham Road and Lawrence Avenue East .","Cedarbrae Mall is a shopping centre located in the area of Toronto , Ontario , Canada of Scarborough on the corner of Markham Road and Lawrence Avenue East .",0
15108,Another piece of music for the album was not written by Gilmour .,Another piece of music written for the album was not used by Gilmour .,0
48074,"86th Airlift Squadron is part of the 309th Airlift Wing on Air Base Chièvres , Belgium .","309th Airlift Squadron is part of the 86th Airlift Wing in Air Base Chièvres , Belgium .",0
32584,"PTAs were restored by the 1985 Local Government Act , when the Metropolitan County Councils were abolished .",PTAs were abolished by the Local Government Act 1985 when the metropolitan county councils were recreated .,0
24835,"On Victory Road , they introduced their new manager , the Voodoo Queen , Roxxi Laveaux , to embarrass Christy Hemme .","At Victory Road , they introduced their new manager , the Voodoo Queen , Christy Hemme , to embarrass Roxxi Laveaux .",0
10573,"Black Drawing Chalks is a Brazilian rock band from Goiânia , Goiás , Brazil , founded by a group of graphic design students in 2005 .","Black Drawing Chalks is a graphic rock band from Goiânia , Goiás , Brazil , formed in 2005 , by a group of Brazilian design students .",0
47303,"However , Griese was temporarily injured in the season and later relieved of Grossman .","However , Grossman was later injured in the season and temporarily relieved of Griese .",0
30144,Powerful Stuff is a 1989 studio album by Texas based blues rock band The Fabulous Thunderbirds . It was recorded in Memphis and produced by Terry Manning .,"Powerful Stuff is a studio album by Memphis Blues - a rock band The Fabulous Thunderbirds from 1989 , which was recorded in Texas and produced by Terry Manning .",0
35310,The station was opened on 1 July 1903 on the railway line Donegal Railway from Stranorlar to Glenties .,The station was opened on 1 July 1903 on the line of the Donegal Railway Company from Glenties to Stranorlar .,0
7929,"In March 1904 , his brother was kidnapped for ransom in Westtexas and taken to Mexico across the border .","In March 1904 , his brother was kidnapped for ransom in Mexico and taken across the border to West Texas .",0
22027,He came to AS Trenčín together with his teammate Haris Hajradinović from the Croatian club NK Inter Zaprešić in the summer of 2013 .,Together with his team colleague Haris Hajradinović from the Croatian club AS Trenčín he came to NK Inter Zaprešić in summer 2013 .,0
47043,"It is important to reach the quantum regime of the mechanical oscillator , where thermal noise effects become negligible on the device .","It is important to achieve the thermal regime of the Quantum Oscillator , where mechanical noise effects become negligible on the device .",0
13320,It was also produced by TV9 before their broadcast their own news programmes `` Berita TV9 '' respectively .,It was also broadcast by TV9 before they produced their own news programmes '' Berita TV9 `` .,0
47126,The season 2002 Seattle Seahawks was the 27th season of the team with the national football league .,The 2002 National Football League season was the 27th season of the team with the Seattle Seahawks .,0
33501,"The character was later killed off in the fourth episode of the second season , `` First Down '' .","The character was later killed in the second episode of the fourth season , `` First Down '' .",0
14845,He was also elected the Fellow of the Royal Society in 1749 and was appointed Fellow of the Royal College of Physicians in London in 1754 .,"He was also elected Fellow of the Royal Society in 1749 and the Fellow of the Royal College of Physicians , London in 1754 .",0
46637,"Of the registered voters in the county , 13,474 were Democrats , 12,218 were Republicans and 15,887 were not affiliated with any party .","Of the registered voters in the county , 13,474 Republicans , 12,218 were Democrats , and 15,887 were not affiliated with any party .",0
19133,"Saavedra claims in his memoirs , as do liberal historians like Vicente Fidel López , that it was exclusively a product of the popular initiative .","In his memoirs , like popular historians such as Vicente Fidel López , he claims that it was exclusively a product of the liberal initiative .",0
11600,"Bhils has the highest population in Jhabua district , followed by the Dhar , Barwani and Khargone districts .","Bhils have the highest population in Khargone district followed by Dhar , Barwani and Jhabua districts .",0
25708,"He considers C. S. Lewis a negative influence and has accused Lewis of showing religious propaganda , misogyny , racism and emotional sadism in his books .","He considers C. S. Lewis to be a negative influence and has accused Lewis of pointing out in his books emotional propaganda , misogyny , racism and religious sadism .",0
35689,"The company got a production structure in 1958 in Frederikssund and later in Houston , USA .","The company got a production structure in Houston , United States in 1958 and later in Frederikssund .",0
31568,"It was born in 2005 , and in 2006 was published the debut - EP `` The Departure '' .",It was released in 2005 and in 2006 was born the debut - EP `` The Departure '' .,0
46594,"In 1875 he moved to Berrien with his parents , who settled in Watervliet .","In 1875 , he moved to Watervliet with his parents , who settled in Berrien County .",0
11487,"Other works of Bailly in Washington , D.C. include sculptures by Benjamin Hallowell and Alexander `` Boss '' Shepherd .","Other works by Benjamin Hallowell in Washington , D.C. , include sculptures of Bailly and Alexander `` Boss '' Shepherd .",0
32056,"On February 17 , 2015 , Starlin teamed with Universal Cable Productions to adapt Dreadstar as a scripted TV series with Chris Bender and J. C. Spink as producers .","On February 17 , 2015 , Chris Bender teamed up with Universal Cable Productions to adapt Dreadstar as a screenplay - TV - series with Starlin and J. C. Spink as producers .",0
27849,"The railway station of Tyabb is located in Victoria , Australia , on the Stony Point line .","Stony Point railway station is located on the Tyabb line in Victoria , Australia .",0
26203,The old grammar school became the Upper School while the new building became the Lower School .,"The new high school became the Upper School , while the old building became the Lower School .",0
19147,Ringwood is located in the 39th Congressional District and is part of the 5th State Legislative District of New Jersey .,Ringwood is located in the 5th Congressional District and is part of the 39th State Legislative District in New Jersey .,0
41297,Carl Carl Bildt called the magazine `` An ambitious attempt to stimulate the European as well as the global debate on European issues '' .,Carl Bildt called the journal `` An ambitious attempt to stimulate the European as well as European debate on global issues '' .,0
39385,"It is located north of Blountstown and east of Altha on the west bank of the Apalachicola River ,",It is located to the north of Altha and east of Blountstown on the west bank of the Apalachicola River .,0
44594,"In 2006 , the newspaper celebrated its 90th anniversary and will be celebrating its 100th anniversary in 2016 .",The newspaper celebrated its 100th anniversary in 2006 and will celebrate its 90th anniversary in 2016 .,0
2693,The area was once served by Edinburgh Waverley railway station which provided direct railway access to Corstorphine .,"The area was once served by Corstorphine railway station , which provided direct access to the railway to Edinburgh Waverley .",0
36771,"The first DVD recording of the band , filmed in March 2010 at the Y Theatre in Leicester , was released in January 2011 .","The band 's first DVD recording , released at the Y Theatre in Leicester in March 2010 , was filmed in January 2011 .",0
46888,"The French institute is involved in the cultural life of the UK and is a partner of Cameo , Edinburgh , and the seat of the office of the French film festival Edinburgh .","The French Institute is involved in the Edinburgh cultural life and is a partner of the Cameo , Edinburgh and hosts the office of the French Film festival UK .",0
25220,Viñac District is one of thirty-three districts of the Yauyos Province in the Lima Region of Peru .,District Viñac is one of thirty-three districts in the Lima region in the province of Yauyos in Peru .,0
21752,( MD 625 ) continues to the north through Hughesville on Old Leonardtown Road .,Old Leonardtown Road continues to the north through Hughesville ( MD 625 ) .,0
9742,"When Ortona was assigned to Lanciano in 1818 , Campli was connected to the Diocese of Teramo .","When , in 1818 , Ortona was joined to Lanciano , Campli was assigned to the diocese of Teramo .",0
48415,"It was added on 6 April 2010 as a digital download and published on May 5 , 2010 by Modern Rock radio in the United States .","It was released on April 6 , 2010 as a digital download and recorded on May 5 , 2010 in Modern Rock Radio in the United States .",0
10317,"Hill is a small lunar impact crater that is located to the west of the prominent crater Macrobius , near the eastern edge of the Sinus Amoris .","The prominent impact crater is located to the west of the small lunar crater Macrobius , near the eastern edge of Sinus Amoris .",0
22841,"The canonical choice for ( `` m '' , `` n '' ) is chosen so that `` n '' is positive , i.e .","The positive choice for ( ( `` m '' , `` n '' ) ) is chosen so that `` n '' is canonical and , i.e .",0
1293,The fortress was besieged again from 22 December 1813 until 14 April 1814 by French troops under the command of General Zoller before the Bavarian garrison surrendered .,"The fortress was once again besieged by Bavarian troops under the command of General Zoller , from 22 December 1813 to 14 April 1814 , before the French garrison capitulated .",0
42685,"In 2013 , Jami Huovinen ( ex-Stratovarius ) and Timo Tolkki replaced Karlsson and Salazar , leading to the album `` The Great Divide '' ( 2014 ) .","In 2013 , Jami Huovinen ( ex-Stratovarius ) and Timo Tolkki Karlsson and Salazar replaced what led to the album `` The Great Divide '' ( 2014 ) .",0
25316,Pepsi Next was launched in March 2013 in Finland and Canada and in France in March 2014 .,"Pepsi Next was first launched in March 2013 in France , in March 2014 in Finland and Canada .",0
6612,He was asked about his opinion about the books '' Mission to Moscow `` by Wendell Willkie and '' One World `` by Joseph E. Davies .,He was asked his opinion about the books `` Mission to Moscow '' by Joseph E. Davies and `` One World '' by Wendell Willkie .,0
28931,This creates filter processing and manages the filter chain with the appropriate filters in the correct order and processing starts .,This manages the filter processing and creates the filter chain with the appropriate filters in the correct order and processing is started .,0
24642,"This version was released in Europe and Australia on August 18 , 2016 , and North America on January 5 , 2017 .","This version was published on August 18 , 2016 in North America and on January 5 , 2017 in Europe and Australia .",0
25996,"Siskiyou National Forest is located on the U.S. Route 101 between the Pacific Ocean and Gold Beach , north of Port Orford and south of Bandon .","Port Orford is located on the U.S. Route 101 between the Pacific Ocean and the Siskiyou National Forest , north of Gold Beach and south of Bandon .",0
27587,"Currently it is the fifth tallest skyscraper in Central Park after QV.1 , the BankWest Tower , City Square and Perth .","It is currently the fifth highest skyscraper in Perth after QV.1 , the BankWest Tower , City Square and Central Park .",0
43380,It was published in Japan on 10 November 1995 and in North America in 1996 .,"It was released on November 10 , 1995 in North America and in Japan in 1996 .",0
10928,Sakura Spirit is a 2014 visual novel developed by Winged Cloud and developed by Sekai Project .,"Sakura Spirit is a visual novel from 2014 , developed by Winged Cloud and published by Sekai Project .",0
44331,"On July 7 , 2011 , Russell was traded for Michael Blunden as Columbus Blue Jackets and joined his brother Kris Russell with the Blue Jackets organization .","On 7 July 2011 , Russell was traded for Kris Russell on the Columbus Blue Jackets and joined his brother Michael Blunden with the Blue Jackets organization .",0
14874,"It is a village and municipality in the Samukh - Rayon of Azerbaijan , has a population of 652 .","Qarabağlı ( also , Samukh Rayon ) is a village and municipality in the Karabagly of Azerbaijan . It has a population of 652 .",0
29147,"In 2014 , founding member Devin Abrams left the band for 15 years and was replaced by Dan McGruer .","In 2014 , founding member of 15 years Dan McGruer left the band and was replaced by Devin Abrams .",0
14599,"Near Pago Pago is Rainmaker Mountain , which gives Pago Pago Harbor an unusually high rainfall .","Near Rainmaker Mountain is Pago Pago , which gives Pago Pago Harbour an unusually high rainfall .",0
15741,It is based on a novel by James Hardiman and was turned into a script by Robert Suhosky .,It was based on a novel by Robert Suhosky and was turned into a screenplay by James Hardiman .,0
27835,"Due to volatile prices and high capital costs , few subsidies can be exploited economically without subsidies .","Due to the high prices and volatile capital costs , few deposits can be exploited economically without subsidies .",0
42890,"At BHCC , Phillips Brooks preached his first sermon and his Christmas Carol `` O Little Town of Bethlehem '' had its last performance .","At BHCC , Phillips Brooks preached its last sermon , and its Christmas carol `` O Little Town of Bethlehem '' had its first appearance .",0
11057,Lavoisier also conducted joint research in physical chemistry and thermodynamics in early experiments with Laplace .,Lavoisier also did early research in physical chemistry and thermodynamics in joint experiments with Laplace .,0
7145,This layer only deals with the physical plugs and connectors and the electrical specification of signals .,This layer only deals with electrical connectors and sockets and the physical specification of the signals .,0
48767,"The freighter that took Jaime from Ponta Delgada to Canada in the first episode , was CGI : the design was finalized in 3D and made in post-production .",The freighter that brought Jaime in the first episode from Ponta Delgada to Canada was CGI : the design was produced in 3D and finalized in the post-production .,0
47422,"His father was the renowned deceased Ud Maestro Munir Bashir , his uncle was the late Oud - Master Jamil Bashir .","His father was the late Ud Maestro Munir Bashir , his uncle was the famous Oud - Master Jamil Bashir .",0
13709,Kendra Saunders is 100 % Hawkgirl now .,Hawkgirl now is 100 % Kendra Saunders .,0
34383,"In 1964 , Nikolayevna married Bratus Igor Moskvin .","In 1964 , Igor married Moskvin Tamara Nikolayevna Bratus .",0
29222,The Greek census of 1951 counted a total of 127 Muslim Albanian Chams in Epirus .,The Muslim - Albanian census of 1951 in Epirus included a total of 127 Greek chams .,0
41300,"New Folden Township was organized in 1884 , and named after Folden , in Norway .","In 1884 , Norway was founded and township named after Folden in New Folden .",0
25985,"Jan Kodeæe defeated Ilie NÄ stase , 8 -- 6 , 6 -- 2 , 2 -- 6 , 7 -- 5 - 5","Ilie Năstase defeated Jan Kodeš , 8 -- 6 , 6 -- 2 , 2 -- 6 , 7 -- 5",0
41909,Bayswater is connected to the Swan River by the Garratt Road Bridge and the Redcliffe Bridge ( Tonkin Highway ) south of the city .,Bayswater is connected to the south by the Garratt Road Bridge and the Swan River ( Tonkin Highway ) south of the Redcliffe Bridge .,0
5641,"Bill Pickett , an African-American rodeo performer , also appeared in early western films for the same audience .","Also Bill Bill Pickett , an American-African rodeo actor , appeared in early Western films for the same audience .",0
32308,"According to Oliver Cowdery , the Aaronic Priesthood was restored on 15 May 1829 for him and Smith , somewhere in the forest near the home .","According to Smith , the Aaronic Priesthood was reproduced to him and Oliver Cowdery somewhere in the woods near the house on May 15 , 1829 .",0
2487,"Traditionally , Ristretto is a short shot of espresso made with the normal amount of ground coffee , but is extracted with about half the amount of water .","Ristretto is traditionally , a short shot of espresso extracted with the normal amount of ground coffee , but made with about half the amount of water .",0
28298,"Gloria tells Jay that she is also an excellent player , but lets Jay think that he is better .","Jay tells Gloria , she is also an excellent player but lets Gloria thinks he is better .",0
41929,"Also the caterpillars of the Engrailed - Moth ( `` Ectropis crepuscularia '' ) , a polyphagic geometer - Moth , feed on Purple Loosestrife","Caterpillars of the polyphagous moth ( `` Ectropis crepuscularia '' ) , a engrailed geometer moth , also feed on Purple Loosestrife .",0
25156,"He lives in `` Gokuldham Society '' along with his father Daya , wife Champaklal and son Tapu .","He lives in the `` Gokuldham Society '' along with his father Champaklal , his wife Daya and his son Tapu .",0
41275,She was Jewish and was Catholic .,She was Catholic and he was Jewish .,0
36887,It is now a recreation area managed by the Highland Park Progressive Association ( HPPA ) in partnership with the Wellington City Council ( WCC ) .,It is now a recreation reserve managed by the Wellington City Council ( HPPA ) in partnership with the Highland Park Progressive Association ( WCC ) .,0
22742,The first air data computer developed in the USA was patented by John H. Andresen in February 1971 .,The first air data patented in the USA was developed in February 1971 by John H. Andresen .,0
5085,"Following the Allies ' May 1945 victory , the Soviets effectively occupied Central and Eastern Europe , while strong US and Western allied forces remained in Western Europe .","Following the Allied victory in May 1945 , the Soviets occupied Central and Eastern Europe , while strong US remained American and Western allies in Western Europe .",0
39247,"When it was printed commercially , illustrations by J. Augustus Knapp were added .","If it was commercially added , illustrations were printed by J. Augustus Knapp .",0
12360,"After 2015 season Seoul FC Martyrs joined the league , but three new teams Buyeo FC , Siheung Citizen and Yangpyeong FC left them .","After the 2015 season , Seoul FC Martyrs left the league , but three new teams added Buyeo FC , Siheung Citizen and Yangpyeong FC .",0
48166,"Conservatives argued that instead , trusted politicians should be elected .",The conservatives argued that elected politicians should instead be trusted .,0
40389,"Bengidzakiwe is a local song sung in traditional ceremonies in Swaziland , which became a local hit in 2007 .","Mine Bengidzakiwe is a traditional song sung in native ceremonies in Swaziland , which became a local hit in 2007 .",0
8794,"Harold Ballard , the founder of Toronto Maple Leafs , team owner Conn Smythe , and Wrestler Whipper Billy Watson helped Rumball raise the $ 7.6 million to open the center .","Conn Smythe , the founder of Toronto Maple Leafs , team owner Harold Ballard and Wrestler Whipper Billy Watson , helped Rumball raise the $ 7.6 million to open the center .",0
9063,"However , Dan Dan decides to keep this truth a little longer from Serena .","Serena , however , decides to keep this truth from Dan a little while longer .",0
37848,"The first oil source in Oklahoma was drilled in 1885 in Atoka County , Choctaw Nation , Indian territory , although it was not completed until 1888 .","The First Oil Well in Indian Territory was drilled in 1885 in Atoka County , Choctaw Nation , Oklahoma , though it was not completed until 1888 .",0
6623,Tătaru river is a tributary of the river Buzăiel in Romania .,The river Buzăiel is a tributary of the River Tătaru in Romania .,0
885,"They moved later to Whitefish Bay , Wisconsin , and then to New York City .","They later moved to New York City and then to Whitefish Bay , Wisconsin .",0
45656,South Africa meridionalis is a small diving spider that lives in Tanzania .,Tanzania meridionalis is a small jumping spider that lives in South Africa .,0
37057,"Average daily patronage , where possible , is taken from the last calendar or financial year .","Where possible , the average daily patronage is taken over from the financial calendar or from last year .",0
16801,"It was released in 1991 by Island Records , produced by Steve Beresford , Andy Metcalfe and Philip Oakey and re-released in 1999 by Universal Music 's Spectrum label .","It was released in 1991 by Island Records , produced by Steve Beresford , Andy Metcalfe and Philip Oakey and published by Spectrum Label by Universal Music in 1999 .",0
27905,"The Indore district consists of 4 divisions : Depalpur , Sanwer , Indore and Mhow .","The district of Mhow consists of 4 divisions : Depalpur , Sanwer , Indore and Indore .",0
41931,"On 9 December 1979 , Carl von Basedow died at the Otto - Müller - Clinic in Merseburg as a result of a severe lung complaint .","On 9 . December 1979 , Otto Müller died as a result of a serious lung complaint in the Carl von Basedow clinic in Merseburg .",0
8771,"About 292 Bahraini observers from non-governmental organisations monitored the elections , even though foreign observers were not allowed .","About 292 foreign observers from non-governmental organizations monitored the elections , though Bahraini observers were not allowed .",0
37851,"The original version of the work was probably composed in the 15th century , while it bears traces of the later transformation that may belong to the 13th or 14th century .","The original version of the work was probably composed in 13th or 14th century , while it bears traces of later remodeling that may belong to the 15th century .",0
31509,"In 1962 , further restoration was carried out for John Bradburne , who had appointed the poet and mystic William Cardinal Godfrey as caretaker .","In 1962 , further restoration was carried out for William Cardinal Godfrey , who had appointed the poet and mystic John Bradburne as caretaker .",0
1273,"Baden Powell was a student at the Naval Academy after reading a book by Mimi Sodré called Scouting for Boys , when he was interested in the scouting .",Mimi Sodré was a student at the Naval Academy when he was interested in scouting after reading a book by Baden Powell called Scouting for Boys .,0
1226,"Finally , we say that if Formula 11 is regular , a distribution is concave .","Finally , we say that the distribution is regular if Formula 11 is concave .",0
35102,Aslan offered to accompany the children because he wanted Frank himself to see .,Frank proposed to accompany the children because he wanted to see Aslan himself .,0
41290,"Blauburger gives good yields and is particularly resistant to `` Botrytis cinerea '' , but is susceptible to mildew down .","Blauburger gives good yields and is particularly susceptible to `` Botrytis cinerea '' , but is resistant to mildew .",0
2710,On the second day Jess sees a girl who sees her lost sister Jen very similar .,"On the second day , Jen sees a girl very similar to her lost sister , Jess .",0
28537,He served as the general counsel to both the Isthmian Canal Commission and later the Panama Railroad Company .,He served as the General Counsel for both the Panama Railroad Company and later the Isthmian Canal Commission .,0
34571,"The company is one of the oldest still active German companies , founded in 1880 by the Brazilian brothers Bruno and Hermann Hering .","The company is one of the oldest Brazilian companies still in operation , founded in 1880 by the German brothers Bruno and Hermann Hering .",0
43601,Fowey Rocks Light is located seven miles southeast from Cape Florida on Key Biscayne .,Fowey Rocks Light is located seven miles southeast of Key Biscayne on Cape Florida .,0
2772,"Former segments of State Road 52 , have included Roth Lane , in Dade City , and North 21st Street and Lock Street in Saint Leo .","Former segments of the State Road 52 , including Roth Lane , in Saint Leo , and North 21st Street and Lock Street in Dade City .",0
45447,The song was written by Thicke and Lamar alongside Dr. Luke and was produced by will.i.am and Cirkut .,The song was written together with will.i.am by Thicke and Lamar and produced by Dr. Luke and Cirkut .,0
5660,"Some of the details that Peeters quotes are specific to the old English poem , based on `` Daniel '' .",Some of the details Daniel cites are specific to the Old English poem based on `` Peeters '' .,0
16469,The A40 parallels to the M40 from Oxford to London and for years was the main road between the two cities as a precursor .,The A40 parallels the M40 from London to Oxford and for years was the main road between the two cities as its precursor .,0
3584,The names '' Googol `` and '' Googolplex `` were invented by Newman 's nephew Milton Sirotta and introduced in 1940 to the book of Kasner and Edward Kasner .,The names '' Googol `` and '' Googolplex `` were invented by Edward Kasner 's nephew Milton Sirotta and introduced into the book by Kasner and Newman in 1940 ;,0
27713,"Chris Blackwell , the mother of Blackwell , was one of the greatest landowners in Saint Mary at the turn of the 20th century .","One of the largest landowners in Saint Mary at the turn of the 20th Century was Blanche Blackwell , mother of Chris Blackwell .",0
27050,"The Nechitu River is a tributary of the Stroe River , Romania .",The River Stroe is a tributary of the River Nechitu in Romania .,0
10651,"After the death of his wife , John Beatrice married Bourbon , they had two children , Wenceslas I , Duke of Luxembourg , and Bonne , who died young .","After his wife 's death John married Beatrice of Bourbon . They had two children , Wenceslaus I , Duke of Luxembourg , and Bonne , who died young .",0
42221,"The 1978 Daytona 500 , the second running of the event , was the 20th race of the 1978 NASCAR Winston Cup season .","The 1978 Daytona 500 , the 20th round of the event , was the second race of the NASCAR Winston Cup season in 1978 .",0
46995,"The mountainous stage 20 of the Giro ended on the slopes of Les Deux Alpes , and the second stage began the next day on the mountain .","The Giro 's mountainous stage 20 began on the slopes of Les Deux Alpes , and the penultimate stage ended on the mountain the next day .",0
38561,Anthony Calvillo completed 22 of 32 pass attempts for 301 yards . Ricky Ray was 22 for 37 for 371 yards .,Ricky Ray completed 22 of 32 passage attempts for 301 Yards Anthony Calvillo was 22 for 37 for 371 Yards .,0
29366,"About the song wrote Billboard : `` You know the beat , now you catch the groove .","About the song wrote Billboard : `` You start the beat , now know the groove .",0
34512,"This painting expresses the personal tragedy of Eric Campbell and the loss of his cameraman , Paul Moran , who was the first Australian to die in Iraq - war .","This painting expresses the personal tragedy of Paul Moran and the loss of his cameraman Eric Campbell , who was the first Australian to die in Iraq - war .",0
960,"The first amber tournament was held in Monaco in 2011 , as were the 20th Amber Tournament .","The 20th Amber Tournament was held in Monaco in 2011 , as well as the first amber tournament .",0
24285,"Guillermo Pérez Roldán defeated Andrés Gómez with 6 -- 0 , 7 -- 6 , 3 -- 6 , 0 - 6 , 6 - 2 .","Andrés Gómez defeated Guillermo Pérez Roldán 6 -- 0 , 7 -- 6 , 3 -- 6 , 0 -- 6 , 6 -- 2",0
35198,"In the 1970s , Suzuki was one of the first buyers of Woolrich Mode in Japan , and in 2006 he became a designer at Woolrich Woolen Mills in America .","In the 1970s , Suzuki was one of the first customers of Woolrich Mode in America , in 2006 he became a designer for Woolrich Woolen Mills in Japan .",0
43932,"They entered the Beachland Ballroom in Cleveland on November 30 , 2012 , and on December 1 , 2012 , at City Winery in Chicago .","They performed at the City Winery in Chicago on November 30 , 2012 , and at the Beachland Ballroom in Cleveland on December 1 , 2012 .",0
11631,Yauli is one of nineteen districts in the Province of Huancavelica in Peru .,Yauli District is one of nineteen districts of the province Peru in Huancavelica .,0
38033,"Inside there are historical objects , including an old church bell from 1801 and paintings and photographs from the colonial period .","Inside there are colonial objects , including an old church bell from 1801 and historical paintings and photographs",0
37667,"Babbar Khalsa is run by the United Kingdom , the EU , Canada , India and the United States as a terrorist organisation .","Babbar Khalsa is listed as a terrorist organisation by the United States , the EU , Canada , India , and the United Kingdom .",0
20438,"Expected Exposure ( EE ) is used similarly to the PFE , except that the average instead of a certain quantile is defined .","The anticipated exposure ( Expected Exposure , EE ) is defined similarly to the PFE , except that the average is used instead of a certain quantile .",0
26956,"The show won on MBC 2 with a big prize $ 100 000 , was not aired because of the cancellation .","The show was broadcast on MBC 2 with a big prize $ 100 000 , not won because of the cancellation .",0
4791,"James the Fat would never return to his native Scotland , he would remain in Ireland until his death , his widowed mother and sister remained in Scotland .","James the Fat would never return to his native Scotland , he remained in exile in Scotland until his death , his widowed mother and sister in Ireland .",0
31914,"This individual mandate requires most individuals and their families to have a certain minimal amount of health insurance , with certain exemptions .","This individual mandate requires a certain amount of health insurance from most individuals and their families , with certain minimal exemptions .",0
21003,Thangpalkot is a village in Nepal in the Sindhupalchok district of Central Nepal and had a population of 2786 at the time of the 1991 population census .,Thangpalkot is a village in Sindhupalchok District in the Bagmati Zone of central Nepal . At the time of the 1991 Nepal census it had a population of 2786 .,0
6577,Bayswater is connected to the Swan River by the Garratt Road Bridge and the Redcliffe Bridge ( Tonkin Highway ) south of the city .,Bayswater is connected by Garratt Road Bridge and the Swan River ( Tonkin Highway ) to the south of the Redcliffe Bridge .,0
32271,The 1966 National Football League season was the 17th season of the team with the Cleveland Browns .,The 1966 Cleveland Browns season was the team 's 17th season with the National Football League .,0
10048,"Jan Hambourg was born in Voronezh , Russia , the intermediate brother between the famous pianist Mark Hambourg .","Mark Hambourg was born in Voronezh , Russia , the middle brother of the famous pianist Jan Hambourg .",0
24301,"Along with Frederick Murray Trotter and others , he helped create new maps and memoirs of Brampton , Whitehaven , Gosforth , and Cockermouth districts of Cumberland .","Together with Frederick Murray Trotter and others , he helped create new maps and memoirs of Brampton , Whitehaven , Cumberland , Gosforth , and Cockermouth .",0
9233,Fiat - Money can be physically damaged or destroyed if it is inadvertently represented in the form of currency ( paper or coins ) .,"Fiat money , if physically represented in the form of currency ( paper or coins ) can be accidentally damaged or destroyed .",0
41455,"Between 2001 and 2005 , BodyMedia provided healthcare professionals with metabolic assessment and behavioral therapy products for the treatment of obesity , diabetes , and CVD .","Between 2001 and 2005 , BodyMedia provided healthcare professionals with behavioral assessment and metabolism - treatment products for the treatment of obesity , diabetes , and CVD .",0
2607,"My brother is a dog is a film directed by Peter Timm and Christine Newbauer , Martin Lindow and Maria Ehrich from 2004 .","My Brother Is a Dog is a 2004 film directed by Peter Timm and starring Christine Newbauer , Martin Lindow and Maria Ehrich .",0
31412,"Murray Cantor , Distinguished Engineer of IBM , wrote `` Nate Silver 's signal and noise '' is an excellent description of how the forecast works .","Nate Silver , IBM Distinguished Engineer , wrote `` Murray Cantor 's '' The Signal and Noise `` is an excellent description of how prediction works .",0
16337,African stone tool technologies are divided into modes such as those proposed in 1969 by Grahame Clark and described by Lawrence Barham and Peter Mitchell as follows :,"African stone tool technologies are divided into the modes outlined by Lawrence Barham and Peter Mitchell in 1969 , and proposed by Grahame Clark as follows :",0
13702,"She was at Cork on 24 June , and arrived in the Downs on 8 July .",She arrived in Cork on June 24 and was in the downs on July 8 .,0
29178,"The locomotives were delivered by Neilson , Reid and Company and ordered from 1903 .","The locomotives were ordered from Neilson , Reid and Company and delivered in 1903 .",0
29672,"Mount Cline is a mountain in western Nordegg , north of Saskatchewan Crossing , southwest of Alberta , Canada .","Mount Cline is a mountain in the western part of Alberta , Canada , north of Saskatchewan Crossing , southwest of Nordegg .",0
42709,The US 340 has a diamond exchange with MD 180 and crosses Catoctin Creek east of Petersville .,"East of Petersville , US 340 crosses a diamond interchange with MD 180 and has Catoctin Creek .",0
46437,"There are total of 107,166 Maonan , mostly living southern Guangxi province in northern China .","There is a total of 107,166 Maonan , mostly living northern province of Guangxi in southern China .",0
39961,Pingding County is a county in the Province of Shanxi in the People 's Republic of China under the jurisdiction of Yangquan City .,"Pingding County is a county in Yangquan , People 's Republic of China under the jurisdiction of the city of Shanxi Province .",0
2294,"The Ojhas are ritual leaders , teachers and members of the highest spiritual rank in the varna system of Hinduism as brahmans .","The Ojhas are spiritual guides , teachers and members of the highest ritual rank in the varna system of Hinduism as brahmans .",0
44071,"Hamper is a practicing carpenter in Otisfield , Maine and a member of the Oxford Advent Christian Church , an evangelical church in Oxford .","Hamper is a practicing carpenter in Oxford and is a member of the Oxford Advent Christian Church , an evangelical church in Otisfield , Maine .",0
12610,"The Dick Smith Wilderness is a wilderness area in the mountains of eastern Santa Barbara County , California , with a part in Ventura County .","The Dick Smith Wilderness is a wilderness area in the mountains of eastern Ventura County , United States , with a portion in Santa Barbara County , California .",0
16370,"The homeless football club was then moved to come under the umbrella of Middlesbrough and Teesside Sports Foundation , which also fell within the charity 's remit .","The homeless - Football - Club was also under the umbrella of Middlesbrough and Teesside Sports Foundation , which then fell within the charity 's remit .",0
45890,"In the series Finale Stevie is portrayed by Mateus Ward , mitzvahed bar at the age of 13 .","In the series finale , Mateus Ward at age 13 , portrayed by Stevie , is bar mitzvahed .",0
28580,The inauguration was organized jointly by the Presidential Transition Cooperation Team of incumbent President Corazon Aquino and the transition team of outgoing President Ramos .,The Inauguration was organized jointly by the Presidential Transition Cooperation Team of outgoing President Corazon Aquino and the Transition Team of incoming President Ramos .,0
8827,"Durg , Chhattisgarh is a city located in the Bhilai district of Eastern Central India .","Bhilai is a city located in the Durg district of Chhattisgarh , in eastern Central India .",0
42145,"The Palm , or tropical house , is a Victorian glass house located to the west of the main lake .","The Palm , or Victorian , house is a tropical glasshouse located to the west of the Main Lake .",0
11819,He lived in Italy for ten years and won the classic Bardolino race in Turin for six years in a row from 2001 to 2006 .,"He lived ten years in Turin , Italy , and won the classic race of Bardolino in Italy for six years in a row from 2001 to 2006 .",0
45471,It has also stimulated the use of effective cavalry - forces and offensive military policy by the Han Court .,It also stimulated the use of offensive military cavalry forces and effective policies by the Han court .,0
38553,"Owner Shayne Doyle said `` I have a lot of money invested in sound equipment , I have door people and sound people to pay .","Shayne Doyle said I have invested a lot of money in sound equipment , I have door to sound people and people to sound pay .",0
35718,"In March 1904 , his brother was kidnapped in Mexico for ransom and brought across the border to West Texas .","In March 1904 , his brother was kidnapped for ransom in Westtexas and taken to Mexico across the border .",0
1770,The River Slatina is a tributary of the River Cochirleanca in Romania,The river Cochirleanca is a tributary of the River Slatina in Romania .,0
15536,"On 6 December 1805 , Pearce defeated Jem Belcher in a Championship decider ( a fight reported in Pierce Egan 's first volume of `` Boxiana '' ) .","On December 6 , 1805 , Pearce Jem Belcher defeated a championship decider ( a battle reported in Pierce Egan 's first volume of `` Boxiana '' ) .",0
7279,"Nikolaus Friedrich von Thouret ( born June 2 , 1767 in Ludwigsburg ; died on January 17 , 1845 in Stuttgart ) .","Nikolaus Friedrich von Thouret ( born Stuttgart , 2 June 1767 ; died Ludwigsburg , 17 January 1845 ) .",0
40962,"The movie does not clarify the reason why Rajan likes , and then dislikes Usha .",The movie does not clarify the reason why Usha likes and then rejects Rajan .,0
1877,Kunkuri is the hottest region in Nichghat during the summer and Pandrapat is the coldest region in Upper-Ghat in winter .,Kunkuri is the coldest region in Nichghat during the summer and Pandrapat is the hottest region in Upper Ghat in the winter .,0
14607,Ahmet Kaya was accused of plagiarizing the melody of `` Million Years Ago '' from singer Adele 's 1985 song `` Acilara Tutunmak '' .,Adele was accused of plagiarizing the melody of `` Million Years Ago '' from the song `` Acilara Tutunmak '' by singer Ahmet Kaya in 1985 .,0
24096,"The Irish origin from this time suggests it was a commentary on the lack of agreement within the Confederate Assembly , during the other Confederate Wars .",The other origin from that period suggests that it was a commentary on the lack of agreement within the Confederate Assembly during the Irish Confederate Wars .,0
17363,"In 2016 , Bacardi announced new branding and plans to sell their version of Havana Club nationally , which will be burned in Florida and bottled in Puerto Rico .","In 2016 , Bacardi announced new branding and plans to sell their version of Havana Club nationally , which will be distilled in Puerto Rico and bottled in Florida .",0
40320,"Des Moines is included in the Warren County -- West Des Moines , IA Metropolitan Statistical Area .","Warren County is included in the Des Moines - West Des Moines , Metropolitan Statistical Area IA .",0
39221,"He followed his guru and came to Siddaganga , where he lived for some time in one of the caves of the Siddganga hill and then moved to Gubbi .","He followed his guru and moved to Siddaganga , where he lived for some time in one of the caves of the Siddganga hill and then came to Gubbi .",0
45443,"The term `` Pusticamica '' means mountainous origin , `` Lake of Algonguin - countries '' .",The term `` Pusticamica '' means Algonguin - origin `` Lake of the mountainous countries '' .,0
4441,The Indonesian translations of the Dutch terms are Aceh Bodoh ( Aceh Pungo ) or Aceh Gila ( Aceh Murder ) .,The Dutch translations of the Indonesian terms are Aceh bodoh ( Aceh pungo ) or Aceh gila ( Aceh mord ) .,0
14696,This is caused by a combination of adiabatic ( ribbed ) heating and kinetic compression .,This is caused by a combination of kinetic ( friction ) heating and adiabatic compression,0
25600,Daniel Rinner ( born 11 November 1990 in Liechtenstein ) is a Vaduz cyclist .,"Daniel Rinner ( born November 11 , 1990 in Vaduz ) is a Liechtenstein cyclist .",0
42585,"Formal education in Sheffield , a city in England , takes place at two universities in the city , at 141 primary and 28 secondary schools .","Formal education in England , a city in Sheffield , takes place at the city 's two universities , at 141 primary schools and 28 secondary schools .",0
26051,The Salem Militia used Charlotte County and White Creek as bases in 1776 .,The Charlotte County and White Creek Militia used Salem as their base in 1776 .,0
26229,( 2 ) Rochester Royals vs. ( 3 ) Lakers : `` Minneapolis Lakers win series 2-1 '',( 2 ) Minneapolis Lakers versus ( 3 ) Rochester Royals : `` Lakers Win 2-1 Series,0
33652,"Like other Corvids , Blue Jays are very intelligent and are considered curious birds .","Like other Corvids , Blue Jays are very curious and are considered intelligent birds .",0
16424,Central forces that are conservative can always be expressed as the potential gradient of a negative energy .,Conservative central forces that are conservative can always be expressed as a negative gradient of potential energy :,0
21463,He played for the New York Giants in 1942 and for the Brooklyn Dodgers from 1946 to 1948 .,"In 1942 , he played for the Brooklyn Dodgers and from 1946 until 1948 for the New York Giants .",0
2276,"On January 15 , 2014 , Douglas was traded to the Boston Celtics in a three-team deal involving the Warriors and the Miami Heat .","On 15 January 2014 , Douglas was traded at the Miami Heat in a three-team deal with the Warriors and the Boston Celtics .",0
45442,This North American Eastern-hour series was broadcast on Sundays at 3 : 00 p.m. ( half time ) from 22 May to 10 July 1966 .,This half-hour series was broadcast from 22 May to 10 July 1966 on Sundays at 3 p.m. ( East North American Time ) .,0
38711,"Some valid compounds are organic minerals , recognized by the CNMNC ( IMA ) .",Some organic compounds are valid minerals recognised by the CNMNC ( IMA ) .,0
4769,"Blauburger supplies good yields and is particularly susceptible to `` Botrytis cinerea '' , but is resistant to mildew down .","Blauburger gives good yields and is particularly resistant to `` Botrytis cinerea '' , but is susceptible to mildew .",0
5035,"Denco is a former settlement in Colusa , north of Colusa County , California , on Southern Pacific Railroad .","Denco is a former settlement in Colusa County , California , north of Colusa on the Southern Pacific Railroad .",0
18054,"In 1892 , William H. Bennett died , and Langdon Hubbard took over the mill .","In 1892 , Langdon Hubbard died , and William H. Bennett took over the mill .",0
47164,"During the Venezuelan War of Independence in 1821 , Garcia de Luna fought Simón Bolívar and the British Legions on the Spanish side at the Battle of Carabobo .","During the Venezuelan War of Independence in 1821 , Garcia de Luna fought Simón Bolívar and the Spanish legions on the British side at the Battle of Carabobo .",0
18616,The specific number of spaces in the indentation is not important as long as parallel elements have the same left orientation and the hierarchically indented elements are further nested .,The specific number of spaces in the indentation is unimportant as long as parallel elements have the same left justification and the hierarchically nested elements are indented further .,0
43771,The series is based on the book series '' The Mortal Instruments '' from Ed Decter and was developed by Cassandra Clare for television .,The series is based on the book series '' The Mortal Instruments '' from Cassandra Clare and was developed by Ed Decter for television .,0
46408,"It is bordered to the west and east by Massapequa , to the northwest by South Farmingdale and to the north by northern Massapequa .","It is bordered to the west and east by Massapequa , to the northwest by northern Massapequa and to the north by South Farmingdale .",0
9296,"That night , Emperor Muzong died , and Li Zhan took the throne ( as Emperor Jingzong ) .","That night , Emperor Li Zhan died , and Muzong took over the throne ( as Jingzong Emperor ) .",0
39095,"`` Ol'Dirty Bastard '' heard the song and agreed to be part of it , to which Pras asked .","Ol ' ; Dirty Bastard heard the song and asked to be part of it , which Pras agreed to .",0
3450,"In the old texts , 18 or 20 early schools are mentioned .","In early texts , 18 or 20 old schools are mentioned .",0
3607,Ian Weatherhead lived in Cheltenham many years before moving to Somerset .,"For many years , Ian Weatherhead lived in Somerset , before moving to Cheltenham .",0
29794,Pablo Neruda was Adoum 's personal secretary for nearly two years in Chile .,Pablo Neruda 's personal secretary was in Chile for nearly two years .,0
28157,"After Carnot 's resignation and replacement by Alfred de Falloux , however , the Commission was dissolved .","However , after the resignation of Alfred de Falloux and replacement by Carnot , the Commission was dissolved .",0
43219,"In 2015 , Priya Pillai argued the case for Indira Jaising in the Green Peace India case .","In 2015 , Indira Jaising she argued the case for Priya Pillai in the Green Peace India case .",0
48248,"The cooperative national weather station reports that Occidental has warm , dry winters and cool , wet summers .","The cooperative National Weather Service station reports that Occidental has cool , wet winters and warm , dry summers .",0
4803,The Stroe River is a tributary of the Nechitu River in Romania .,"The Nechitu River is a tributary of the Stroe River , Romania .",0
20403,"The thirteen colonies of the Anglo-United States were all original possessions , and popular culture became a major foundation of American folk and former British music .","The thirteen colonies of the original United States were all former British possessions , and Anglo culture became an important foundation for American folk music and popular music .",0
14964,"In November 2017 , Starbucks Tazo sold US $ 384 million to Unilever .","In November 2017 , Starbucks sold Tazo to Unilever for $ 384 million .",0
25781,"He died in Edinburgh on 28 August 1901 and married in 1870 in Mauritius Charlotte , daughter of Percy Fitzpatrick .","He died in Mauritius on August 28 , 1901 , married Charlotte , daughter of Percy Fitzpatrick , in Edinburgh in 1870 .",0
5013,"In rats , it also inhibits the peripheral , if not central , secretion of oxytocin and vasopressin .","It also inhibits the central , if not peripheral , secretion of oxytocin and vasopressin in rats .",0
7767,"The rivalry between Tanahashi and Tanahashi culminated on September 29 in a Lumberjack - Deathmatch in Destruction , where Devitt victorious .","The rivalry between Devitt and Tanahashi culminated in a Lumberjack Deathmatch on September 29 at Destruction , where Tanahashi was victorious .",0
14772,"The family spent seven years in the area of Harrisburg before moving to Coxestown , which is now known as the Susquehanna Township , north of Lancaster in Dauphin County .","The family spent seven years in the Lancaster area before moving to Coxestown , now known as Susquehanna Township , just north of Harrisburg in Dauphin County .",0
17825,"Hoff Township was originally called Arthur Township , for settler Abel Hoff , and was founded under the latter name in 1881 .","Arthur Township was originally called Hoff Township , for settler Abel Hoff , and under the latter name was organized in 1881 .",0
18800,"The Brocklesby Stakes is a British horse race , remarkable as the traditional opening race of the British Flat racing season .","The Brocklesby Stakes is a traditional horse race , notable as the British opening two-year-old race of the British Flat racing season .",0
10195,"In other words , `` remember the death '' or `` remember that you will die '' .","In other words , `` die death '' or `` remember that you will remember '' .",0
24616,The Ozunca River or Pârâul cu Păstrăvi is a tributary of the Păstrăvul River in Romania .,The river Păstrăvul or Pârâul cu Păstrăvi is a tributary of the Ozunca river in Romania .,0
38858,"Henny Trylesinski , also known as Henny Trayles ( Hamburg , 4 June 1937 ) is a German-born Uruguayan actress and comedian who lives in Argentina .","Henny Trylesinski , also known as Henny Trayles ( Hamburg , June 4 , 1937 ) , is a German-speaking Uruguayan actress and comedian who lives in Argentina .",0
36205,"The water of Nescopeck Creek is the hardest water in the Stony Creek watershed , with a concentration of over 100 milligrams of dissolved minerals per litre .","Stony Creek water is the hardest water in the Nescopeck Creek watershed , with a concentration of more than 100 milligrams of dissolved minerals per liter .",0
8701,"After moving to Turkey in 1988 , as a political refugee , he began writing novels about the leftist revolt in Norway .","After moving to Norway as a political refugee in 1988 , he began to write novels about the leftist revolt in Turkey .",0
3457,"On Victory Road , they introduced their new manager , Voodoo Queen , Christy Hemme , to embarrass Roxxi Laveaux .","At Victory Road , they introduced their new manager , the Voodoo Queen , Roxxi Laveaux , to embarrass Christy Hemme .",0
46056,"From the west of Lucin , the unimproved route along the Pacific Railroad Union is long .","From the west from Lucin , the long route along the Union Pacific Railroad rail is unimproved .",0
25004,Homer Township was founded in 1837 by a division of Albion Township .,Albion Township was established by a division of Homer Township in 1837 .,0
34612,And later Roque Lopez installs as president of the provisional government in Iloilo town in Santa Barbara .,"And later , Roque Lopez installed himself as president of the provisional government in Santa Barbara town in Iloilo .",0
12035,"In addition to its main studios , KTTC operates an Austin Bureau , within the Riverland Community College campus , on 8th Avenue Northwest .",Austin Bureau operates a KTTC within the Riverland Community College Campus on 8th Avenue Northwest in addition to the main studios .,0
28722,Temminck 's striped mouse or West African hybomys ( `` Hybomys trivirgatus '' ) is a species of rodent in the family Muridae .,The West African mouse or striped hybomys ( `` Hybomys trivirgatus '' ) from Temminck is a species of the rodent in the Muridae family .,0
48038,"The Squeak programming language is a dialect of Smalltalk , which is object-oriented , class-based and reflective .","The Squeak programming language is a dialect of Smalltalk . It is object-based , class-oriented , and reflective .",0
7122,"He currently lives with his partner Randi in Odda and has three children , Lothe , Ida and Vetle , from a previous relationship .","Lothe currently lives with his partner Randi in Odda and has three children , Stian , Ida and Vetle , from a previous relationship .",0
557,"Dean Mero died in 2014 and the Company is now headed-up by his son , Barry Mero .","In 2014 , Barry Mero died , and the company is now run by his son Dean Mero .",0
45846,"Baker established himself on the Illinois side of the river , and Buell , the Iowa side .","Baker was established on the Iowa side of the river , and Buell , the side of Illinois .",0
18314,"In July 2011 , ARTC transferred the responsibility for the Werris Creek to North Star to the Country Rail Infrastructure Authority .","In July 2011 , the competence for the Werris Creek to North Star route was transferred from the Country Rail Infrastructure Authority to ARTC .",0
16912,The Georgian tribe was later ruled by a prince known locally as '' mamasakhlisi `` ( `` father of household `` in Mtskheta ) .,The Mtskheta tribe was later governed by a prince known locally as '' mamasakhlisi `` ( `` father of the household `` in Georgian ) .,0
39431,"Barnabas Collins introduced himself to the modern Collins family as a cousin from England , a hard-working businessman who was not seen during the day .","Collins introduced himself to the modern Barnabas Collins family as a cousin from England , a hard-working businessman who was never seen during the day .",0
24023,"After the resignation of Jennings B. Whitworth and the hiring of Drew in December 1954 , Crisp was again maintained as a line coach .",Crisp was again retained as line coach after the resignation of Drew and the hiring of Jennings B. Whitworth in December 1954 .,0
27565,Butler died in Oxford on 16 January 1909 and was buried at Holywell Cemetery in Torquay .,"Butler died at Torquay on 16 January 1909 , and was buried in Holywell cemetery , Oxford .",0
18765,"The building of the museum was built in 1948 according to designs by Wadsworth , Boston 's Tuttle of Portland .","The museum building was built in 1948 according to designs by Wadsworth , Portland 's Tuttle of Boston .",0
10850,Joe Joe Newman was the co-founder of the current American Basketball Association with Richard P. Tinkham .,Richard P. Tinkham was the co-founder of the current American Basketball Association with Joe Newman .,0
38848,"Quindío is a municipality in the western part of the department of Montenegro , Colombia . It is located 10 km west of the departmental capital Armenia .","Montenegro is a municipality located in the western part of the Quindío department of Colombia , 10 km west of the district capital Armenia .",0
30256,"In `` The Kingdom of Auschwitz '' , Rudolf Höss wrote about Otto Friedrich , regarding his decision to display the motto so prominently at the Auschwitz entrance .",Otto Friedrich wrote in `` The Kingdom of Auschwitz '' about Rudolf Höss about his decision to present the motto so prominently at the entrance Auschwitz :,0
30750,"Maria has a Master in Italian Theater and Culture , is a member of the European Film Academy and speaks Romanian , English and Japanese .","Maria has a master in Japanese theater and culture , is member of European Film Academy and speak Romanian , English and Italian .",0
36701,"Elliott Gould was not exactly my idea from Philip Marlowe , but we were there anyway .","Philip Marlowe was not exactly my idea for Elliott Gould , but we were there anyway .",0
8363,The role of this department is to further develop and coordinate the philanthropic work of the Archdiocese .,The mission of this department is to further coordinate and develop the philanthropic work of the Archdiocese .,0
47475,Cox also had a lobster factory and operated a farm near Morell .,Cox also operated a lobster factory and owned a farm near Morell .,0
42641,"There are 4 playable characters , each with a unique ability and also a different fighting style :","There are 4 playable characters , each with a different ability and a unique fighting style .",0
29239,"In the early days , family life was a long one : water and firewood had to be brought from hard .",Family life was hard in the early days . Both water and firewood had to be brought from long,0
17512,Sixteen of these delegates were allocated for Hillary Rodham Clinton while nine were allocated for Barack Obama .,"Sixteen of these delegates were allocated for Barack Obama , nine for Hillary Rodham Clinton .",0
28678,"In 1997 , he made a cameo appearance in the episode 164 of Wings ( 8th episode of the 16th season ) entitled `` Flight from New York '' .",In 1997 he made a cameo appearance in succession 164 of Wings ( 16th episode of the 8th season ) entitled `` Flight from New York .,0
32119,"All these equal visual horopters are in fact corresponding , empirically , to the empirical direction horopter .","All these empirical horopters are in fact empirically equal to the same visual direction , horopter .",0
13826,"In October 2015 , Shuli Mualem resigned from the Knesset in order to allow Bennett to take over his seat .","In October 2015 , Bennett resigned from the Knesset to allow Shuli Mualem to take over his seat .",0
26056,She was Catholic and he was a Jewish .,She was Jewish and he was Catholic .,0
36793,Dye rode in Hong Kong after eight years in Mauritius .,Dye rode in Hong Kong in Mauritius after eight years .,0
30152,"For the 1951 season , the circuit merged with the Arizona -- Southwest International League to form the Texas League .","For the 1951 season , the circuit with the Arizona -- Texas League merged to form the Southwest International League .",0
20220,Protein FAM40A is a protein that is located on chromosome 1 in humans and is encoded by the `` FAM40A '' gene .,FAM40A is a protein that is encoded in humans on chromosome 1 and is localized by the `` FAM40A '' gene .,0
23035,He studied oriental languages in Leiden ( Athenaeum Illustre ) and in Amsterdam .,He studied oriental languages in Amsterdam ( Athenaeum Illustre ) and in Leiden .,0
19384,"Benoit had a little feud with Kane after Backlash , while Michaels and Triple H would finish their feud at Bad Blood .","Following Backlash , Kane had a small feud with Benoit , while Michaels and Triple H would finish their feud at Bad Blood .",0
7388,He started his career for a year in Paris until he returned to Switzerland from 1971 to 1979 to work in gravure .,He started his career in Switzerland for a year until he returned to Paris from 1971 to 1979 to work in gravure .,0
28151,"Hartford High School was founded in 1857 , shortly after the city of Hartford was created .","Hartford High School was established in 1857 , shortly after The City of Hartford was founded .",0
27343,"In 2009 , the Mizen family founded the charity The Jimmy Mizen Foundation , which is now called For Jimmy and based in Lee .","In 2009 , the Mizen family set up the charity `` The Jimmy Mizen Foundation '' , now called For Lee , which is based in Jimmy .",0
2843,"Neighboring municipalities include Libertyville , Mundelein , Round Lake Beach , Hainesville , Third Lake , Gages Lake , Lindenhurst , Round Lake Park and Wildwood .","Neighboring communities include Libertyville , Mundelein , Round Lake Beach , Hainesville , Third Lake , Gages Lake , Lindenhurst , Round Lake Park and Wildwood .",0
6248,"The following is a list of initial albums , in which the double release of the album includes two ( or more ) LP records or Compact Discs .",The following is a list of double albums in which the first release of the album contains two ( or more ) LP records or compact discs .,0
36790,Cyril Sieni ( Cyril of Barcelona ) ( died after 1799 ) was a Spanish Capuchin and a missionary bishop .,Cyril Sieni ( Cyril of Barcelona ) ( died after 1799 ) was a missionary Capuchin and a Spanish bishop .,0
48271,"Annie Homan ( 1944 ) shows the road as the `` Livermore Road '' , according to historian Bowerman .","Bowerman ( 1944 ) shows the street as '' Livermore Road `` , according to the historian Annie Homan .",0
6675,It was a finalist for the 2002 Sidewise Award for the best long form Alternate History and the John W. Campbell Memorial Award 2003 .,It was a finalist for the Sidewise Award 2002 for the best alternative history and the John W. Campbell Memorial Award 2003 .,0
44811,"In conservative potential coordinates , the Hamilton operator of a free particle moving in a spherical `` U `` can be written .",In spherical coordinates the Hamiltonian of a free particle moving in a conservative potential `` U '' can be written,0
28968,"The Lucknow -- Lucknow -- Seramow Provincial State Railway merged with the Sitapur -- Pilibheet Provincial State Railway to the Bareilly -- Bareilly railway on January 1 , 1891 .",The Lucknow -- Sitapur -- Seramow Provincial State Railway merged with the Bareilly -- Pilibheet Provincial State Railway to form the Lucknow -- Bareilly Railway on 1 January 1891 .,0
20946,"Also , he does not like the world of court and always says it . He is a lead , and criticizes two of Shakespeare 's most common monologues .","He also does not like and always criticizes the world of the Court , he is a leading actor and says two of Shakespeare 's most common monologues .",0
30222,"By controlling the fluid with a magnetic field , it is formed to generate liquid 3-complex shapes as a `` dimensional sculpture '' .","By controlling the fluid with a magnetic field , it is formed to create complex 3-dimensional shapes as a `` liquid sculpture '' .",0
22398,"It is now written by Bread for the city , a local social services organization , and above the door is used `` dignity , respect , service '' .","It is now used by Bread for the City , a local social service organization , and above the door is written `` Dignity , Respect , Service . ''",0
4841,"It is bordered by Massapequa to the west and east , South Farmingdale to the northwest , and North Massapequa to the north .","It is bordered to the west and east by Massapequa , North Massapequa to the northwest , and to the north by South Farmingdale .",0
10526,"The show was premiered on 27 March 2012 at Theatre Royal in Newcastle , directed by Ed Curtis and choreographed by Nick Winston .","The show premiered on 27 March 2012 at the Theatre Royal in Newcastle , directed by Nick Winston and choreographed by Ed Curtis .",0
28143,"Research in medical physiology began in 1950 through a small group of scientists and military physiologists at Defence Science Laboratory , Delhi .",Research in military physiology began in 1950 with a small group of scientists and medical physiologists at the Defence Science Laboratory in Delhi .,0
18341,"The station was opened on May 1 , 1934 on the Finn valley - railway line from Strabane to Stranorlar .",The station was opened on 1 May 1934 on the Stranorlar line from Strabane to Finn Valley Railway .,0
38124,"In the 2011 census , 86.4 % of inhabitants were Roma , 5.9 % Hungarians , 5.2 % Romanians and 0.7 % Germans .","At the 2011 census , 86.4 % of the inhabitants were Romanians , 5.9 % Roma , 5.2 % Hungarians and 0.7 % Germans .",0
23914,"For theories at the level of second-order arithmetic , the reverse mathematical program has much to say .",For theories at the level of reversal - arithmetic has much to say the second mathematics program .,0
20826,Former Mangalore Station was located north of Seymour at the crossroads of North East and Shepparton lines .,The former North East railway station was located north of Seymour at the crossroads of Mangalore and Shepparton lines .,0
22415,"There are also special discussions , public profile discussions and project discussions .","There are also public discussions , profile specific discussions , and project discussions .",0
27618,He apparently had contributions as a soldier and was gradually transported .,He apparently had contributions as a soldier and was gradually promoted .,0
40334,"A product of Feilding High School , Northcott walked a well followed path into the Manawatu Turbos Mitre 10 Cup team .","Northcott , a product of Feilding High School , followed a well committed path into the Manawatu Turbos Mitre 10 Cup team .",0
37163,Installation began on 29 October 2011 and the screen doors started operation on 31 January 2012 .,The installation began on 29 October 2011 and the umbrella doors started operation on 31 January 2012 .,0
40353,It was the first major social action in Ceylon and the first political mass crisis after independence .,It was the first mass political action in Ceylon and the first major social crisis following independence .,0
28639,"A product of Feilding High School , Northcott followed a well-run path into the Manawatu Turbos Mitre 10 Cup team .","A product of Feilding High School , Northcott walked a well followed path into the Manawatu Turbos Mitre 10 Cup team .",0
5958,"In 2010 , Derek Miller published his third album `` Miller with Double Trouble '' .","In 2010 , Miller published his third album `` Derek Miller with Double Trouble '' .",0
37242,"He married Lady Florence Jane Taylour , the daughter of Amelia Thompson , 3rd Marquess of Headfort and Thomas Taylour , on 5 August 1875 .","He married Lady Florence Jane Taylour , the daughter of Thomas Taylour , 3rd Marquess of Headfort and Amelia Thompson , on 5 August 1875 .",0
6889,"This French-supported production was directed by John Eliot Gardiner with Jean Louis Martinoty , conductor and his orchestra .","This French supported production with John Eliot Gardiner , conductor , and his Orchestra was directed by Jean Louis Martinoty .",0
9647,"Dundas Public School is a primary school in western Sydney , Dundas , in the suburb of New South Wales .",Dundas Public School is a Primary School in western Sydney of New South Wales in its suburb Dundas .,0
7208,"Stevens was a Republican when the party was founded , and became a Delegate to the Republican National Conventions in 1860 and 1868 .","Stevens was a Republican when the party was founded , and was a delegate to the Republican National Conventions in 1860 and 1868 .",0
10215,The cyclone weakened into a tropical depression on September 24 and dissipated the next day .,"On September 24 , the cyclone dissolved into a tropical depression and was weakened the next day .",0
43928,"They have sometimes pointed wings , and long tails , and a fast direct flight .",They have long pointed wings and sometimes tail and a fast direct flight .,0
9572,She studied journalism in New York City for three years and has an MA in Mass Media from a university in London .,She studied three years of journalism in London and holds an MA in mass media from a university in New York City .,0
1567,Sarvesh Singh was also very close to the leader Amer Singh,"Amer Singh was very close to the leader , Sarvesh Singh .",0
44707,"In 1934 , two years after the anthem was first written by Khun Wichitmatra , he wrote the lyrics of the Thai national anthem .","In 1934 , Khun Wichitmatra wrote the texts of the Thai national anthem , two years after the anthem was written by Chan Kamwilai .",0
46640,The second step works as follows . As long as there are three or more wires with the same weight add a following layer :,"The following step works as follows : as long as there are three or more wires with the same weight , add a second shift :",0
26431,"Baby Boom is a 1987 romantic comedy directed by Charles Shyer , written by Nancy Meyers and Shyer , produced by Meyers and Bruce A .","Baby Boom is a romantic comedy in 1987 , directed by Nancy Meyers , produced by Charles Shyer and Shyer , written by Meyers and Bruce A .",0
20814,"Azaloxan ( CGS-7135A ) is a medication that was marketed by Ciba-Geigy as an antidepressant in the early 1980s , but was never patented .","Azaloxan ( CGS-7135A ) is a medication that was patented in the early 1980s by Ciba-Geigy as an antidepressant , but was never marketed .",0
37818,"He is the son of Danilo K. Rapadas and Cerila Matias Rapadas has three brothers Danilo Jr. , Antonio , Juan and his sisters Roberta and Christina .","He is the son of Juan , has three brothers Danilo Jr. , Antonio , Danilo K. Rapadas and Cerila Matias Rapadas and his sisters Roberta and Christina .",0
21227,Synaptic cluster formation refers to the addition of Dendritic spines to a new area where other spines have been added by previous learning .,"Synaptic clustering refers to the addition of new spines in a dendritic area , where other spines have been added by previous learning .",0
31767,For the Asian Electronic and Martial Arts Games 2017 Indoor - Sport was a demonstration sport .,Electronic sports for the 2017 Asian Indoor and Martial Arts Games was be a demonstration sport .,0
38943,"He was a federal judge in Mexico , and a respected lawyer in Mexico City .",He was a federal judge in Mexico - city and respected lawyer in Mexico .,0
22871,"During the LGM , the Laurentide Ice Sheet covered most of northern Alaska , while Beringia connected Siberia with North America .",During the LGM the Laurentide Ice Sheet covered most of northern North America while Beringia connected Siberia to Alaska .,0
27938,"In 2006 , François Bozizé was appointed by President Bozanga as Chairman of the Council of State .","In 2006 , Bozanga was appointed President of the Council of State by President François Bozizé .",0
13605,"On August 31 , 1819 , Wollstonecraft met in Sydney on board the ship `` Grenada '' .",Wollstonecraft arrived in Grenada on board the ship `` Sydney '' on 31 August 1819 .,0
13423,"Mackenzie is a writer in the 2B Theatre in Montreal and teaches at the National Theatre School of Canada , Halifax .","Mackenzie is a writer in the 2B Theatre in Halifax and teaches at the National Theatre School of Canada , Montreal .",0
9987,The film director Amir Yatsiv and film critic Larysa Malyukova discussed the rare genre of the animated documentary .,A film director Larysa Malyukova and the film critic Amir Yatsiv discussed the rare genre of animated documentary film .,0
26681,"Miloslav Mečíř won against John McEnroe with 6 -- 0 , 3 -- 6 , 6 - 2 , 6 -- 2 in the finals .","John McEnroe won against Miloslav Mečíř at 6 : 0 , 3 -- 6 , 6 - 2 , 6 - 2 in the final .",0
15666,"6 were from California , 35 from Nevada , 13 from other states , and 4 from Canada .","Six came from Nevada , 35 from California , 13 from other states and four from Canada .",0
24796,"It was also more terrestrial , with its remains discovered in inland forests and sub-Alpine regions as well as coastal wetlands .","It was also more terrestrial , with its remains discovered in inland forests and coastal regions as well as subalpine wetlands .",0
22389,"On the Dagorlad , a great battle took place in which Sauron 's troops were stormed and the Black Gate was destroyed .","At Dagorlad , a great battle took place in which Sauron 's forces were destroyed and the Black Gate stormed .",0
43658,"In January 2001 , he married Mayer Damian Smith .",Mayer married Damian Smith in January 2001 .,0
2082,"On March 12 , 1801 , `` Eling was with the British fleet under Admiral Sir Hyde Parker and sailed in the Battle of Copenhagen ( 1801 ) .","On March 12 , 1801 , `` Eling was sailing with the British fleet under Admiral Sir Hyde Parker and became the Battle of Copenhagen ( 1801 ) .",0
26911,Clarke was the second husband of mother Arthur Katherine .,Arthur was the second husband of Clarke 's mother Katherine .,0
11588,The 1935 Chico State Wildcats football team represents Chico State College during the College - Football - Season 1935 .,The 1935 Chico State College football team represent Chico State Wildcats during the 1935 College Football season .,0
13593,"All songs written by Graham Russell , except for `` A Place Where We Belong '' by Alejandro Lerner .","All songs written by Alejandro Lerner , except `` A Place Where We Belong '' co-written by Graham Russell .",0
32909,"David J. Spurlock was born on 18 November 1959 in Memphis , Tennessee . He moved to Dallas , Texas in 1973 .","J. David Spurlock was born on November 18 , 1959 in Dallas , Texas . He moved to Memphis , Tennessee in 1973 .",0
36965,Drummer Wayne Bennett left the band in June 2007 and was replaced by Ben Timony .,"In June 2007 , drummer Leonard Ben Timony left the band and was replaced by Wayne Bennett .",0
6593,In 1992 Perence Shiri was replaced by Tungamirai as Air Force commander .,"In 1992 , Tungamirai was replaced by Perence Shiri as an air commander .",0
29161,"When the sun is quiet , fewer galactic cosmic rays reach the earth than in the times when the sun is active .","When the Sun is active , fewer Galactic cosmic rays reach Earth than during times when the Sun is quiet .",0
18808,It is a commercial production of the EPDM intermediate polymer .,It is an intermediate in the production of the commercial polymer EPDM .,0
33565,She withdrew her daughter Vinod from public school and sent Rekha to a school in another district .,She returned her daughter Rekha from the public school and sent Vinod to a school in another district .,0
3073,"Irvine Park in Orange , Orange County is a park that became the first regional park in California in 1897 .","Irvine Park in Orange , California is a park that became Orange County 's first regional park in 1897 .",0
18746,This settlement was part of Fort Norfolk where Charlotteville was built in 1813 with accommodation for 300 troops .,"This settlement was part of Charlotteville , where Fort Norfolk was built with accommodation for 300 troops in 1813 .",0
12405,The song was written by George Harrison and inspired by his friend Eric Clapton 's preference for chocolate .,The song was written by Eric Clapton and inspired by his friend George Harrison 's fondness for chocolate .,0
24934,The wingspan flies . The moth is from July to August depending on the location .,"The wingspan is sized , the moth flies depending on the location from July to August .",0
4848,"Tadas Langaitis is a Lithuanian politician , member of the Seimas since November 2016 , civic activist , active in social and civil projects in Lithuania .","Tadas Langaitis is a Lithuanian politician , from november 2016 member of the Seimas , social and civic activist , active in civic projects in Lithuania .",0
29055,"He died on February 20 , 1930 in Albany , New York . He was buried at the Glenwood Cemetery in Oneida .","He died in Oneida on February 20 , 1930 and was buried at the Glenwood Cemetery in Albany , New York .",0
12858,"Originally , Lexington Plantation was part of the Gunston Hall Plantation Lands .",Gunston Hall Plantation was originally part of the Lexington Plantation land .,0
27515,"By elevation , Wilmont is the highest incorporated community in America , and is the only place in Nobles County where Larry Lang 's onion rings are sold .","Wilmont is the highest integrated community in Nobles County through elevation , and is the only place in America where onion rings are being sold by Larry Lang .",0
28041,"Spurrite is a white , yellow or light blue mineral with monoclinic crystals , the chemical formula of which is Ca ( SiO ) CO .","Spurrite is a monoclinic mineral with white , yellow or light blue crystals . Its chemical formula is Ca ( SiO ) CO .",0
41102,The river Halmer is a tributary of the Hârtibaciu River in Romania .,The Hârtibaciu River is a tributary of the Halmer in Romania .,0
16179,"Following the takeover of the Nazi regime in 1936 , he was forced to withdraw as a citizen of evangelical faith with Jewish ancestors .","After the takeover of the Nazi regime , he was forced to retire in 1936 , as a citizen of Jewish faith with evangelical ancestors .",0
21645,"Terry was born in Cedar Rapids , Iowa , and died in Fairfax , Iowa .","Was born Terry in Fairfax , Iowa , and died in Cedar Rapids , Iowa .",0
1005,"There is a standard technique ( see for example ) to calculate the change of variables to formal coordinates , at a point as a normal Taylor series expansion .","There is a standard technique ( see for example ) for calculating the change of variables to normal coordinates , at a point as a formal Taylor series expansion .",0
33006,The leaves are usually 1.5-4 mm long and 0.2-0.7 mm wide .,The leaves are generally 1.5-4 mm wide and 0.2-0.7 mm long .,0
19029,In the summer of 2007 she performed with the `` Shavnabada Ensemble '' at Inegol 's folk festival in Turkey .,In the summer of 2007 she performed with the `` Shavnabada Ensemble '' at the Folk Festival of Turkey in Inegol .,0
39204,"Yanqing Prison is a prison in Yanqing County in the municipality of Beijing , China .","Yanqing imprisonment is a prison in Beijing in the municipality of Yanqing County , China .",0
39346,"New Folden Township was organized in 1884 , and named after Folden , in Norway .",In 1884 Norway was founded and named after Folden in New Folden Township .,0
11506,"In 2010 , Miller published his third album `` Derek Miller with Double Trouble '' .","In 2010 Derek Miller released his third album , `` Miller with Double Trouble '' .",0
2614,"The Chinese family planning policy allows minorities , including Muslims , to have up to two children in urban areas and three to four children in rural areas .","The Chinese family planning policy allows minorities , including Muslims , to have up to two children in rural areas and three to four children in urban areas .",0
12126,Ian Weatherhead lived in Somerset many years before moving to Cheltenham .,"For many years , Ian Weatherhead lived in Cheltenham , before moving to Somerset .",0
28993,"Amun passes closest to Venus , and in 1964 , 2034 , and 2103 comes within 10 Gm of it .","Amun comes closest to Venus and passes by in 1964 , 2034 and 2103 within 10 Gm .",0
41050,"On 7 July 2011 , Russell was traded for Michael Blunden as Columbus Blue Jackets and joined his brother Kris Russell with the Blue Jackets organization .","On July 7 , 2011 , Russell was traded to the Columbus Blue Jackets for Kris Russell . He joined his brother Michael Blunden with the Blue Jackets organization .",0
32251,"The song was produced by Toxey French and Michael Omartian and was arranged by Jimmie Haskell , Omartian and Bill Straw .","The song is arranged by Toxey French and Michael Omartian and produced by Jimmie Haskell , Omartian and Bill Straw .",0
18431,`` Encrinus '' was assigned in 1764 . It was described to the order Encrinida by Jack Sepkoski in 2002 .,was described in 1764 and was assigned by Jack Sepkoski in 2002 to the Encrinida order .,0
27664,Bambra felt that the island of Wa `` draws its inspiration from the Tokugawa Shogunate of Japan and represents a less centralized and more war-painted period '' .,Bambra felt that the island of Wa `` draws its inspiration from the Tokugawa Shogunate of Japan and presents a less centralized and more war-torn period '' .,0
8404,"Collins introduced himself to the modern Barnabas Collins family as a cousin from England , a hard-working businessman who was never seen during the day .","Barnabas Collins introduced himself to the modern Collins family as a cousin from England , a hard-working businessman never seen during the day .",0
20789,The decision to use modern clothing called Houseman an essential element in Orson ’ s conception of the play as a political melodrama with clear contemporary parallels .,The decision to use clear contemporary clothing called Houseman `` an essential element in Orson ’ s conception of the play as a political melodrama with modern parallels '' .,0
19824,"In 1838 , Stephenson returned to Manchester and established himself as a historical and landscape engraver in Ridgefield and then at a studio in St. Ann Street .","About 1838 , Stephenson returned to Manchester and established himself as an historical and landscape engraver in St. Ann Street , and then in a studio in Ridgefield .",0
18674,"From 1888 to 1913 , he was chairman of the Highfields Divisional Board and , from 1915 to 1917 , Chairman of the Highfields Shire Council .","From 1888 to 1913 , he was chairman of the Highfields Shire Council and , from 1915 to 1917 , Chairman of the Highfields Divisional Board .",0
46076,Note : Pluto was classified as a planet when the Grand Tour was proposed and at the time `` New Horizons '' was launched .,Note : Pluto was classified as planet when the Grand Tour was started and proposed at the time `` New Horizons '' .,0
37361,"During the live performances Oli Müller supported the band as a bassist , and Adi Amstutz left the band .","Oli Müller left the band as a bassist in the live performances , and Adi Amstutz supported the band .",0
42540,"When she rejected the ultimatum , she was tried by a Church court and excommunicated in June 1952 .","When she rejected the ultimatum , in June 1952 she was convicted and excommunicated by a church court .",0
31947,T. helena is locally common and widely spread in forest areas .,`` T. helena '' is widely distributed and locally common in forest areas .,0
6388,It is situated in the western part of Annapolis County on the southern shore of the Annapolis Basin .,It is located in the southern part of the Annapolis County on the western shore of Annapolis Basin .,0
35956,Franca Treur ( born 1979 ) is a Dutch writer and freelance journalist for `` NRC Handelsblad '' and `` nrc.next '' .,Franca Treur ( born 1979 ) is a freelance writer and a Dutch journalist for `` NRC Handelsblad '' and `` nrc.next '' .,0
13448,It was released in 2001 on Phyte Records ( CD ) and Platinum Recordings ( 7 `` format ) and was released on Bridge 9 Records in 2003 .,It was released in 2001 on Phyte Records ( CD ) and Platinum Recordings ( 7 `` Format ) and re-released in 2003 on Bridge 9 Records .,0
19732,"It is found along the southern Australian coast from Shark Bay in Western Australia to Maroochydore in Queensland , including Tasmania .","It is found along the southern Australian coast from Shark Bay in Queensland to Maroochydore in Western Australia , including Tasmania .",0
17487,The outlaws decided to live off the poor class of people instead of the wealthy .,The outlaws chose to live off the wealthy class of people instead of the poor .,0
18399,"Instead , the philosophy is seen as an activity of defining and clarifying the empirical relationships of logical rates .","Instead , philosophy is seen as an activity of defining and clarifying the logical relationships of empirical propositions .",0
22848,Ahmad of Shirvan was the eighth Shah of Shirvan and fourth Shah of Layzan .,Ahmad von Shirvan was the fourth Shah of Shirvan and eighth of Shah of Layzan .,0
22103,First he was weakened by the VR Double team 's attack and then destroyed by the command `` Laser Lance '' by JB .,First he was destroyed by the VR Double team 's attack and then weakened by the command `` Laser Lance '' by JB .,0
19912,Merzbach worked in Sweden during the late twenties before returning to Germany .,Merzbach worked in Germany during the late twenties before returning to Sweden .,0
15121,This new heavier isotope may be stable or unstable depending on the chemical element ( radioactive ) .,This radioactive heavier isotope may be new depending on the chemical element ( stable or unstable ) .,0
42469,The season 2009-2010 National Hockey League was the 17th season of the operation ( 16th season of the game ) for the Anaheim Ducks franchise .,The season 2009 -- 10 Anaheim Ducks was the 17th season of the operation ( 16th season of the game ) for the National Hockey League Franchise .,0
4814,The large area of black is first shaded with blue and then with green .,The large area of black is shaded with green first and then with blue .,0
46458,"In 1848 , Dorion Iphigénie , daughter of Dr. Jean Baptiste Trestler and Eulalie Delisle from Montreal , married .","In 1848 Dorion married Iphigénie , the daughter of Dr. Jean Baptiste Trestler and Eulalie Delisle of Montreal .",0
4899,"It runs along the old Sommer Piano Factory , under Walnut Street and along Main Street .","It runs along the old Sohmer Piano Factory , under Main Street , and along Walnut Street .",0
294,"For example , the spin case also allows a magnetic dipole , but for spin 1 particles electric quadrupoles and magnetic dipoles are only possible .","For example , the spin case allows only one magnetic dipole , but for spin - 1 particles magnetic quadrupoles and electrical dipoles are also possible .",0
36424,A new directive was approved by the Council in July 2008 and was adopted by the European Parliament in October 2008 .,A new directive was adopted by the Council in July 2008 and approved by the European Parliament in October 2008 .,0
45914,Suzanne has said that she wanted to give Condon a Valentine 's Day card .,Condon said they wanted to give Suzanne a Valentine 's Day card .,0
28978,"He died on 15 September 1856 in his country residence of Rosemore at Dunoon , near Holy Loch .",He died at his country residence of Rosemore on the Holy Loch near Dunoon on 15 September 1856 .,0
40251,Pimpini plays as second in the second position and is right-handed .,Pimpini plays in handed position as a Second and is right-Second .,0
18675,Bland left Valparaíso one week later and arrived in Philadelphia on 29 October 1818 .,"Bland left Philadelphia one week later and arrived in Valparaíso on October 29 , 1818 .",0
4608,"Eparchy was the seat of the patriarchal - Catholic Patriarchate of Cilicia from 1866 to 1928 , when the Armenian seat was moved to Beirut in Lebanon .",Eparchy was the seat of the Armenian - Catholic Patriarchate of Cilicia from 1866 to 1928 until the patriarchal seat of Beirut was moved to Lebanon .,0
4302,"Mathematically , ligand efficiency ( LE ) can be defined as the ratio of Gibbs free energy ( ΔG ) to the number of non-hydrogen atoms of the compound :","Mathematically , ligand efficiency ( LE ) can be defined as the ratio of non-hydrogen energy from gibbs ( Î G ) to the number of free atoms in the connection .",0
1665,Thaksin countered by saying that Sondhi was trying to silence the press .,Sondhi countered that Thaksin was trying to silence the press .,0
12681,"`` Cortinarius rainierensis '' , described by Alex H. Smith and Daniel Elliot Stuntz from the Mount Rainier National Park material in 1950 , is a synonym .","`` Cortinarius rainierensis '' , collected from the material described in Mount Rainier National Park in 1950 by Alex H. Smith and Daniel Elliot Stuntz , is a synonym .",0
25805,"The song is vocal , with a prominent series of three descending diatonic chords providing the main hook .","The song is diatonic , with a prominent series of three descending main chords providing the soundful hook .",0
12571,"His son John James was a prominent architect who was active in Winnipeg , and his son George was also an architect in Montreal .","His son , George , was a prominent architect in Winnipeg , and his son , John James , was also active in Montreal .",0
21742,"His son was the scientist Francis Ratcliffe , and one of his two daughters was married to the neurophysiologist W. Grey Walter , whose grandson Nicholas Walter was .","The son of Ratcliffe married the scientist W. Grey Walter , and one of his two daughters was the neurophysiologist Nicholas Walter , whose grandson Francis Ratcliffe was .",0
44461,"After Donald explains everything about Bobby and Morag , Rebecca stays in Summer Bay for the school holidays .","After Bobby explained everything about Donald and Morag , Rebecca stays for the school holidays in Summer Bay .",0
25114,The second method is written when the number of elements in each row is the same and known at the time the program is used .,The second method is used if the number of elements in each row is the same and is known at the time the program was written .,0
37280,"`` Politically sensitive , economically appropriate , ecologically sustainable and ultimately socially just '' , however , no references or sources for the data used are specified .","Ecologically appropriate , economically sustainable , politically sensitive and ultimately socially just `` , however , no references or sources of the data used are provided .",0
12745,Duff Twysden was played by Fiona Fullerton in the miniseries '' Hemingway `` in 1988 with Stacy Keach .,Duff Twysden was played by Stacy Keach in the miniseries '' Hemingway `` in 1988 with Fiona Fullerton .,0
48328,"Willie Francis lived in Canada in the late 1970s , and worked in Jamaica for a number of years before returning to England .","In the late 1970s , Willie Francis worked in England and lived in Canada for several years before returning to Jamaica .",0
6400,A swing is a resonant example of a simple system with which most people have practical experience .,A swing set is a simple example of a resonant system with which most people have practical experience .,0
6236,"North Durham County Prison Camp , also known as Durham , Durham County , North Carolina is a historic prison ad sanatorium located at Durham County Tuberculosis Sanatorium .","North Durham County Prison - Camp , also known as Durham County Tuberculosis Sanatorium , is a historic prison at the Sanatorium in Durham , Durham County , North Carolina .",0
42752,"On 16 December 2015 , a meeting between the leaders of the two rival Maltese Governments was held at the Auberge de Castille in Valletta , Libya .","A meeting between the leaders of the two rival governments of Libya was held at Auberge de Castille in Valletta , Malta on 16 December 2015 .",0
27631,"Schools include six primary schools , Lochside , Ferryden , Southesk , Rosemount , Borrowfield and St Margarets and a secondary school Montrose Academy .","Schools include six secondary schools , Lochside , Ferryden , Southesk , Rosemount , Borrowfield and St Margarets and a Montrose Academy primary school .",0
10535,"Mhow district consists of 4 divisions ; Depalpur , Sanwer , Indore and Indore .","The district of Indore consists of 4 divisions : Depalpur , Sanwer , Indore and Mhow .",0
19455,"Björn Freiberg ( born 28 March 1970 in Isny im Allgäu ) is a former actor , painter , author , translator and German University teacher .","Björn Freiberg ( born March 28 , 1970 in Isny , Allgäu ) is a German actor , painter , author , translator and former university teacher .",0
33323,The Timiş River is a tributary of the River Calova in Romania .,The river Calova is a tributary of the River Timiş in Romania .,0
20457,"Wagener made the design of this Japanese porcelain , according to the European taste white and blue , with many flowers .","The design of this European porcelain , by the Japanese taste many , with white and blue flowers made Wagener .",0
46537,McLaughlin died at Ontario in 1921 of colon cancer . His brother James was a doctor and member of the Oshawa assembly .,"McLaughlin died of colon cancer in 1921 , and his brother James was a doctor and a member of the Oshawa Assembly .",0
39208,"After the Muslim invasions of the seventh century , the original Christians from Azerbaijan have almost disappeared .","Following the actual invasions of the seventh century , the original Christians from Muslim Azerbaijan have nearly disappeared .",0
2558,Northgate Arinso sold its Human Resources Management line of business to Convergys in 2010 .,"In 2010 , Convergys sold its Human Resources Management business to NorthgateArinso .",0
46580,Kulappully falls under the Shornur Assembly Constituency and the Palakkad Constituency .,Kulappully falls under Palakkad constituency and the constituency of the Shornur Parliament .,0
29086,4 December 1992 -- Birmingham City coach Ian Atkins is appointed manager of Cambridge United .,"December 4 , 1992 -- Cambridge United Trainer Ian Atkins is appointed coach of Birmingham City .",0
35214,"The Wine Museum of Torgiano ( Umbria , Italy ) is a private museum , specialized and completely dedicated to the culture of wine .","The Wine Museum of Torgiano ( Umbria , Italy ) is a specialized museum dedicated to the private and whole wine culture .",0
38915,"Juan Carlos Ferrero won against Guillermo Cañas in the last 7-6 , 6-2 .","Guillermo Cañas won against Juan Carlos Ferrero with 7 : 6 , 6 : 2 in the final .",0
15673,The 500 Hispanic settlers who had lived near San Antonio had to resettle in Los Adaes in 1773 .,The 500 Hispanic settlers who had lived near Los Adaes had to relocate in San Antonio in 1773 .,0
15045,Major League Baseball 2K7 ( or MLB 2K7 ) is a Major League Baseball licensed baseball simulation video game developed by Kush Games and published by 2K Sports .,Major League Baseball 2K7 ( or MLB 2K7 ) is a Major League Baseball Licensed Baseball - Simulation Videogame of 2K Sports developed and published by Kush Games .,0
37505,Stefan informs Caroline that Alaric ( Paul Wesley ) has stopped looking for a way to get Damon and Bonnie back .,Alaric informs Caroline that Stefan ( Paul Wesley ) has stopped looking for a way to get Damon and Bonnie back .,0
8437,"Alessandro Salucci was an important contemporary practitioner in the genre , whose work was influenced by Viviano Codazzi .",Viviano Codazzi was an important contemporary practitioner of the genre whose work was influenced by Alessandro Salucci .,0
29195,The following table lists all the matches played by the Brazilian national football team in official competitions and friendly games in 2006 .,The following table lists all the games played by the Brazil national football team in friendly competitions and official matches during 2006 .,0
20295,"Rapper Eminem mentions Dr. Dre in his song Guilty Conscience , in which Dee Barnes is featured .","Rapper Eminem mentions Dee Barnes in his song Guilty Conscience , in which Dr. Dre is heard .",0
33198,Isaac was born in Panama in 1915 to become a Panamanian father and a Jamaican mother .,Isaacs was born in 1915 in Panama to a Panamanian father and a Jamaican mother .,0
15832,"The following is a table of the nominative case of the singular and plural second person in many languages , including their respectful variations ( if any ) :","The following is a table of the nominative case of the respectful person in many languages , including their singular and plural second variants ( if any ) :",0
19149,Ashok Kumar paved the way for his younger brothers Kalyan ( Anoop ) and Kishore Kumar .,Anoop also prepared the way for his younger brothers Kalyan ( Kishore Kumar ) and Ashok Kumar .,0
7244,"At the Hong Kong Chief Executive elections in 2007 , Donald Tsang of the Civic Party successfully entered the race against the incumbent Alan Leong .","In the 2007 Hong Kong Chief Executive election , Alan Leong from the Civic Party successfully entered the race against the incumbent Donald Tsang .",0
30876,"I created Sidney Nolan figures in a Francis Bacon landscape , with stunts inspired by Jean Cocteau .","I 've created Francis Bacon figures in a Sidney Nolan landscape , inspired with stunts by Jean Cocteau .",0
38509,"The Russian villain is , however , an original and sometimes interesting danger .","The Russian villain is , however , an interesting and sometimes original threat .",0
44399,Cambodia is represented in Canada through its UN mission in New York City .,Canada is represented by its UN mission in New York City in Cambodia .,0
1526,"That is , Lisp means homoiconic , that is , the primary representation of programs is also a data structure in a primitive type of the language itself .","This means that Lisp is homoiconic , that is , the primary representation of programs is also a data structure in a primitive type of the language itself .",0
16633,His father had been a blacksmith and inventor and had worked in California with iron rope .,"Of California . His father had been a blacksmith and an inventor , and had worked with iron rope in Scotland .",0
11131,"Wichita North High School was the second high school in the city of Wichita , completed in 1929 , Wichita East High School was the first high school..","Wichita North High School was the first high school in the city of Wichita , completed in 1929 . Wichita East High School was the second high school .",0
28261,"Shortly after his son , Jagath , drowned in a swimming pool under mysterious circumstances , he died of a heart attack on April 11 , 1981 .","Shortly after his son , Santha , drowned in a swimming pool in mysterious circumstances , Jagath died of a heart attack on April 11 , 1981 .",0
28500,"The 381st Bombardment Group was formed at the Pyote Air Force Base and was assigned to Ridgewell Airfield in Essex , England , about six miles from Haverhill .","The 381st Bombardment Group was formed at Pyote Air Force Base and was assigned to Ridgewell Airfield in Haverhill , about six miles from Essex , England .",0
12460,"The current line - up is Chris Fogal on the guitar and vocals , Forrest Bartosh on drums and Johnny Wilson on bass and background - vocals .","The current line-up is Johnny Wilson on guitar and vocals , Forrest Bartosh on drums and Chris Fogal on bass and background vocals .",0
11116,"Nearby places include Jacobson , Swan River , Libby , and Palisade . Ball Bluff is 10 miles north of Swan River , and 26 miles south of McGregor .","Nearby are Jacobson , Swan River , Libby and Palisade , Ball Bluff is situated 10 miles south of Swan River and 26 miles north of McGregor .",0
2735,"Berkeley 's childhood was spent in Warwickshire , where he was a pupil of the translator , Philemon Holland of Coventry , and of Henry Ashwood .","The childhood of Berkeley was spent in Coventry , where he was a student of the translator Philemon Holland of Warwickshire and Henry Ashwood .",0
7846,Tuckerton is located in the 2nd Congressional District and is part of New Jersey 's 9th state legislative district .,Tuckerton is located in the 9th Congressional District and is part of the 2nd State Legislative District of New Jersey .,0
16667,The large surface of black is shaded with blue first and then with green .,The large area of black is first shaded with green and then with blue .,0
19051,"Born in Quebec City , Quebec , son of Garon Pratte and G. Rivard , Cousin by Claude Pratte , the son of Gaston Pratte and Jeannette Verge is .","Born in Quebec City , Quebec , son of Garon Pratte and Claude Pratte , cousin of G. Rivard , the son of Gaston Pratte and Jeannette Verge is .",0
28281,"On August 17 , 1599 , Elizabeth married Knightley Samuel Luke , daughter of Sir Valentine Knightley and Anne Unton , and her son Luke was an MP .","Elizabeth Knightley married Samuel Luke , daughter of Sir Valentine Knightley and Anne Unton on 17 August 1599 . Their son Luke was also an MP .",0
30184,"George Wilson was born on 24 June 1766 to Robert Wilson , a shipbuilder , and Mary Finlay in Newcastle .","Robert Wilson was born on June 24 , 1766 in Newcastle , George Wilson , a shipbuilder , and Mary Finlay .",0
17514,South Deerfield is drained by the rivers Deerfield and Connecticut .,Deerfield is drained by the rivers South Deerfield and Connecticut .,0
4397,"Malden ( 1817 ) , Everett ( 1875 ) and Malden ( 1877 ) again transferred additional land to Medford .","Additional land was transferred by Medford ( 1817 ) , Everett ( 1875 ) and Malden ( 1877 ) to Malden again .",0
8413,The 1955 Los Angeles State Diablos football team represents Los Angeles State during the 1955 College Football season .,The 1955 Los Angeles State football team represents Los Angeles State Diablos during the College - Football - Season 1955 .,0
26831,"Kalamazoo was the first community to change the name of its street followed by Jackson and Marshall in 1924 , Battle Creek in 1928 and Albion in 1929 .","Albion was the first community to change the name of its street , followed by Jackson and Marshall in 1924 , Battle Creek 1928 and Kalamazoo in 1929 .",0
16977,"The museum operated the locomotive and leased # 2719 through its affiliate , the North Shore Scenic Railroad .",The museum leased the locomotive and operated through its subsidiary North Shore Scenic Railroad # 2719 .,0
23935,He was stranded by 51 among the leaders in inherited runners .,He was among the leaders in stranded runners inherited with 51 .,0
41402,"In general , Ireland , with the exception of most of northern Europe , was under the influence of Protestantism .","In general , Northern Europe , with the exception of most of Ireland , came under the influence of Protestantism .",0
10107,"David Monro was the first representative from 1861 to 1866 . Arthur Beauchamp won the 1866 election , but resigned in 1867 .","David Monro was the first representative from 1861 to 1866 , and Arthur Beauchamp won the election in 1866 , but entered in 1867 .",0
45579,"In late 2017 , Brandon founded the garage rock band The Vitriots with Sydney-based Richard Heath and Jaxon Brown .","In late 2017 , Jaxon Brown started garage rock band , 'The Vitriots ' , with Sydney-based Richard Heath , and Brandon .",0
47161,"Five men died immediately , one was missing and 25 were wounded , two of whom later died .","Later five men died , one missing and 25 were wounded , two of whom died immediately .",0
47274,"H02 is a regional road ( H-Highway ) in Ternopil . It runs west-east and connects Lviv Oblast and Ternopil Oblast , Ukraine with Lviv .","H02 is a regional road ( H-Highway ) in Lviv - Oblast and Ternopil - Oblast , Ukraine . It runs West - East and connects Ternopil with Lviv .",0
17814,"Stephen Vizinczey suggests that Tolstoy created Tolstoy out of his longing for his mother , Princess Maria Nikolayevna Volkonskaya , who died before Maria 's second birthday .","Stephen Vizinczey suggests that Tolstoy created Maria from his longing for his mother , Princess Maria Nikolayevna Volkonskaya , who died before the second birthday of Tolstoy .",0
19962,He was elected Chairman of Zilla Parishad ( Pnachayat District ) of Kolhapur in 2012 as a candidate of the Indian National Congress .,"In 2012 , he was elected Chairman of the Indian National Congress ( Pnachayat District ) of Kolhapur as a candidate of Zilla Parishad .",0
28413,"The AIHL season 2008 is the ninth season of the Australian ice hockey league , the seventh in which the Goodall Cup will be awarded to the league master .","The AIHL season 2008 is the seventh season of the Australian ice hockey league , in which the Goodall Cup will be awarded to the championship for the ninth time .",0
6167,"Stimson Bullitt served as president until Steven A. Clifford took over in 1972 , and Payne was president of King Broadcasting in 1987 .","Stimson Bullitt served as president until Payne took over in 1972 , and Steven A. Clifford was appointed President of King Broadcasting in 1987 .",0
20119,The main international airport is Douala International Airport and a second international airport at the Yaoundé Nsimalen International Airport .,The main international airport is Yaoundé Nsimalen International Airport and a secondary international airport at Douala International Airport .,0
18684,"On July 7 , 2011 , Russell was traded to the Columbus Blue Jackets for Michael Blunden . He joined his brother Kris Russell with the Blue Jackets organization .","On 7 July 2011 , Russell was traded for Kris Russell on the Columbus Blue Jackets and joined his brother Michael Blunden with the organization Blue Jackets .",0
35511,The debate on the ability for social democratic reformism to lead to a socialist transformation of society is over a century old .,The debate about the ability of socialist reformism to lead to a social democratic transformation in society is over a century old .,0
23388,The road usually closes near the Mammoth Mountain Ski Area of Main Lodge before Thanksgiving and usually does not open much before Memorial Day .,The road usually closes near the Main Lodge of Mammoth Mountain Ski Area before Thanksgiving and usually not much before the Memorial Day .,0
19747,Alton is located at the Mississippi River above the mouth of the Missouri River .,Alton is located on the Missouri River above the mouth of the Mississippi River .,0
29776,"He also worked in the Certosa di San Martino , where he painted at `` Coro dei Conversi '' and `` Quarto del priori '' .","He also painted in the Certosa di San Martino , where he worked in the `` Coro dei Conversi '' and `` Quarto del priori '' .",0
29478,"Tartalo was blind , but not yet dead .","Tartalo was dead , but not blind yet .",0
16374,"Sumner Slichter was the brother of geophysicist Louis B. Slichter , father of physicist Charles Pence Slichter , and the grandfather of musician Jacob Slichter .","Jacob Slichter was the brother of geophysicist Charles Pence Slichter , the father of the physicist Louis B. Slichter and the grandfather of the musician Sumner Slichter .",0
34542,At 10 : 59 AM the last naval element of the 2nd Marine Battalion left the zone and the last helicopter landed at 12 : 15 on the USS `` Okinawa '' .,At 10 : 59 AM the last element of the 2nd Battalion 4th Marines left the zone and the last naval helicopter landed at 12 : 15 on the USS `` Okinawa '' .,0
931,The river Valea Negrenilor or Negreni River is a tributary of the river Amaradia .,The river Amaradia or the river Negreni is a tributary of the river Valea Negrenilor .,0
44931,The River Rotunda is a tributary of the Purul River in Romania .,The Purul River is a tributary of the Rotunda River in Romania .,0
39088,"The game was released in North America on September 12 , 2008 , and in Europe on September 22 , 2008 .",The game was published on 12 September 2008 in Europe and on September 22 in North America .,0
10670,"Wing commander PS Nara was killed in the misfortune , while wing commander SV Munje was injured .","Wing Commander PS Nara was injured in the mishap , while Wing Commander SV Munje was killed .",0
36842,Collins Avenue is home to many historic Art Deco hotels and several night clubs to the north .,"Collins Avenue is home to several Art Deco hotels , and many historic nightclubs to the north .",0
47233,The 2007 Ballymore Cup is the eighth edition of the expanded Ballymore Cup and fourth if the pre- 2003 Metropolitan Cup is included .,"The 2007 Ballymore Cup is the fourth edition of the expanded Ballymore Cup and the eighth issue , if the Metropolitan Cup is included before 2003 .",0
25410,"Although its conjugatic acid is highly reactive , peroxynitrite is basic in stable solutions .","Although its conjugated acid is highly reactive , peroxynitrite in basic solutions is stable .",0
21403,"His brother Giovanni Ludovico Bianconi , was a neoclassical doctor , art historian , and antiquarian , who was a close friend of Winckelmann .","His brother Winckelmann was a neoclassical doctor , art historian and bookseller who was a close friend of Giovanni Ludovico Bianconi .",0
39903,His uncle William Dallison and his son Robert Dallison fought for King Charles .,"His uncle Robert Dallison and his son , William Dallison , have fought for King Charles .",0
23345,"When Justice John Tyler died in 1813 , Tyler inherited Greenway at the age of 23 .","When Judge Tyler died in 1813 , John Tyler at the age of 23 inherited Greenway .",0
11514,`` out '' is often also used to describe movement along a linear path where the containing landmark is defined and not implied at all :,"Finally , `` out '' is also often used to describe motion along a linear path where the containing landmark is implied and not defined at all :",0
4914,"Since then various groups have made exchange visits , elementary trainees have been received and there has even been exchanges of craft projects between agricultural students .","Since then , various groups have made exchanges , agricultural trainees have been received and there has even been an exchange of craft projects between primary school students .",0
46964,Margaret Winser 's entry was selected and used with the stamps by G. W. De Saulles engraved .,"Margaret Winser 's entry was selected and used , with the dies engraved by G. W. De Saulles .",0
24529,Anthony Calvillo completed 22 of 32 pass attempts for 301 yards . Ricky Ray was 22 for 37 for 371 yards .,Ricky Ray completed 22 of 32 pass tests for 301 Yards Anthony Calvillo was 22 for 37 for 371 yards .,0
41626,"Jessica obliges him to sleep on the couch , where he is seduced by Emily .",Emily forces him to sleep in the couch where he is seduced by Jessica .,0
1209,"Jalari is one of the villages of Hamirpur , Nadaun , India .","Jalari is one of the villages in the Nadaun of Hamirpur , India .",0
39907,It was described by Alpheus Spring Packard in 1874 and is found in North America .,It is found by Alpheus Spring Packard in 1874 and is described in North America .,0
17605,His mortal remains were later relocated to the British cemetery in the Üsküdar district of Haydarpaşa .,His remains were later relocated to the British cemetery in the Haydarpaşa district of Üsküdar .,0
38666,"Secular spirituality does not imply rejecting modern ideas of liberalism , socialism or science , but instead exists as a parallel reading of the discourse with contemporary society .","Secular spirituality does not mean rejecting contemporary ideas of liberalism , socialism or science , but it exists as a parallel reading of the discourse with modern society .",0
6800,"In October 2015 , Shuli Mualem resigned from the Knesset in order to allow Bennett to take over his seat .","In October 2015 , Bennett resigned from the Knesset in order to enable Shuli Mualem to take his seat .",0
19543,"Most critics praised the eleven-track set for its strong productions and cohesive themes , which drew comparisons to the early career of Janet Jackson .","Most critics praised the eleven-track set for its contiguous productions and strong themes , which drew comparisons to the early career of Janet Jackson .",0
6891,"Although the arrangement described above is considered `` floral '' , plant species show a wide variation in typical structure .","Although the arrangement described above is considered `` typical '' , plant species show a wide variation in flower structure .",0
14632,The lyrics were later written by Taupin and John first composed the music .,The texts were written by Taupin first and John later composed the music .,0
48384,"Borchers was born in Lithuania ( German : Heydekrug ) , Klaipėda Region ( German : Memelland ) , and Šilutė in a German either Prussian - Lithuanian or Memellander family .","Borchers was born in Šilutė ( German : Heydekrug ) , Klaipėda Region ( German : Memelland ) , Lithuania in a German either Prussian Lithuanian or Memellander family .",0
8885,"The company was registered as Spacetec , which was re-established on 11 December 1984 .","The company was re-established as Spacetec registered on December 11 , 1984 .",0
10812,"Lottia persona is a species of sea snail , a true limpet , a true gastropod mollusk in the Lottiidae family , one of the families of the Marine limpets .","Lottia persona is a species of sea snail , a true limpet , a marine gastropodemollusk in the Lottiidae family , one of the families of true limpets .",0
9673,The architecture was made of red brick with a blue brick base .,The architecture was of blue brick with a red brick base .,0
24167,"John McEnroe won against Miloslav Mečíř at 6 : 0 , 3 -- 6 , 6 - 2 , 6 - 2 in the final .","Miloslav Mečíř won against John McEnroe at 6 : 0 , 3 -- 6 , 6 - 2 , 6 - 2 in the final .",0
3072,"The high ground was Gentilly Boulevard and U.S. Highway 90 , part of the Old Spanish Trail from St. Augustine , Florida to Los Angeles , California .","The high ground was Gentilly Boulevard and U.S. Highway 90 , part of the Old Spanish Trail from Los Angeles , California to St. Augustine , Florida .",0
5016,"In addition to the official Mexican teaching program , the German language has been taught only as a foreign language .",The official Mexican language was only taught as a foreign language in addition to the German teaching program .,0
25428,They are patrilineal and were in several areas organized into small chiefdoms .,They are patrilineal and were organized in several areas into small chieftains .,0
39630,Young Jason played youth football in the same league that his brother Aaron Humble Area Football League HAFL did,Aaron played youth football in the same league his brother Jason did Humble Area Football League HAFL,0
11374,The Bijapur District was part of the Presidency of Bombay under the British Raj .,"Under the British Raj , Bombay Presidency was part of the Bijapur District .",0
27929,Another new bridge was built at Phnom Penh on Neak Leung to Ho - Chi - Minh - Highway 1 with Japanese government assistance and opened in 2015 .,"Another new bridge was built at Neak Leung on the Phnom Penh to Ho Chi Minh Highway 1 with Japanese government assistance , and opened in 2015 .",0
17312,"Founded in 1959 by Sérgio Britto , it has presented actors such as Fernanda Montenegro , Gianni Ratto , Italo Rossi , Tommy Wiseau and Fernando Torres .","Founded in 1959 by Gianni Ratto , it has introduced actors such as Fernanda Montenegro , Sérgio Britto , Italo Rossi , Tommy Wiseau and Fernando Torres .",0
8351,"Nikolay Davydenko won against Marat Safin in the finals 6 -- 4 , 5 -- 7 , 6 -- 4 .","Marat Safin won in the last 6 -- 4 , 5 - 7 , 6 -- 4 against Nikolay Davydenko .",0
37864,"With Ross 's permission , Martinez fired the shot that took Nocona 's life .","With Martinez 'permission , Ross fired the shot that Nocona 's life took .",0
22756,Pauline Goldmark was a close friend and correspondent of William James .,A close friend and correspondent of Pauline Goldmark was William William James .,0
4025,"Pohl-Stroher was born on 18 January 1919 in Wurzen in Saxony , Vogtland and grew up in Rothenkirchen , East Germany .","Pohl-Stroher was born on 18 January 1919 in Wurzen in Saxony , East Germany and grew up in Rothenkirchen in Vogtland .",0
4566,The 2007 -- 08 Kansas State Wildcats Men 's Basketball Team represents Kansas State University at the 2007 -- 08 College - Basketball - Season .,The 2007 -- 08 Kansas State University Men 's Basketball - Team represent Kansas State Wildcats in the 2007 -- 08 College - Basketball - Season .,0
13959,Suzanne said she wanted to give Condon a Valentine 's Day card .,Condon said they wanted to give Suzanne a Valentine 's Day card .,0
79,A boy who survived the attack said that Oliveira selectively shot to kill girls while shooting boys only to immobilize them .,A boy who survived the attack said that Oliveira shot selectively to immobilize girls while shot boys simply to kill them .,0
20023,"Eoacmaea calamus is a species of sea snail , a true limpet , a marine gastropod mollusc in the Eoacmaeidae family , one of the families of true limpets .","Eoacmaea calamus is a species of sea snail , a true limpet , a true gastropod mollusk in the family Eoacmaeidae , one of the families of marine limpets .",0
23044,"For the 2014 season , Ricochet received a new varnish , green supports and a blue track .","Ricochet received a new paint job for the 2014 season , blue supports and a green track .",0
15202,A pneumatic control valve actuator converts energy ( typically in the form of compressed air ) into mechanical motion .,A mechanical control valve drive converts energy ( typically in the form of compressed air ) into a pneumatic motion .,0
27167,"A second company , Winslow Life Raft Company , was founded in 1941 as a New York Rubber Company .","A second company , New York Rubber Company , was founded in 1941 as a Winslow Life Raft Company .",0
40410,"`` Now a Memory Almost '' is a song written by Van Stephenson , Dave Robbins and Dale Oliver , recorded by the American country music band Blackhawk .","`` Almost a Memory Now '' is a song written by Van Stephenson , Dave Robbins , and Dale Oliver , recorded by American country music band Blackhawk .",0
378,"He was presented by Golda Meir in the television film A Woman Called Golda `` ( 1982 ) , opposite Robert Loggia as Ingrid Bergman .",He was portrayed by Robert Loggia in the television film A Woman Called Golda `` ( 1982 ) as Ingrid Bergman as Golda Meir .,0
34915,"The deep branch is susceptible to damage during thyroidectomy or cricothyrotomy , as it is immediately superior to the external artery of thyroid gland .","The external branch is susceptible to damage during thyroidectomy or cricothyrotomy , as it lies immediately deep to the superior thyroid artery .",0
8609,"Lynn Lynn Baggett has also represented several Hollywood actors , including Cooper for Murder , Joan Bennett and Shirley Temple in her divorce from John Agar .","Cooper Cooper has also represented several Hollywood actors , including Lynn Baggett for Murder , Joan Bennett and Shirley Temple in her divorce from John Agar .",0
16138,"The port of Suppāraka is either modern Sopara near Bhārukaccha or modern Bharukh , or Vasai near Mumbai , about 290 kilometers south of Bhārukaccha .","The port of Suppāraka , is either modern Sopara near Bhārukacha or modern Mumbai near Bharuch or Vasai about 290 kilometers south of Bhārukaccha .",0
7082,"Barkheda Baramad is a village in the Berasia district of Madhya Pradesh , India . It is located in Bhopal Tehsil .","Barkheda Baramad is a village in the Bhopal district of Madhya Pradesh , India . It is situated in Berasia tehsil .",0
8392,"Elati is a village in regional unit Kozani , Greece .","Elati is a village in the regional unit of Greece , Kozani .",0
20269,"The Central Inter State bus station is located away at Thampanoor , opposite Trivandrum Central Railway Station .",The Central Inter State bus station is located opposite Thampanoor at Trivandrum Station .,0
14061,"The municipalities which border Padenghe sul Garda are Polpenazze del Garda , Prevalle , Bedizzole , Calvagese della Riviera , Lonato , Soiano del Lago and Muscoline .","The communes which border on Padenghe sul Garda are Polpenazze del Garda , Prevalle , Bedizzole , Calvagese della Riviera , Lonato , Soiano del Lago , and Muscoline .",0
21601,"Without a big attacker , Garzelli was very constant and could go on a good day with the best climbers .",Garzelli was very good without being a permanent attacker and could go on a great day with the best climbers .,0
5122,"The members of the United Methodist Church gather in Laichingen , while the Catholics are appointed to the parish of Bad Urach in St. Joseph .","The members of the United Methodist Church gather in Laichingen , while the Catholics are assigned to the parish of St. Josef in Bad Urach .",0
11933,"George Henry Compton Cavendish , second son of the first Earl of Burlington , was Member of Parliament for Aylesbury .","George Henry Compton Cavendish , first son of the second Earl of Burlington , was a Member of the Aylesbury Parliament .",0
31428,"First , initialize the result formula _ 5 to 1 and preserve the value of b in the variable x :","First , initialize the 5 result formula to 1 and keep the value of b in the x variable :",0
32555,Michael advises the girls to try their poses in the cold to avoid wasting time on set and get backstage .,Michael advises girls to try their poses in the backstage in order to avoid wasting time on the set and to cold .,0
14936,"She was also a member of the organisation `` sculptures and memorials '' , founded in 1934 to support local sculptors working with British stones .","She was also a member of the `` Sculptures and Memorials '' organisation , which was founded in 1934 to support British sculptors working with local stones .",0
22738,It is followed by a route from Hub Industrial Area to Orangi Town and from Nazimabad and North Karachi .,It is a pathway from Hub Industrial Area to North Karachi and followed by Nazimabad and Orangi Town .,0
1989,The center of the western hemisphere is located in the Pacific Ocean at the intersection of the 90th Meridian - West and the Equator very close to the Galapagos Islands .,The centre of the Galápagos Islands is located in the Pacific Ocean at the intersection of the 90th Meridian West and the Equator very close to the western hemisphere .,0
29995,"PSPs is one form of other peptide for absolute quantification , and Standard of the Expressed Protease ( STEP ) is the standard .",PSPs is a form of a standard peptide for the absolute quantification and standard of Expressed Protease ( STEP ) is the other .,0
19821,He studied music history with Guido Adler and Curt Sachs at the University of Vienna and studied composition with Hans Gál .,"He studied music history at the University of Vienna under Hans Gál , and studied composition under Guido Adler and Curt Sachs .",0
11254,It was acquired by American Airlines in 1930 to become AVCO .,"In 1930 , it was acquired by AVCO to become American Airlines .",0
11538,"The Portneuf River is a long tributary of Marsh Creek at Bannock County , Idaho .","Marsh Creek is a long tributary of Portneuf River in Bannock County , Idaho .",0
29210,"The tournament took part in 10 Olympic teams , 3 teams from Europe and 7 teams from Africa .","Ten Olympic teams took part in the tournament , three teams from Africa and 7 teams from Europe .",0
35599,"Lead vocals by Randy Owen on all tracks , except Teddy Gentry on `` Clear Water Blues '' and Jeff Cook on `` This Love 's on Me '' .","On all tracks , except Teddy Gentry on `` Clear Water Blues '' and Randy Owen on '' This Love ' ; s on Me `` , are lead lead vocals by Jeff Cook .",0
44536,"However , it was a spiritual , and not a legal ceremony .","It was , however , a legal ceremony and not a spiritual one .",0
29148,"Tara Moore won the title defeating Myrtille Georges in the final 7 -- 6 , 5 -- 7 , 6 -- 4 .","Myrtille Georges won the title and defeated Tara Moore in the final 7 -- 6 , 5 -- 7 , 6 -- 4 .",0
5470,In the first half of the 9th century the traditions of the second half continued .,"In the second half of the 9th century , the traditions of the first half have continued .",0
23967,"He was born on March 14 , 1981 in Erdington , West Midlands , and has an older brother , Cartwright , who is also an actor .","Cartwright was born on 14 March 1981 in Erdington , West Midlands . He has an older brother , Che Cartwright , who is also an actor .",0
28863,The key could be easily changed for each new guest by inserting a new template in the lock that corresponds to the new key .,The key could easily be changed for each new guest by inserting a new key template in the lock that matched the new key .,0
18858,"The lowest temperature ever registered in Pokhara was on 4 May 2013 , while the highest temperature ever recorded was January 13 , 2012 .","The highest temperature ever detected in Pokhara was on 4 May 2013 , while the lowest temperature ever recorded was on 13 January 2012 .",0
28748,"In addition to livestreaming gameplay footage , several members of the crew also produce `` Let 's Play '' style videos .","Livestreaming - Members of the crew produce , in addition to several gameplay movies , also `` Let 's Play '' style videos .",0
11318,Religious Institute -- `` a society in which members ... take off public vows ... and lead a common life of brothers or sisters '' .,Religious Institute -- `` a society in which members ... pronounce common vows ... and lead a life of brothers or sisters in the public '' .,0
32325,The wettest calendar year since 1948 has been 1965 with and the driest 1956 with .,The driest calendar year since 1948 has been in 1965 and the wettest in 1956 .,0
26833,"Naval propellants were then filled at ROF Bishopton and manufactured at ROF Chorley , and later ROF Glascoed .",Then were manufactured at ROF Bishopton and filled with ROF Chorley and later at ROF Glascoed .,0
21260,It became increasingly popular in the 19th century and was considered one of the finest resorts in America by the 18th century .,It became increasingly popular in the 18th century and was considered one of the best resorts in America in the 19th century .,0
3958,The Chicago Park District is the largest and one of the oldest park districts in the United States .,The Chicago Park District is one of the oldest and one of the largest park districts in the United States .,0
18728,The series is published in Japan by Shogakukan and in the United States in English by VIZ Media .,The series is published in Japan by VIZ Media and in the USA by Shogakukan in English .,0
40007,In 2013 signed beals for the main role of ABC - Drama - Pilot `` Westside '' produced by McG and developed by Ilene Chaiken .,In 2013 signed beals for the main role of ABC - Drama - Pilot `` Westside '' developed by McG and produced by Ilene Chaiken .,0
19684,"Steffi Graf defeated Manuela Maleeva 6 -- 4 , 6 -- 2",Steffi Graf defeated Manuela Maleeva 6 -- 4 -- 2,0
14567,Georges Merle died in 1881 in Paris . His son Hugues Merle also became a painter .,"Hugues Merle died in Paris in 1881 , his son Georges Merle also became painter .",0
45088,"Grossman was injured later in the season , however , and temporarily relieved of Griese .","However , Griese was temporarily injured in the season and later relieved of Grossman .",0
31732,"In March 1999 , Chris Anderson took over the succession of Wayne Bennett as team coach .","In March 1999 , Chris Wayne Bennett took over the succession of Chris Anderson as team coach .",0
4536,"Later , Nate reluctantly agrees that Ruth can stay for a few more days .",Ruth later reluctantly agrees that Nate can stay for a few more days .,0
34322,"It was a public subscription school and was kept open until 1870 , when the private school building was built .",It was a private subscription school and was kept open until 1870 when the public school was built .,0
11418,"Simon Skelton won 9-4 , 9-5 against Darren Burnett in the finals .","Darren Burnett won 9-4 , 9-5 against Simon Skelton in the finals .",0
6760,"`` Slate '' pointed out that Landy , contrary to what is presented in the film , did not accompany Wilson and Ledbetter on their first date .","`` Slate '' pointed out that Wilson did not accompany Landy and Ledbetter on their first date , contrary to what is displayed in the film .",0
29757,Wall Township is located in the 4th Congressional District and is part of New Jersey 's 30th state legislative district .,Wall Township is located on the 30th Congressional District and is part of the 4th State Legislative District in New Jersey .,0
21986,"In 1999 , Trinity merged with Mirror Group Newspapers to Trinity Mirror , the country 's largest stable in the newspapers .","In 1999 Trinity merged with Trinity Mirror to become Mirror Group Newspapers , the largest stable of newspapers in the country .",0
22761,The zoological garden was initiated by zoologist Alfred Brehm and founded in 1876 .,The zoological garden was founded by the zoologist Alfred Brehm and initiated in 1876 .,0
43423,The first patented air data computer in the USA was developed by John H. Andresen in February 1971 .,The first air data computer developed in the USA was patented by John H. Andresen in February 1971 .,0
5086,"He and his wife Mary ( a weaver ) had two children , Anne ( born in 1947 ) and Julian ( born 1952 ) .","Potter married in 1945 . He and his wife Anne ( a weaver ) had two children , Julian ( born 1947 ) and Mary ( born 1952 ) .",0
1194,"On 9th July , during her first line period , LCDR John B. Nichols claimed `` Ticonderoga 's '' fifth MiG kill .","On July 9 , during their fifth line period , LCDR John B. Nichols '' Ticonderoga `` first MiG - Kill claimed .",0
39306,"The highest point of the resort is 2650m , while its lowest point is 3600m ( 11,811 feet above the sea level ) .","The lowest point of the resort is 2650m , while the highest point is 3600m ( 11,811 meters above sea level ) .",0
31135,"It serves Udupi and the university town of Udupi , which is south of the train station and manipal .","It serves Udupi and the university town of Manipal , which is south from the station and Udupi .",0
34297,Vonberg studied at Imperial College then joined the Cavendish Laboratory in 1945 where he worked with Martin Ryle .,"Vonberg worked at Imperial College and then joined the Cavendish Laboratory in 1945 , where he studied with Martin Ryle .",0
16976,"The `` Houston Chronicle '' is the citywide newspaper , `` Midtown Paper '' is a local newspaper .",The `` Houston Chronicle '' is the local newspaper . The `` Midtown Paper '' is a citywide area newspaper .,0
18025,"John Mozeliak is the president of the Baseball Operations , Mike Girsch is General Manager and Mike Matheny is the manager .","John Mozeliak is the President of Baseball Operations , Mike Matheny is the general manager and Mike Girsch is the manager .",0
25437,Trenčianske Jastrabie is a village and municipality in Trenčín Region in the Trenčín District of northwestern Slovakia .,Trenčianske Jastrabie is a village and municipality in the Trenčín district in the region of Trenčín in northwestern Slovakia .,0
20628,"From 2001 to 2007 it was part of the district Ajdabiya , from 1983 to 1987 it was part of the district of Jalu .","From 2001 to 2007 , it was part of Jalu District . From 1983 to 1987 , it was part of Ajdabiya District .",0
28396,"Marco Marco Bandinelli , also known as Marchino di Guido Reni , was an Italian painter of the Baroque .","Guido Reni , also known as Marchino di Marco Bandinelli , was an Italian painter of the Baroque period .",0
46086,The group was founded in Las Vegas and later displaced to Los Angeles .,"The group was founded in Los Angeles , and later relocated to Las Vegas .",0
2760,While Quine called such logics `` free '' logic they are now referred to as inclusive logic .,"While Quine has referred to such logics as '' including `` logic , they are now called free logic .",0
4593,"Encouraged by the use of fresh voices in `` Roja '' , Srinivas approached Rahman .","Encouraged by the use of fresh voices in `` Roja '' , Srinivas Rahman approached .",0
13411,"The text of the Kanuni , often contested and with many different interpretations which only evolved since 15th century , was significantly named after Dukagjini .","The Kanuni text , often controversial and with many different interpretations , which have evolved significantly since the 15th century , was named after Dukagjini only .",0
15558,"Aman is in love with Neha ( Boman Irani ) , daughter of Mr. Patel ( Nandana Sen ) , a conventional Gujarati .","Aman is in love with Neha ( Nandana Sen ) , the daughter of Mr. Patel ( Boman Irani ) , a conventional Gujarati .",0
8344,"Tim Henman won in the final 6 -- 2 , 7 -- 6 , against Yevgeny Kafelnikov .","Yevgeny Kafelnikov won against Tim Henman in the final 6 -- 2 , 7 -- 6 .",0
24734,Other studies have also been submitted to the Congress by the Federal Power Commission and Power Authority of New York .,Other studies were also presented to the Federal Power Commission by the Congress and the Power Authority of New York .,0
16555,"Episode 1 included the city Bath , Episode 2 , Covent Garden , Episode 3 , Eastnor Castle and Episode 4 , Park Hill , Sheffield .","Episode 1 included the city Bath , Episode 2 , Park Hill , Sheffield , Episode 3 , Eastnor Castle , and Episode 4 , Covent Garden .",0
21042,"However , Ambassador William Sullivan , and his successor , G. McMurtrie Godley , continued to oversee air strikes in Laos .","However , Ambassador G. McMurtrie Godley and his successor , William Sullivan , continued to oversee the air attacks in Laos .",0
41062,Crocker Paddon defeated 2009 again and took his third victory against Emma Gilmour in 2010 .,Paddon defeated Crocker 2009 again and took his third victory against Emma Gilmour in 2010 .,0
23534,"Barrallier Island is a very small uninhabited island , located north-west of French Island in Victoria , Australia .","French Island is a very small uninhabited island in the northwest of Barrallier Island , Victoria , Australia .",0
40208,"These courses include Spain ( since 2012 ) , Canada , Japan and some parts of the United States .","These places belong to Canada , Japan ( since 2012 ) , Spain and some parts of the United States .",0
15573,Its eastern terminus also serves as the northern terminal of SR 531 in Conneaut .,Its northern terminus also serves as the eastern terminus of SR 531 in Conneaut .,0
6053,"It is a type of mainly Byzantine dance , from where has been adapted , with the main base and elements of Turkish folkloric music .","It is a kind of mainly Turkish folkloric dance , from where , with the main base and the elements of Byzantine music has been adapted .",0
43015,"Mueller won his first World Series of Poker bracelet and $ 194,909 only 11 days after his second in a $ 1,500 Limit Hold'em Shootout event .","Only 11 days after his first in a $ 1,500 Limit Hold ' ; em Shootout Event Mueller won his second World Series of Poker bracelet and $ 194,909 .",0
15566,"Élisabeth Dominique Lucie Guignot was born into a wealthy Parisian family and married to Gérard Depardieu on February 19 , 1970 .","Gérard Depardieu was born to a wealthy Parisian family and married on February 19 , 1970 with Élisabeth Dominique Lucie Guignot .",0
33099,"In Euclidean morphology , an image is viewed as a subset of an binary space formula _ 1 or the integer grid formula _ 2 , for some dimension `` d '' .","In binary morphology , an image is considered a subset of an Euclidean space formula 1 or the integer grid formula 2 for some dimension `` d '' .",0
25271,"The Greeks and Romans identified the region as Gangaridai , a historical kingdom of the powerful subcontinent , in the 3rd century BCE .","In the 3rd century BC , the Greeks and Romans described the region as Gangaridai , a powerful kingdom of the historical subcontinent .",0
20110,"Today , Galesburg-Augusta Community Schools consists of a middle school and a high school in Augusta and a primary school in Galesburg .",Today Galesburg-Augusta consists of community schools from a primary school and a high school in Galesburg and a high school in Augusta .,0
25486,Sentence elements ( with the exception of verbs ) can be raised by moving to the beginning of the sentence and being marked with themed eyebrows .,Sentence elements ( with the exception of verbs ) can be topicalised by being moved to the beginning of the sentence and marked with raised eyebrows .,0
27499,"Liao works mainly in the fields of comparative literature , cultural theory and postcolonial studies .","Liao works primarily in the fields of comparative literature , postcolonial theory , and cultural studies .",0
19067,Several animatronic characters were also created ... a puppeteered goose ( Galaga ) and an animatronic head for the giant Cernos .,There were also several animatronic characters created ... a giant goose ( Galaga ) and an animatronic head for the puppet theater Cernos .,0
23285,Coverage in urban areas is considerably higher than in rural areas .,The coverage in rural areas is considerably higher than in urban areas .,0
10871,Bathyporeia elegans is a type of amphipod crustacean in the genus '' Bathyporeia `` . It is unpigmented and grows up to long .,Bathyporeia elegans is a kind of amphipod crustacean in the genus '' Bathyporeia `` . It is long and grows up to unpigmented .,0
6344,"Thomas Nonhelema 's mother , Thomas McKee , was a Shawnee chief who was nicknamed `` The Grenadier Squaw '' .","Thomas McKee 's mother , Nonhelema , was a Shawnee chief nicknamed `` The Grenadier Squaw . ''",0
43127,Edward J. McKenna was a professional baseball player who played for the 1884 Union Association of the Washington Nationals in 32 games .,Edward J. McKenna was a professional baseball player who played in 32 games for the 1884 Washington Nationals of the Union Association .,0
48912,"Typically , prepaid voucher management systems are used with external systems based on an intelligent network .","Typically , external voucher management systems are used with prepaid systems based on an intelligent network .",0
15192,"The Universal Press Syndicate , a subsidiary of Andrews McMeel Universal , was an independent press syndicate .","Andrews McMeel Universal , a subsidiary of Universal Press Syndicate , was an independent press syndicate .",0
12189,"Quintus Caecilius Metellus Macedonicus was the second son of the Roman politician , General Lucius Caecilius Metellus Diadematus .",Lucius Caecilius Metellus Diadematus was the second son of Roman politician and general Quintus Caecilius Metellus Macedonicus .,0
30098,"Godman was a leading actor of the Lou Blonger ( `` né '' John Homer French ) , bookmaker for Jackie French .","Godman was a paramour of the Lou Blonger ( `` né '' John Homer French ) , bookmaker for Jackie French .",0
1234,District Viñac is one of thirty-three districts in the province of Yauyos in the region Lima in Peru .,Viñac District is one of thirty-three districts of the Lima Region in the Yauyos Province of Peru .,0
25641,The species was first formally described in 1856 by James Drummond in `` Prodromus Systematis Naturalis Regni Vegetabilis '' out of material by Carl Meissner .,This species was first formally described in 1856 by Carl Meissner in `` Prodromus Systematis Naturalis Regni Vegetabilis '' from material by James Drummond .,0
35283,"Scurria plana is a species of sea snail , a true limpet , a true gastropod mollusc in the family Lottiidae , one of the families of marine limpets .","Scurria plana is a species of sea snail , a true limpet , a marine gastropod mollusc in the Lottiidae family , one of the families of the true limpets .",0
18529,"Sergio Galdós and Luis David Martínez won the title , defeating Julio Peralta and Horacio Zeballos 6 -- 2 , 6 -- 2 in the final .","Julio Peralta and Horacio Zeballos won the title and defeated Sergio Galdós and Luis David Martínez 6 -- 2 , 6 - 2 in the final .",0
46799,The ship attended Guam during the second week of September and then spent the rest of the month in Okinawa in the Marianas .,The ship attended Okinawa during the second week of September and then spent the rest of the month in Guam in the Marianas .,0
10786,"Oli Müller left the band as bassist in the live performances , and Adi Amstutz supported the band .","During the live performances Oli Müller supported the band as a bassist , and Adi Amstutz left the band .",0
44181,"These canons were later rejected in 692 by the Eastern Council in Trullo , but approved by Pope Constantine .","These canons were approved later in 692 by the Eastern Council in Trullo , but rejected by Pope Constantine .",0
2018,"He is the brother of Hashim Khan and Azam Khan , the second cousin of Roshan Khan and the uncle of Jahangir Khan and Torsam Khan .","He is the brother of Roshan Khan , second cousin of Hashim Khan and Azam Khan , and the uncle of Jahangir Khan and Torsam Khan .",0
48891,"( Ray had been in the penguins in 1956 , and both Eddie and Ray had been Don Wyatt in the later Colts / Fortunes . )","( Don Wyatt had been in the penguins in 1956 , and both Eddie and Ray had been with Ray in the later Colts / Fortunes . )",0
29738,"Arabic Supplement is a Unicode block encoding old letter variants used for writing non-Arabic languages , including languages of Pakistan and Africa , and Arabic Persian .","Arabic Supplement is a Unicode block that encodes Arabic letter variants used for writing non-Arabic languages , including languages of Pakistan and Africa , and old Persian .",0
4907,"Cherry Jones ' character is the daughter of Elizabeth , played by Allison Janney , and not the daughter of Mary played by Katie Holmes .","Katie Holmes ' character is the daughter of Mary , played by Cherry Jones , not the daughter of Elizabeth , played by Allison Janney .",0
13527,"Murray Cantor , IBM Distinguished Engineer , wrote `` The signal and noise '' from Nate Silver is an excellent description of how the prediction works .","Murray Cantor , IBM Distinguished Engineer , wrote `` Nate Silver 's '' The Signal and Noise `` is an excellent description of how prediction works .",0
33862,"One of the Triassic rocks used in Cardiff is `` Radyr Stone '' , a freestone which as its name suggests is quarried in the Radyr district .","One of the triassic rocks used in Radyr is '' Radyr Stone `` , a Freestone which , as its name suggests , is being dismantled in the Cardiff district .",0
37902,Alexander Nikolayevich Veselovsky ( in Moscow -- in St. Petersburg ) was a leading Russian literary theorist who laid the foundations for comparative literature studies .,Alexander Nikolayevich Veselovsky ( in Moscow in St. Petersburg ) was a leading comparative literary theorist who laid the groundwork for Russian literary studies .,0
30416,"Written by John Sanborn , it was directed by Michael Kaplan .",It was written by Michael Kaplan and was directed by John Sanborn .,0
11532,The base property is now referred to as Summerside Airport and the airfield has been called Slemon Park .,The base property is now referred to as Slemon Park and the airfield has been named Summerside Airport .,0
336,"He married them and rejected his current wife for money , so he could rebuild the family business .",He rejected them and married his current wife for money so that he could rebuild the family business .,0
7062,Vanuatu is the southernmost of the six Tafea provinces .,Tafea is the southernmost of the six provinces of Vanuatu .,0
2422,"On January 18 , a caucus of 64 Bucktail legislators nominated U.S. Vice President Daniel D. Tompkins for Governor and State Senator Benjamin Mooers for Lieutenant Governor .","On 18 January , a caucus of 64 Bucktail legislators nominated US Vice President Benjamin Mooers for the Governor and State Senator Daniel D. Tompkins for Vice Governor .",0
26349,The 1956 National Football League season was the 11th year of the team with the Los Angeles Rams and the 19th season in Los Angeles .,The 1956 Los Angeles Rams season was the team 's 19th year with the National Football League and the 11th season in Los Angeles .,0
17924,The Initial H Block ( formerly Isolation Ward ) was designed by Leighton Irwin in conjunction with the first major works on the relocated hospital area .,The former H block ( Initial Isolation Ward ) was designed by Leighton Irwin in conjunction with the first major works on the relocated hospital area .,0
33030,"It was born in Da Lat in 1963 , to a Vietnamese father and a French mother .","It was born in Da Lat in 1963 , to a French father and a Vietnamese mother .",0
29218,Starmount is a residential area on the South Charlotte ( South Boulevard in Arrowood and Archdale ) .,Archdale is a residential neighborhood in the Starmount ( South Boulevard at Arrowood and South Charlotte ) area .,0
18840,"Defeated Jaime Fillol with 6 -- 0 , 6 -- 1 by Jeff Borowiak","Jaime Fillol defeated Jeff Borowiak 6 -- 0 , 6 -- 1 .",0
47306,"The Pearl River is actually two alluvial deltas , which are separated by the core branch of the Pearl River Delta .","The Pearl River Delta is actually two alluvial deltas , separated by the core branch of the Pearl River .",0
867,"Stevens was a Republican when the party was founded , and was a delegate to the Republican National Conventions in 1860 and 1868 .","Stevens was a Republican when the party was formed , and became a delegate to the Republican National Conventions in 1860 and 1868 .",0
24634,"The region is famous for trade fairs like Expozebu in Uberaba , Fenamilho in Patos de Minas and Feniub in Uberlândia .","The region is famous for fairs like Expozebu in Uberaba , Fenamilho in Uberlândia and Feniub in Patos de Minas .",0
20568,"Like her sister ship , Tirpitz `` armed with a twin battery of eight guns in four main towers .","Like her sister ship , `` Tirpitz '' was armed with a main battery of eight guns in four twin turrets .",0
15548,In 1891 he became Professor of General and Analytical Chemistry and in 1903 a Professor of Inorganic Chemistry .,In 1891 he became professor of inorganic chemistry and in 1903 a professor of general and analytical chemistry .,0
23979,"After four years it moved to Jacopo Sandri 's house , which had more space , and in 1705 moved again to the palazzo of Conte Luigi Ferdinando Marsigli .","After four years it moved to the house of Conte Luigi Ferdinando Marsigli , which had more space , and moved back to the Palazzo of Jacopo Sandri in 1705 .",0
31052,"He is the son of the French cyclist Adri van der Poel , the brother of Mathieu van der Poel and grandson of the Dutch cyclist Raymond Poulidor .","He is the son of the Dutch cyclist Adri van der Poel , brother of Mathieu van der Poel and grandson of the French cyclist Raymond Poulidor .",0
31008,Eddie told Peyton that he rocked and Peyton was later seen at his concert with Sarah .,Sarah told Peyton that he had rocked and Peyton was seen later at his concert with Eddie .,0
11396,For male adolescents parental education and maternal concern seemed to be protective factors .,"For male youth , maternal education and parental concern seemed to be protective factors .",0
31408,"It is bordered by Massapequa to the west and east , North Massapequa to the northwest , and South Farmingdale to the north .","It is bordered by Massapequa in the west and east , South Farmingdale in the northwest and North Massapequa to the north .",0
40855,"The dam is operated by the United States Bureau of Reclamation , which has built it , and is owned by the Elephant Butte Irrigation District .","The dam is owned by the United States Bureau of Reclamation , which it has built , and is operated by the Elephant Butte Irrigation District .",0
41439,"Lake Arrowhead is an artificial lake located in the San Bernardino Mountains on Little Bear Creek , a tributary of Deep Creek and the Mojave River .","Lake Arrowhead is an artificial lake in the Mojave River on the Little Bear Creek , a tributary of Deep Creek and San Bernardino mountains .",0
46104,"He lived ten years in Italy and won the classic Bardolino race in Turin , Italy for six years in a row from 2001 to 2006 .","He lived ten years in Turin , Italy , and won the classic race of Bardolino in Italy from 2001 to 2006 for six years in a row .",0
8914,Her husband continued to Europe and died in England in 1804 .,Her husband continued travelling to England and died in Europe in 1804 .,0
5995,"He and his family moved from Colorado to Wyoming to Oregon until he was about five years old when they settled in Silver Spring , Maryland .","He and his family moved from Wyoming to Colorado to Oregon until he was around five years old when they settled in Silver Spring , Maryland .",0
27701,There is no railway station & airport in Sultanpur . You can reach here by bus from Kadipur .,"There is no railway station and airport in Kadipur , which you can reach from Sultanpur by bus .",0
11884,"This was the first season for the Giants after the AFL - NFL merger , in which ten American Football League teams from the National Football League have joined .","This was the first season for the American Football League after the AFL -- Giants merger , in which ten NFL teams joined the National Football League .",0
30448,"On 31 August 1819 , Wollstonecraft met in Sydney on board the ship `` Grenada '' .",Wollstonecraft arrived in Grenada on board the ship `` Sydney '' on 31 August 1819 .,0
7568,"Over the years , ACT-R models have been used in more than 700 different scientific publications and have been cited in many others .","Over the years , ACT-R models have been cited in more than 700 different scientific publications , and have been used in many more .",0
18598,In 1975 he moved to Odibo and returned to Windhoek in 1977 .,In 1975 he returned to Odibo and went to Windhoek in 1977 .,0
18630,"The Simpsonville Mill is a historic pre-colonial mill complex in Columbia , Maryland , part of the Simpsonville , Maryland land development .","The Simpsonville - Mill is a historic pre-colonial mill complex in Simpsonville , Maryland , part of the Columbia rural development , Maryland .",0
36208,"The music video was released by the actor Hunter Johansson , the twin brother of Scarlett Johansson , and was presented in February 2013 .","The music video was featured by the actor Hunter Johansson , twin brother of Scarlett Johansson , and it was released in February 2013 .",0
24155,Helicopter pilot Gary Pfitzner and photographer Bill Strothman were both killed in the crash .,The helicopter pilot Bill Strothman and photographer Gary Pfitzner were both killed in the crash .,0
39657,"Design was created by Jeff Grubb with Andria Hayday , a cover of Jeff Easley and illustrations by Karl Waller .","Design was developed by Jeff Grubb with Andria Hayday , a cover of Karl Waller and illustrations by Jeff Easley .",0
25760,It reopened again a few years later but soon failed again .,"A few years later it failed again , but opened again soon .",0
16832,"Through the weekly Roanoke Beacon newspaper from Plymouth , NC , and the daily Washington Daily News from Washington , NC is operated by Creswell .","Creswell is served by the daily Roanoke Beacon from Plymouth , NC , and the weekly Washington Daily News from Washington , NC .",0
1616,"In Brazil , the IPHONE brand was registered in the year 2000 by Gradiente Eletrônica S.A. , then IGB Eletrônica S.A .","In Brazil the brand IPHONE was in 2000 by the then company Gradiente Eletrônica S.A. , now IGB Eletrônica S.A .",0
46332,"Pingding County is a county located in Yangquan , People 's Republic of China under the jurisdiction of the city of Shanxi .",Pingding County is a county in the Province of Shanxi in the People 's Republic of China under the jurisdiction of Yangquan City .,0
43093,"`` Holocaust '' , dedicated to Lincoln Park in November 1984 , was created by the sculptor George Segal .","`` Holocaust '' , created in November 1984 in the Lincoln Park , was dedicated by the sculptor George Segal .",0
3933,"The museum building was built in 1948 according to designs by Wadsworth , Portland 's Tuttle of Boston .","The museum ’ s building was built in 1948 according to designs by Wadsworth , Boston 's Tuttle of Portland .",0
1925,"He returned to Canada in 2012 to play with London City in the Canadian Soccer League , where he went to Serbia to play with Srem Jakovo and Jedinstvo Surčin .","In 2012 , he went to Canada to play with London City in the Canadian Soccer League.He returned to Serbia to play with Srem Jakovo , and Jedinstvo Surčin .",0
26331,It has received condemnation from Indian politicians and from various Internet users .,It has received condemnation from various politicians and Indian Internet users .,0
13242,The word nanosecond is formed by the prefix `` nano '' and the second is a basic unit of time or one sixth of a second .,The word nanosecond is formed by the prefix `` nano '' and the basic one is second a second unit of time or a sixtieth of a second .,0
1227,The Mundy family owned the Manor of Allestree from 1516 until Thomas Evans sold it to Francis Noel Clarke Mundy in 1781 .,"In 1516 , the Mundy family owned the manor house of Allestree until Francis Noel Clarke Mundy sold it to Thomas Evans in 1781 .",0
21009,Julia had also told Do privately that she had read their letters to Elinor .,Elinor had also told Do privately that she had read their letters to Julia .,0
33677,"However , Augustus Tacitus records two contradictory but common views of Augustus :","Tacitus , however , records two common but contradictory views of Augustus .",0
32417,"The first fiduciaries were David Limond Murdoch , Arthur Mielziner Myers ( chairman ) , Robert Hall and Alfred Seymour Bankart .","The first trustees were Robert Hall ( Chairman ) , David Limond Murdoch , Mielziner Arthur Myers , and Alfred Seymour Bankart .",0
24933,"Inorganic liquids include water , magma , many solvents and inorganic non-watery acids .","Inorganic liquids include water , magma , inorganic non-aqueous solvents and many acids .",0
22124,"16 April 1984 -- became adult contemporary WCGY , music of the 1960s and 1970s with 25 % current music .","April 16 , 1984 - became adult current WCGY , 1960s ' and 1970s ' music with 25 % contemporary music .",0
36445,"According to the definition above , two relations with different graphs but different domains or different codomains are considered identical .","According to the definition above , two relations with different graphs , but different domains or different code masses are considered identical .",0
18589,"Hall Island ( Russian : `` Остров Галля '' ; `` Ostrov Gallya '' ) is an island in Franz Josef Land , Oblast Archangelsk , Russia .","Franz Josef Land , Arkhangelsk Oblast , Russia ( Russian : `` Остров Галля '' ; `` Ostrov Gallya '' ) is an island in Hall Island .",0
49395,"Andrew W. Mellon is a literary scholar , critic and novelist who is currently Frederick A. de Armas Distinguished Service Professor in Humanities at the University of Chicago .","Frederick A. de Armas is a literary scholar , critic , and novelist who is currently Andrew W. Mellon Distinguished Service Professor of Humanities at the University of Chicago .",0
45797,"A funnel is a pipe with a conical mouth , good for feeding , often wide mouth and a narrow stable .","A funnel is a pipe with a conical mouth , good for feeding , often wide mouth and a narrow stem .",0
2574,"The pottery is currently being run by Thomas Arthur Jenkins , son of Alun Jenkins .","The pottery is currently being run by Alun Jenkins , son of Thomas Arthur Jenkins .",0
18296,He won the 22th World Memory Championships in December 2013 and 24th World Memory Championships in December 2014 .,He won the 24th World Memory Championships in December 2013 and the 22nd World Memory Championships in December 2014 .,0
45927,"His villages include Dry Tavern , Normal Square ( also located in West Penn Township , Schuylkill County ) , New Mahoning , Jamestown , Mahoning Valley , and Packerton .","His villages include Dry Tavern , Jamestown , Mahoning Valley ( also in West Penn Township , Schuylkill County ) , Neu Mahoning , Normal Square , and Packerton .",0
926,"She moved to Germany in 1989 and settled in Luxembourg two years later , where her husband , Tommy Danielsson , is her coach and training partner .","She moved to Luxembourg in 1989 and settled down in Germany two years later . Her husband Tommy Danielsson , is her coach and training partner .",0
9992,"Oliver Campbell defeated Fred Hovey 7 -- 5 , 3 -- 6 , 6 -- 3 , 7 -- 5","Fred Hovey defeated Oliver Campbell 7 -- 5 , 3 -- 6 , 6 - 3 , 7 -- 5 .",0
42728,Air New Zealand then certified the General Electric FANS-1 package and certified the Pratt & amp ; Whitney FANS-1 package to United Airlines .,"Subsequently , United Airlines certified the General Electric FANS-1 package , and Air New Zealand certified the Pratt & Whitney FANS-1 package .",0
23257,There is thus growing interest in Community Informatics as an approach to understanding of how collective ICTs can enable and empower marginalized communities to achieve their different goals .,The interest in Community Informatics is thus growing as an approach to understanding how different ICTs can empower and empower marginalized communities to achieve their collective goals .,0
17650,It was developed by Monster Games and was published by Hasbro Interactive .,It was published by Monster Games and developed by Hasbro Interactive .,0
30675,The deputy of the Prime Minister of Norway was an office in the second cabinet of Kåre Willoch and in the first cabinet of Kjell Magne Bondevik .,The Deputy Prime Minister of Norway was an office in the first cabinet of Kåre Willoch and the second Kabinett of Kjell Magne Bondevik .,0
30734,With these and other men he continued in the following five years to complete the harrying of the north and conduct the Norman conquest of England .,With these and other men he went on in the five succeeding years to conduct the Harrying of the North and complete the Norman conquest of England .,0
20369,"Nick Danger is a fictional character created by the comedy group The Firesign Theatre , portrayed by Phil Austin .",Nick Danger is a fictional figure portrayed by the comedy group The Firesign Theatre and created by Phil Austin .,0
11853,"When Mohamad Elzahabi was injured in a 1995 battle in Kabul , Khadr visited him the Peshawar hospital .","When Khadr was injured in Kabul in 1995 , Mohamad Elzahabi visited him at the Peshawar hospital .",0
35523,"He married Agnes Theodora Walther , the daughter of Vilhelm Theodor Walther ) , in 1881 and his son is the botanist and sketch artist Vagn Petersson .","He married Agnes Theodora Walther , daughter of Vagn Petersson in 1881 , and his son is the botanist and sketch artist Vilhelm Theodor Walther .",0
19331,Disputes with leaders of Lutesville convinced the railroad to relocate their route through Marble Hill instead .,Disputes with leaders of Marble Hill persuaded the railroad to relocate their route through Lutesville instead .,0
35591,"He is generally said to be the brother of Nusa-kor-kamuy , but the two are sometimes regarded as a single entity .","He is sometimes said to be the brother of Nusa-kor-kamuy , but the two are generally considered as a single entity .",0
41645,De Doorns is a town in Cape Winelands District Municipality in the Western Cape province of South Africa .,De Doorns is a city in South Africa in the province of Western Cape Cape Winelands District Municipality .,0
26970,Coopers Plains train station on the south coast railway line ( now the Beenleigh line ) opened in 1885 .,Coopers Plains train station on the Beenleigh railway line ( now the south coast line ) opened in 1885 .,0
17684,"This version of Robert Hammond is a xenobiology professor , an old friend of Hal Jordan and the son of United States senator Hector Hammond .","This version of Hector Hammond is a xenobiology - professor , an old friend of Hal Jordan and the son of US senator Robert Hammond .",0
18400,It was reported in June that Burke had signed a record contract with Syco and the album will be processed jointly by RCA Records and RCA Records .,It was reported in June that Burke has signed a record contract with RCA Records and the album will be handled jointly by Syco and RCA Records .,0
12851,A real nightingale is introduced in `` and is used to replace a mechanical nightingale for a princess .,A mechanical nightingale is featured in `` and is used to replace a real nightingale for a princess .,0
48827,"Hard Candy is the fourth studio album of Counting Crows that was released on June 7 , 2002 and the following day in the United States in the United Kingdom .","Hard Candy is the fourth studio album by Counting Crows , published in the United States on June 7 , 2002 and the following day in the United Kingdom .",0
14235,In `` Home Alone '' Kate McCallister traveled from Paris on her way to Chicago through Dallas / Fort Worth .,In `` Home Alone '' Kate McCallister traveled from Chicago through Paris on her way to Dallas / Fort Worth .,0
37047,"Casper was expressed in the film by Devon Werkheiser , Robbie Sublett in the first season and Matthew Géczy in the second season .","Casper is voiced by Robbie Sublett in the film , Matthew Géczy in the first season and Devon Werkheiser in the second season .",0
4444,The college is situated around 30 km from Thuraiyur and 15 km from Trichy .,The college is situated about 30 km from Trichy and 15 km from Thuraiyur .,0
28879,"In 2001 he founded in Zagreb , Croatia , the publishing house and the graphic workshop `` Petikat '' , most recently he worked on animation films at the Zagreb film .","In 2001 he founded in Zagreb , Croatia , the publishing house and animation workshop `` Petikat '' , most recently at Zagreb film worked on graphic films .",0
19346,"Beaverton is a municipality in Brock Township in the regional commune of Durham , Ontario , Canada .","Brock Township is a municipality in Beaverton , Regional Community of Durham , Ontario , Canada .",0
27647,Fixing can often change the value of a financial instrument and can be difficult to price in the software models that are used to encode such instruments .,"Fixing can often change the value of a financial instrument , and can be difficult to encode in the software models used to price such instruments .",0
18797,SHS also has teams that compete in archery and bowling that are not sanctioned by IHSAA but are sponsored by their organizations .,"SHS also has teams that compete in archery and bowling , which are not sponsored by IHSAA , but sanctioned by their organisations .",0
33270,"A PlayStation Vita - Port of the game was completed on May 26 , 2015 , mainly released by Sickhead Games .","A PlayStation Vita port of the game was released on May 26 , 2015 , completed chiefly by Sickhead Games .",0
48818,NY 104 follows the Ridge Road east of the village of Lewiston through a sparsely populated area of Niagara County .,"East of the village of Niagara County , NY 104 of Ridge Road follows through a sparsely populated area of Lewiston .",0
44087,Leonardo and Pisanello were among the first Italian artists to add allegorical symbols to their secular portraits .,Leonardo and Pisanello were among the first Italian artists to add secular symbols to their allegorical images .,0
37837,"Thus , the MNDF - marine soldiers undergo an annual cycle of amphibious infantry - oriented training , which is generally of rigorous nature .","Thus , the MNDF marines undergo an annual cycle of rigorous infantry oriented training which is generally of amphibious nature .",0
23785,Psalm 79 ( Greek numbering : Psalm 78 ) is the 79th psalm in the biblical Book of Psalms .,Psalm 79 ( biblical numbering : Psalm 78 ) is the 79th Psalm in the Greek Psalm Book .,0
15221,"We approach things with an open mind , while historians tend to take a subject and find the material to prove their point. ``","We take things with an open mind , while historians tend to find a topic and use the material to prove their point .",0
45489,The province of Puerto Inca is the largest of the eleven provinces in the Huánuco region in Peru .,"The Huánuco region is the largest of the eleven provinces of the Province of Puerto Inca , Peru .",0
29906,"T helper cells then activate B cells , which are also in the presence of these antigens , which causes the production of autoantibodies .","The T helper cells also activate B cells , which are then located in the presence of these antigens , causing the production of autoantibodies .",0
15135,Surviving earthworks to the east and south of the former hamlet show the extent of the present village .,Surviving earthworks east and south of the present hamlet show the extent of the former village .,0
30537,"In 2009 , the third Rapid Ride , the 777 Green Line , launched from Tramway Boulevard to Downtown .","In 2009 , the third Rapid Ride , the 777 Green Line , started from downtown to Tramway Boulevard .",0
39815,"The academy consists of central hall , east wing , west wing and a garden .","The academy consists of eastern hall , central wing , west wing and a garden .",0
1856,There are two ligaments in this joint : the articular capsule and the dorsal talonavicular .,In this joint there are two bands : the dorsal capsule and the articular talonavicular .,0
22867,"The Murphy and DeSanto wrote the project in 2003 , and DeSanto developed a treatment .","The project was developed in 2003 by Murphy and DeSanto , and DeSanto wrote a treatment .",0
41660,Elizabeth Wood 's first memorable encounter with Thomas Kane was at the age of six when he was twenty years old .,Thomas Thomas Kane 's first memorable encounter with Elizabeth Wood was at six years old when he was twenty .,0
29327,"It stipulated that a brother of King Louis was to marry Joan of Toulouse , daughter of Raymond VII of Toulouse , and so in 1237 Alphonse married her .","It said that a brother of King Louis Joan of Toulouse , daughter of Raymond VII of Toulouse , was to marry and thus married Alphonse in 1237 .",0
36235,"Hana Mandlíková defeated Manuela Maleeva 6 -- 4 , 6 -- 2","Manuela Maleeva defeated Hana Mandlíková by 6 -- 4 , 6 - 2 .",0
40785,"In 2009 , Wizard canceled the Los Angeles event and postponed the Texas convention .","In 2009 , Wizard canceled the event in Texas and postponed the Los Angeles Convention .",0
36744,"The other entrances on the west side have new iron lamp standards and old lamps , and one has an iron balustrade .","The other entrances on the west side have old iron lamp standards and new lanterns , and one has an iron balustrade .",0
27292,"Alexandra Prince was born in Hamburg , Germany . Her father is German and her mother is Brazilian .","Alexandra Prince was born in Hamburg , her father is Brazilian and her mother German .",0
30946,About 90 % of all tobacco grown in Canada is produced here .,About 90 % of the tobacco produced in Canada is grown here .,0
37385,The Karmøy area today refers to the southern part of the island of Skudenes .,"Today , Skudenes refers to the southern part of the island of Karmøy .",0
21694,"From 1961 to 1964 , National Alt National Research Council represented the ACM .",Alt represented National Research Council on the ACM from 1961 to 1964 .,0
3095,"In Europe , `` Pueraria montana '' grows in warm places in several regions of Switzerland and Italy near Lake Maggiore and Lake Lugano .",`` Pueraria montana '' grows in Europe in warm regions of Switzerland and Italy near Lake Maggiore and Lake Lugano .,0
34730,Marian ( 1510 ? - 1558 ? ) was an English Protestant writer and Bartholomew Traheron exile .,Bartholomew Traheron ( 1510 ? -- 1558 ? ) was an English Protestant writer and Marian exile .,0
22537,Pune Suburban Railway is an important suburban railway station of Dehu Road Railway Station .,Dehu Road Railway Station is an important suburban railway station of the Pune Suburban Railway .,0
44329,"In 1887 she played the part of Giovanni Paisiello , the court composer , in the first staging of Victorien Sardou 's drama `` La Tosca '' .",In 1887 she played the role of the court composer Victorien Sardou in the first production of Giovanni Paisiello 's drama `` La Tosca '' .,0
12457,This was the last AFL Championship to end the season ; the first Super Bowl followed the 1966 season .,"This was the first AFL championship to end the season , the last Super Bowl followed in the 1966 season .",0
35822,"It is the second entry in the series , the first being `` Fast Racing League '' released on WiiWare for the Wii in 2011 .","It is the first entry in the series , the second is '' Fast Racing League `` on WiiWare published in 2011 for the Wii .",0
4288,Washington Township older than Lycoming County .,Lycoming County is older than Washington Township .,0
46079,"Prakash was the international CIO of Avaya , then the Group CIO of iSoft and later the CIO of Sage Group in the UK .","Prakash was the international CIO of Avaya , then the Sage Group Group CIO and later the CIO of iSoft in England .",0
28165,The 1921 Stanford University football team represented Stanford in the 1921 college football season .,The 1921 Stanford football team represented Stanford University at the College - Football - Season 1921 .,0
7804,The direct market is the dominant distribution- and retail network for American comic books .,The dominant market is the direct distribution and retail network for American comic books .,0
37158,"Some scientific applications of ordinary medicines are accepted in traditional medicine , but the underlying belief systems are seldom useful and have not been researched and accepted .","Some useful applications of traditional medicines have been researched and accepted within ordinary medicine , however the underlying belief systems are seldom scientific and are not accepted .",0
31733,The site chosen for Droxford was located on the opposite side of the Meon in the neighbouring Soberton on the east bank .,"The site chosen for Droxford station was on the east side of the Meon , in neighbouring Soberton on the opposite bank .",0
3795,El Elk Township is located in the 2nd Congressional District and is part of the 3rd State Legislative District of New Jersey .,Elk Township is located in the 3rd Congressional District and is part of New Jersey 's 2nd state legislative district .,0
3202,"Julio Peralta and Horacio Zeballos won the title and defeated Sergio Galdós and Luis David Martínez 6 -- 2 , 6 - 2 in the final .","Sergio Galdós and Luis David Martínez won the title and defeated Julio Peralta and Horacio Zeballos with 6 -- 2 , 6 -- 2 in the final .",0
30108,"Equinox Mountain is a city in northern Bennington County , Vermont , with its village center on the east side of Manchester .","Manchester is a town in northern Bennington County , Vermont , with its village center on the east side of Equinox Mountain .",0
48534,"These names were chosen to correspond to their rough equivalents in the international chess , not as literal translations of Japanese names .","Several of these names were chosen to correspond to their international equivalents in rough chess , and not as literal translations of the Japanese names .",0
46261,"Conchita Martínez Granados ( born 20 January 1976 in Spain ) is a former professional female tennis player from Barcelona , Spain .","Conchita Martínez Granados ( born January 20 , 1976 in Barcelona ) is a former tennis player from Spain .",0
28288,"Within a few days around 7,000 female prisoners were evacuated from Ravensbrück to Denmark and then on to Sweden .","Within a few days , around 7,000 female prisoners were evacuated from Sweden to Denmark and then to Ravensbrueck .",0
15575,"Needs are also developed according to the existential categories of being , having , doing and interacting , and from these dimensions a 36 - cells - matrix is defined .","Needs are also defined according to the existential categories of being , having , doing and interacting , and from these dimensions , a 36 cell matrix is developed",0
13096,Mead was born in Jonesboro in Poinsett County in northeastern Arkansas but lived most of his life in the nearby larger city of Trumann in Craighead County .,"Mead was born in Trumann , Poinsett County , northeast Arkansas , but lived most of his life in the nearby larger city of Jonesboro in Craighead County .",0
42918,"The constituency is situated in South Wales , on the right bank of the River Afan , near its mouth in Swansea Bay .","The constituency is located in Swansea Bay , on the right bank of the Afan River , near its mouth in South Wales .",0
37501,"As an alternative , tantric Tibetan Buddhism enables consciously to create a desire to choose the desire , rather than being created by it .","As an alternative , tantric Tibetan Buddhism allows to consciously choose a desire , to create desire , rather than being created by it .",0
18786,This settlement was part of Charlotteville where Fort Norfolk was built in 1813 with accommodation for 300 troops .,"This settlement was part of Fort Norfolk , where Charlotteville was erected in 1813 with accommodation for 300 troops .",0
41047,Xmonad is a dynamic window manager ( tiling ) for the X Window System that is written in the Haskell functional programming language .,"Xmonad is a functional window manager ( tiling ) for the X Window System , written in the Haskell dynamic programming language .",0
27729,The mine is located near Abakan in south Khakassia in Russia .,The mine is located near Abakan in the south of Russia in Khakassia .,0
38717,"In 1956 , she worked with the orchestras of Boris Simeonov and Emil Georgiev for Big Orchestra Concert Directorate conductors of which were Christo Vuchkov and Dimitar Ganev .","In 1956 , she worked with the orchestras of Christo Vuchkov and Dimitar Ganev for Big Orchestra Concert Directorate conductors , which were Boris Simeonov and Emil Georgiev .",0
15829,"This Vancouver - produced series was set in each episode in a different locale , such as in a historic music hall or a western saloon .","This Vancouver-produced series was set in a different locale in each episode , such as a western music hall or a historic saloon .",0
31402,"There are many Vithoba Temples in Maharashtra and some are in Karnataka , Tamil Nadu and Andhra Pradesh .","There are many Vithoba temples in Karnataka and some in Andhra Pradesh , Tamil Nadu and Maharashtra .",0
17996,The title track was a top five single on the Texas Music Chart in May 2013 .,The title track was a single-five top on the Texas Music chart in May 2013 .,0
42323,"Truckee is a state park of Burton Creek State Park , located in Placer County near California , USA .","Burton Creek State Park is a State Park of California , USA , in Placer County near Truckee .",0
47174,"It was published by ( Spreng . ) K.Schum and described in `` Flora Brasiliensis 6 ( 6 ) : 128 '' , 1888 .",It was described by ( Spreng . ) K. Schum and published in 1888 in `` Flora Brasiliensis 6 ( 6 ) : 128 '' .,0
1908,"The academy consists of east hall , central wing , west wing and a garden .","The academy consists of medium hall , east wing , west wing and a garden .",0
26044,Anguilla is famous for its important and ecologically spectacular coral reefs and beaches .,Anguilla is noted for its spectacular and ecologically important coral reefs and beaches .,0
15157,"The house of Ambrose Hallen , Rosyln Hall , was designed by Barker , but was demolished in 1937 .","Barker 's house , Rosyln Hall , was designed by Ambrose Hallen but was demolished in 1937 .",0
10609,"In the Gallipoli campaign , copies of the leach catapult were used , which was made by the Royal Engineers locally .","Copies of the Leach catapult , used locally by the Royal Engineers , were made in the Gallipoli Campaign .",0
25745,"Thiruvananthapuram is the first major South Indian city on the longest train route in India , from Kanyakumari to Jammu .","Jammu is the first major South Indian city on the longest train route in the India , Kanyakumari to Thiruvananthapuram .",0
35654,"On May 14 , 1885 , Machado received his title and registered in Ensenada , the capital of the Northern District of the Baja California Territory .","On May 14 , 1885 , Machado received his title and registered it in Baja California Territory , then the capital city of the Northern District of Ensenada .",0
32699,The Botfei River or Agriș River is a tributary of the Beliu River in Romania .,The Beliu River or Agri `` River is a tributary of the Botfei River in Romania .,0
38455,These environments result from the regressive deposits in a cyclic row .,These environments result from the cyclic deposits in a regressive series .,0
24465,ABC stopped airing the series after the first episode of the sixth season .,ABC stopped ventilating the series after the sixth episode of the first season .,0
26786,"In 2006 , Bozanga was appointed Chairman of the State Council by President François Bozizé .","In 2006 , François Bozizé was appointed President of the Council of State by President Bozanga .",0
32635,Brooks was dismissed in 1932 by banker Daniel B. Fleming of Ferriday in the Concordia Parish .,Brooks was unseated in 1932 by the banker Daniel B. Fleming of Concordia Parish in Ferriday .,0
8970,Shortest remaining time is short because advantageous processes are handled very quickly .,The shortest time remaining is advantageous because short processes are handled very quickly .,0
5314,The Shadrick won a by-election in Holsworthy with a majority of 66 votes after the death of Liberal Democrat councillor Pam Johns .,Independent Pam Johns won a by-election in Holsworthy with a majority of 66 votes after the death of Liberal Democrat councillor Des Shadrick .,0
12703,"Two bridges cross the river to Pental Island , to the west on Fish Point Road and to the east at Swan Hill at the Fish Point .","Two bridges cross the river to Pental Island , on Swan Hill in the west , and Fish Point Road in the Fish Point to the east .",0
24779,"His meeting with Dave Brubeck is documented in the 2011 book `` Taj-Mahal Foxtrot '' , by Naresh Fernandes .",His meeting with Naresh Fernandes is documented in the book `` Taj-Mahal Foxtrot '' by Dave Brubeck from 2011 .,0
11845,She is a specialist in West Indian landscape painting and the visual culture of British colonialism and of British slavery .,She is a specialist in British landscape painting and the visual culture of British colonialism and West Indian slavery .,0
4762,Ann is married to Ann who is with Jennifer Aull in the Greenpoint Reformed Church in Brooklyn pastors .,"Ann is married to Jennifer Aull , who works with Ann in the Greenpoint Reformed Church in Brooklyn as pastors .",0
43118,"Tectona grandis is a hardwood tree that is native to much of South and Southeast Asia , including Myanmar .","Teak , tectona grandis , is a hardwood tree native to much of Myanmar , including South and Southeast Asia .",0
16924,Santa Ana Nopalucan is a municipality in Tlaxcala in south-eastern Mexico .,Santa Ana Nopalucan is a municipality in southeastern Tlaxcala in Mexico .,0
35336,This is a list of the etymology of street names in London 's Covent Garden district .,This is a list of the etymology of street names in the district Covent Garden in London .,0
6524,"Russian speaking , he then went to the former USSR to study Igor Moiseyev style Slavic folk dance , Vaganova ballet technique and Soviet repertory .","Slavic speaking , he then went to the former USSR to study Igor Moiseyev ’ s style of Soviet folk dance , Vaganova ballet technique and Russian repertory .",0
44487,Doyle said the Pennsylvania -- Maryland Mason -- Dixon line is exact,Doyle said the Maryland -- Pennsylvania Mason -- Dixon line is exact :,0
22311,Liverpool Township is located between 20 and 30 miles west of Lake Erie and about 5 miles south of Interstate 71 .,Liverpool Township is between 20 and 30 miles south of Lake Erie and approximately five miles west of Interstate 71 .,0
45581,"The Hallets Cove Terminal is located in Astoria , between the public residential project Astoria Houses and the Socrates Sculpture Park .",The Astoria Terminal is located in the Hallets Cove between the Astoria Houses project and Socrates Sculpture Park .,0
43753,"In 1976 , a version of Wonder Girl called Wonder Woman appeared in the Drusilla TV series and was played by Debra Winger .","In 1976 , a version of Wonder Girl named Drusilla appeared in the `` Wonder Woman '' television series and was played by Debra Winger .",0
37975,Atari later improved the basic design with the `` 1040ST '' in 1986 ( also written `` STF '' ) .,Atari also improved the basic design in 1986 with the `` 1040ST '' ( later written `` STF '' ) .,0
44505,Nigali band village is situated in Krishnapur municipality of Kanchanpur district .,Nigali Band Village is located in Kanchanpur District of the Municipality of Krishnapur .,0
205,The compact device used a simplified drive mechanism for tape transport .,The simplified styled device used a compact drive mechanism for tape transport .,0
17305,"Evan Lloyd of Dolobran , son , who married Gwenhafar lloyd , daughter of Meredith Lloyd of Meivod .","Son of Dolobran , Gwenhafar , who married Evan Lloyd lloyd , daughter of Meredith Lloyd of Meivod .",0
18359,"Rostamabad ( also Romanized as Rostamābād ) is a village in Damavand County , Tehran Province , in the Jamabrud Rural District of Central District , Iran .","Rostamabad ( also romanized as Rostamābād ) is a village in Jamabrud County , in the central district of Damavand , Tehran , Iran .",0
22403,"The nearest train station is Nakamura station , the terminus of the Tosa Kuroshio railway line Nakamura , located in Shimanto .","The nearest train station is Shimanto , the terminus of the Tosa Kuroshio Railway Nakamura Line , located in Nakamura Station .",0
528,This allowed Capcom to translate the basic expressions from Lee and use them Wayne in game .,This allowed Capcom to use the basic expressions of Lee and translate them in the game to Wayne .,0
25399,"The concept of a redistributive system is at least as old as the concept of Pharaoh , which means '' royal house `` and describes the large palace .","The concept of a redistributive system is at least as old as the concept of Pharaoh , which means '' great house `` and describes the Royal Palace .",0
45393,Another category that is sometimes associated with `` inspirational fiction '' is '' soft fiction `` .,Another category that is sometimes associated with `` gentle fiction '' is `` inspirational fiction '' .,0
24419,"WORHP , also referred to as eNLP ( European NLP solver ) by ESA , is a nonlinear software library for solving continuous large scale mathematical optimization problems numerically .","WORHP , also referred to as eNLP ( European NLP Solver ) , is a mathematical software library for numerically solving continuous , nonlinear optimization problems on a large scale .",0
35782,Upernivik Island is an uninhabited island in the Qaasuitsup municipality in northwestern Greenland .,Qaasuitsup is an uninhabited island in the municipality of Upernivik Island in northwestern Greenland .,0
17357,"Examples quoted as national myths include Manifest Destiny , The Clash of Civilizations and political myths .","Examples cited as political myths include Manifest Destiny , The Clash of Civilizations , and national myths .",0
19356,The first series used fewer celebrity characters than the second series .,The second series used fewer celebrities - characters than the first series .,0
9928,"Johnson allowed the three inexperienced pilots to damage it , but they only managed to attack the bomber .","The three inexperienced pilots were allowed to attack it , but they managed only to damage the bomber .",0
42567,`` CQ Politics '' assessed this race as '' Tossup '' . `` The Cook Political Report '' considered it as '' Lean Republican `` .,`` CQ Politics '' considered this race to be '' Tossup `` . The '' Cook Political Report `` rated it as '' Lean Republican '' .,0
30935,"Most recently , Sexson lived with his wife Kerry in Bend , Oregon , and has been a baseball trainer at Summit High School in Ridgefield , Washington since 2014 .","Recently , Sexson lived with his wife Kerry in Ridgefield , Washington , and since 2014 has been a baseball trainer at the Summit High School in Bend , Oregon .",0
40033,"There are nine primary schools , 16 secondary schools and two schools for special education .","There are nine secondary schools , 16 primary and two schools for special schools .",0
48881,"Derlis Aníbal Cardozo ( born June 16 , 1981 in Pedro Juan Caballero ) is a Paraguayan defender .","Pedro Juan Caballero ( born June 16 , 1981 in Derlis Aníbal Cardozo ) is a Paraguayan football defender .",0
25569,"They featured singer Ronnie Sweetheart , bassist Roger Ericson , drummer Ronnie Magri and guitarist Danny Nordahl .","They marked singer Ronnie Sweetheart , bassist Danny Nordahl , drummer Ronnie Magri and guitarist Roger Ericson .",0
16468,"In March 1799 Captain Boyle replaced David Lloyd , and sailed `` Hyaena '' for the Mediterranean on 4 March .","In March 1799 , Captain David Lloyd replaced Boyle and sailed `` Hyaena '' on 4 March for the Mediterranean Sea .",0
23077,"Nakamura has also worked on green LEDs , and is responsible for creating the white LED and blue laser diodes used in Blu-ray Discs and HD DVDs .",Nakamura has also worked on white LEDs and is responsible for creating the blue LED and green laser diodes that are used in Blu - ray Discs and HD DVDs .,0
1737,"Formula 11 , where the intersection point runs through all normal subgroups of the finite index .","Formula 11 , where the intersection runs through all finite subgroups of normal index .",0
42764,She became the founder of the Inner Healing Movement and was author of `` The Healing Light '' .,She was the founder of the Inner Healing Movement and became the author of `` Healing Light '' .,0
2123,"He came to NK Inter Zaprešić in summer 2013 together with his teammate Haris Hajradinović from Croatian club , AS Trenčín .",He came to AS Trenčín together with his teammate Haris Hajradinović from the Croatian club NK Inter Zaprešić in the summer of 2013 .,0
27466,"Wanjiru 's cousin Joseph Riri is a world class marathon runner , and Wanjiru 's younger brother , Simon Njoroge , is also a long-distance runner .","Wanjiru 's cousin Simon Njoroge is a world-class marathon runner , and Wanjiru 's younger brother Joseph Riri is also a long-distance runner .",0
35492,"More recently , the band has combined extra life aspects of early music with the modern genre of mathematics rock .","More recently , the band has combined Extra Life aspects of modern music with the early genre of math - rocks .",0
26483,"Madison was platted out and sold in 1810 , and the first lots were laid in 1811 by John Paul .","In 1810 , Madison was laid and relocated , and the first lots were sold by John Paul in 1811 .",0
30116,"It features the dominant seventh against the blue chord , which in the key of C would be B and G -- B -- D .","It characterizes the dominant seventh against the blue chord , which would be in the key of C B and G - B - D .",0
36653,"The valley itself is made rocky by the river , while the surroundings is lush and green desert .","The valley itself is made lush and green by the river , while the surrounding area is rocky desert .",0
14512,The He County government is located in the town of Liyang .,The government of the town of Liyang is located in He County .,0
17429,"Sasse Lake is a lake in Le Sueur County , in the U.S. state of Minnesota .","Le Sueur County is a lake in Sasse Lake , in the US state of Minnesota .",0
6186,The previous record was 185 by the St. Louis Cardinals when in 1985 they lost to the Kansas City Royals .,The previous record was 185 by the Kansas City Royals when they lost to the St. Louis Cardinals in 1985 .,0
32437,"Adults mainly feed on leaves of the species '' Corylus avellana `` , '' Quercus '' and `` Crataegus '' , while larvae may feed in leaf litter .","Adults possibly feed on leaves of `` Corylus avellana '' , `` Quercus '' and `` Crataegus '' species , while larvae mainly feed in leaf litter .",0
1849,Another publication in 2008 directly compared the sequences of a second isolate of BiMoV from Taiwan to the sequence of SCSV from Florida .,Another publication in 2008 directly compared the sequences of a second isolate from BiMoV from Florida with the sequence of SCSV in Taiwan .,0
32133,He moved to Illinois and settled in Ottawa in 1891 .,He moved to Ottawa in 1891 and settled down in Illinois .,0
27824,The tournament requires an import or a pure-foreign player for each team .,The tournament requires an import or player for each team .,0
31799,"The design of this European porcelain has been made by Wagener according to the Japanese taste many , with white and blue flowers .",The design of this Japanese porcelain has made Wagener white and blue according to European taste with many flowers .,0
6595,"On 29 September , 2001 , Deutsche Bahn opened a new underground tunnel to the new Filderstadt station .","On 29 September 2001 , Deutsche Bahn opened a new tunnel to the new Filderstadt U-Bahn ( underground ) station .",0
47289,"The sixth studio album was released on February 24 , 2010 in Japan , on March 2 , Canada , in Europe on March 3 , and on April 6 in North America .","Kalmah 's sixth studio album was released in Europe on 24 February 2010 , Japan on 2 March , North America on 3 March and Canada on 6 April .",0
23774,"Walker was born in Chicago Heights , Illinois , in 1967 . He attended Bloom High School in Glenwood , Illinois .","Born in 1967 in Glenwood , Illinois , he attended the Bloom High School in Chicago Heights , Illinois .",0
9051,"The musicians on the 7th March recording session included Larry Knechtel , drums ; Hal Blaine , guitar ; Don Randi , bass ; and Al Casey , piano .","Hal Blaine ( drums ) , Al Casey ( guitar ) , Larry Knechtel ( bass ) and Don Randi ( piano ) were among the musicians of the recording session on 7 March .",0
10005,"The three inexperienced pilots were allowed to damage it , but they managed only to attack the bomber .","Johnson allowed the three inexperienced pilots to attack it , but they only managed to damage the bomber .",0
29007,"The terrain was excavated in 1992 and 1993 by David Hally of the University of Georgia and Patrick Garrow of the Shorter University in Rome , Georgia .","The site was excavated in 1992 and 1993 by Patrick Garrow of the University of Georgia and David Hally of the Shorter University in Rome , Georgia .",0
34331,It is 21 kilometres north-west of Bururi by road and 12.6 kilometres southeast of Vyanda and south of Muyuga .,"By road it is located 21 kilometres southeast of Bururi and 12.6 kilometres northwest of Vyanda , and south of Muyuga .",0
27553,"The origins of the blues are also closely linked to the religious music of the afro-American community , the spirituals .","The origins of the blues are also closely related to the American music of the Afro-religious community , the 'spirituals ' .",0
45958,Karinizhal is an Indian Malayalam film produced by JD Thottan and directed by Kovai Ramaswamy in 1971 .,"Karinizhal is an Indian Malayalam film , directed by JD Thottan in 1971 and produced by Kovai Ramaswamy .",0
33039,"In addition to the static array used in design , SystemVerilog offers dynamic arrays , associative arrays and queues :","SystemVerilog also offers static arrays , dynamic arrays and queues in addition to the associative array used in the design .",0
41720,Principal photography took place in additional installments between July 2016 and October 2016 with small pick-up days in December 2016 and January 2017 .,Principal - Photography took place between July 2016 and October 2016 in small installments with additional collection dates in December 2016 and January 2017 .,0
41332,"In 2001 , Derick Pumaren averaged 27.6 points in 10 games for the Tanduay Rhum Masters under coach Thomas in the Philippine Basketball Association .","In 2001 , Thomas averaged 27.6 points in 10 games for the Tanduay Rhum Masters under trainer Derick Pumaren in the Philippine Basketball Association .",0
15835,"When she rejected the ultimatum , she was sentenced and excommunicated by a church court in June 1952 .","When she rejected the ultimatum , she was excommunicated by a Church court and tried in June 1952 .",0
5884,"Robert Maass was born in East Orange , New Jersey , to German immigrants Hedwig and Clara Maass .","Clara Maass was born in East Orange , New Jersey , to Hedwig and Robert Maass , German immigrants .",0
17797,"A new drummer , Heyden Wilson , joined the band for recording this album , as did a second guitarist , Dave Traves .","A new drummer , Dave Traves , joined the band for recording this album , as did a second guitarist Heyden Wilson .",0
23687,"Võhma is a village in Lääneranna Parish , Pärnu County , in western Estonia .","Võhma is a village in the Lääneranna parish , Estonia , in western Pärnu County .",0
45934,"In 2015 , it was named as part of the Philharmonie de Paris Philharmonie 2 , when a larger symphony room was built by Jean Nouvel and renamed to Philharmonie 1 .","In 2015 it was renamed Philharmonie 2 as part of the Philharmonie de Paris , when a larger Symphony Hall was built by Jean Nouvel and Philharmonic 1 was named .",0
36910,"Lucas is represented by Sadie Coles HQ , London , Barbara Gladstone , New York , and Contemporary Fine Arts , Berlin ( CFA ) .","is represented by Sadie Coles HQ , London , Barbara Gladstone , New York , and Contemporary Fine Arts , Berlin ( CFA ) .",0
16030,"He married Lady Florence Jane Taylour , the daughter of Amelia Thompson , 3rd Marquess of Headfort and Thomas Taylour , on 5 August 1875 .","He married Lady Florence Jane Taylour , daughter of Thomas Taylour , 3rd Marquess of Headfort and Amelia Thompson , on August 5 , 1875 .",0
48165,`` Ketteiteki Sanpunkan '' was written by Chiaki Kuriyama specifically in mind with Sheena .,`` Ketteiteki Sanpunkan '' was written by Sheena specifically with Chiaki Kuriyama in mind .,0
47415,"Moses Hart ( November 26 , 1768 -- October 15 , 1852 ) was a Canadian businessman and seigneur , the eldest son of Aaron Hart .","Aaron Hart ( November 26 , 1768 - October 15 , 1852 ) was a Canadian businessman and seigneur , eldest son of Moses Hart .",0
14668,"Scatarie Island is an island in the Canadian province of Nova Scotia , located off the coast of Baleine , Cape Breton Island .","Cape Breton Island is an island located in the Canadian province of Nova Scotia , off the coast of Baleine , Scatarie Island .",0
39259,"He was born in Athens , Greece , and grew up in New York City , and then North Grafton , Massachusetts .","Born in New York City , he grew up in Athens , Greece , and then in North Grafton , Massachusetts .",0
35096,The Jiul de Vest river is a tributary of the River De La Hagher in Romania .,The De La Hagher River is a tributary of the Jiul de Vest River in Romania,0
6516,"In 2001 he founded in Zagreb , Croatia , the publishing house and the graphic workshop `` Petikat '' , most recently he worked on animation films at the Zagreb film .","In 2001 in Zagreb , Croatia he founded the publishing house and animated workshop `` Petikat '' . Most recently he worked on graphic films at Zagreb Film .",0
12366,"In `` Infiltrated '' , Barodius Gill and Airzel commands Dan from Marucho and Shun to separate .","In `` Infiltrated '' , Barodius orders Gill and Airzel to separate Dan from Marucho and Shun .",0
37120,"While Martin became lawyer and politician , James operated a successful sawmill near Monticello .","While James became a lawyer and politician , Martin operated a successful sawmill near Monticello .",0
24166,"All songs were written by Ritchie Blackmore , except `` Tragovi '' by Nenad Jovanović ( music ) and Dragan Urošević ( texts ) .","All songs were written by Dragan Urošević , except `` Tragovi '' by Ritchie Blackmore ( music ) and Nenad Jovanović ( lyrics ) .",0
5438,"Cheetham , born on 30 January 1928 in Taos , New Mexico , grew up in El Paso , Texas , and received B.S .","Born in El Paso , Texas , January 30 , 1928 , Cheetham grew up in Taos , New Mexico , received B.S .",0
1836,Ovarian diseases can be classified as reproductive disorders or as a disorders of the endocrine system .,Ovarian diseases can be classified as endocrine disorders or as disturbances of the reproductive system .,0
1661,"He formed a beautiful library and kept it open to scholars , wrote to himself and supported writers .","He formed a fine library and kept it open to scholars , supported himself and wrote writers .",0
44591,"In many problems , it is more convenient to work with D and the total charges than with E and the free charge .",In case of many problems it is more convenient to work with D and the free charges than with E and the total charge .,0
14391,Tables of vibrational transitions of stable and transient molecules are also available .,Tables of stable and transient transitions of vibration molecules are also available .,0
13475,The 1966 Cleveland Browns season was the 17th season of the team with the National Football League .,The season 1966 National Football League was the 17th season of the Cleveland Browns team .,0
48546,He moved to New France in 1685 and lived for some time in Quebec .,Around 1685 he moved to Québec and lived for some time in New - France .,0
30871,"All songs were written by Ritchie Blackmore , except `` Tragovi '' by Nenad Jovanović ( music ) and Dragan Urošević ( lyrics ) .","All songs were written by Dragan Urošević , except for `` Tragovi '' by Ritchie Blackmore ( music ) and Nenad Jovanović ( texts ) .",0
25105,"Kalliyankattu Neeli is a 1979 Indian Malayalam horror film , produced by M. Krishnan Nair and directed by M Mani .",Kalliyankattu Neeli of 1979 is an Indian Malayalam - horror film directed by M. Krishnan Nair and produced by M Mani .,0
47861,The reservoirs that form the chain are from the north-west to the southeast : Little Swinburne Reservoir → Hallington Reservoirs → Catcleugh Reservoir → Colt Crag Reservoir → Whittle Dene .,The reservoirs that form the chain are from the northwest to the southeast : Catcleugh Reservoir → Colt Crag Reservoir → Little Swinburne Reservoir → Hallington Reservoirs → Whittle Dene .,0
43534,"Dan McGugin did not play in Bob Blake 's first year of 1904 , but resumed game on the 1905 team .","Bob Blake did not play in the first year of Dan McGugin in 1904 , but resumed play on the 1905 team .",0
34654,The ship visited Okinawa during the second week in September and then spent the rest of the month at Guam in the Marianas .,The ship visited Guam during the second September week and spent the rest of the month in Okinawa in the Marianas .,0
32876,"In the 1980s , the NUM successfully campaigned for the end of the job reservation system , a system that ensured that the best-paid jobs were given to whites .","NUM campaigned successfully in the 1980s for the end of the job reservation system , a system which ensured that the best-allocated jobs were paid to whites .",0
36479,"It is the third highest village in Europe , after Trepalle in Italy and Juf in Switzerland .",After trepales in Switzerland and Juf in Italy it is the third highest village in Europe .,0
41868,"Kublai built schools for Chinese scholars , spent paper money , revived Confucian rituals , and supported policies that stimulated agricultural and commercial growth .","Kublai built schools for Confucian scholars , issued paper money , revived Chinese rituals , and endorsed policies that stimulated agricultural and commercial growth .",0
27531,"Here is a list of schools in Harford County , Maryland . Both public schools and independent schools are included , but parochial schools are not listed .","Here is a list of schools in Harford County , Maryland.There are listed both public schools and parish schools , but independent schools are not included .",0
35288,"But instead of returning to heaven , Annie decided to join Chris in hell forever .","But instead of returning to Heaven , Chris chooses to join Annie forever in Hell .",0
22626,"Mundla Chand is a village in the Bhopal district of Madhya Pradesh , India . It is located in Berasia tehsil .","Mundla Chand is a village in the Berasia district of Madhya Pradesh , India . It is located in Bhopal tehsil .",0
5072,"The Athelas Sinfonietta Copenhagen is a Copenhagen-based , modern chamber ensemble specializing in the performance of Danish compositions .",The Athelas Sinfonietta Copenhagen is a Copenhagen-based Danish chamber ensemble specializing in the performance of modern compositions .,0
23184,"On 16 January 2009 , Hollins was traded with DeSagana Diop to Dallas Mavericks , in exchange for Matt Carroll .","On 16 January 2009 , Hollins was traded with Matt Carroll in exchange for DeSagana Diop for the Dallas Mavericks .",0
23373,"The path was opened in stages , with the most recent section ( from Wellsboro to north of Ansonia ) being completed in 2007 .",The trail opened in stages with the most recent section ( from Ansonia to just north of Wellsboro ) being completed in 2007 .,0
42643,"To accumulate gold , a country always had to sell more goods abroad than it bought .","In order to sell gold , a country abroad had to accumulate more goods than it bought .",0
33986,"The Hunters is a 2011 French crime horror thriller film directed by Antoine Huet . The film was produced by Chris Briant ,","The Hunters film is a French crime - horror - thriller - film from 2011 by Chris Briant , produced by Antoine Huet ,",0
38899,"In 1828 , Yeoman 's Laetitia Snyder of Albany married , with whom he had two daughters and three sons .","In 1828 , Layitia Snyder married Yeomans of Albany , with whom he had two daughters and three sons .",0
27232,"Rowden was widowed , and in 1825 he married and St. Quentin .","Rowden was widowed , and in 1825 he and St Quentin married .",0
37855,"The party began as a resistance movement that fought for East Timor 's independence between 1974 and 1998 , first of Indonesia and then of Portugal .","The party began as a resistance movement that fought for East Timor ’ s independence between 1974 and 1998 , first from Portugal and then from Indonesia .",0
42066,"The third segment was built in 1929 , and the second segment through Peters Corners was completed in 1930 .","The second segment was built in 1929 , the third segment was completed by Peters Corners in 1930 .",0
34008,"Tynion followed the series with an additional horror comic for Thrillbent , The House In The Wall , co-written by Noah J. Yuenkel and drawn by Eryk Donovan .","Tynion followed the series with an additional horror comic book for Thrillbent , The House In The Wall , drawn by Noah J. Yuenkel and Eryk Donovan .",0
33462,"Caspar David Friedrich was born on September 5 , 1774 in Germany , on the Baltic coast of Greifswald , Sweden , Pomerania .","Caspar David Friedrich was born on 5 September 1774 , in Greifswald , Swedish Pomerania , on the Baltic coast of Germany .",0
6090,The Wenlock Modern School was opened in 1953 on the site of the famous Olympic Games and later renamed William Brookes School .,The Wenlock Modern School was opened in 1953 on the site of the famous Olympic Games and later renamed William Brookes School .,0
370,"On October 1 , 1974 , Streisand and Columbia Records released ButterFly as their sixteenth studio album , months after `` The Way We Were '' .","Streisand and Columbia Records distributed `` ButterFly '' on October 1 , 1974 as their sixteenth studio album total , months after `` The Way We Were '' released .",0
28470,"The names `` googol '' and `` googolplex '' were invented by Edward Kasner 's nephew , Milton Sirotta , and introduced in Kasner and Newman 's 1940 book ,",The names '' Googol `` and '' Googolplex `` were invented by Newman 's nephew Milton Sirotta and introduced to the book of Kasner and Edward Kasner in 1940 .,0
19164,The Bozeman Yellowstone International Airport is located on the outskirts of Gallatin Speedway northeast of Belgrade on Tubb Road .,The Gallatin Speedway is located on the outskirts of Belgrade northeast of Bozeman Yellowstone International Airport in Tubb Road .,0
15130,"`` Live : Legend 1999 / 1997 Apocalypse '' was released on 16th August 2014 with an official trailer on September 11 , 2014 .","`` Live : Legend 1999 / 1997 Apocalypse '' was released on August 16 , 2014 with an official trailer announced on September 11 , 2014 .",0
9849,The river Lotriorul is a tributary of the River Priporul in Romania .,The Priporul River is a tributary of the Lotriorul River in Romania .,0
10178,The 2nd BCT of the 28th Infantry Division focused in Ramadi on protecting the main roads and controlling the governor and the government center .,The 2nd BCT of the 28th Infantry Division focused in Ramadi on controlling the main roads and protecting the governor and government center .,0
41362,"Vancouver had also 4.9 , Calgary had 5.6 , Winnipeg had 5.6 , Toronto had 7.9 , Montreal had 11.2 and Sarnia had 12.7 had .","Vancouver had also 4.9 , Calgary had 5.6 , Winnipeg had 5.6 , Montreal had 7.9 , Toronto had 11.2 and Sarnia had 12.7 had .",0
18326,"The reconstruction projects were officially approved by the parliament , so the navy `` Prince Eugen '' and her sister ships were routinely rebuilt .","Reconstruction projects were routinely approved by the parliament , so the navy officially `` rebuilt `` Prinz Eugen '' and her sister ships .",0
47044,The symphonic seal of Siegmund von Hausegger is full of Wagner .,The symphonic poetry of Siegmund von Hausegger is full of Wagner .,0
48241,"The grammar school also serves students from four other sending communities : Alpha , Bloomsbury ( in the Hunterdon County ) , Greenwich Township and the Lopatcong Township .","The High School also serves students from four other postings - communities : Alpha , Bloomsbury ( in Greenwich Township and Lopatcong Township ) , Hunterdon County .",0
6259,The Bârzava River is a tributary of the River Gorova in Romania .,The River Gorova is a tributary of the Bârzava River in Romania .,0
41014,Miguel Ángel Virasoro ( born 1940 in Italy ) is an Argentine physicist who has done the most work in Argentina .,Miguel Ángel Virasoro ( * 1940 in Argentina ) is an Argentine physicist who has done most of his work in Italy .,0
40195,"Cooper left Australia in 1854 and returned to London , where he , a confirmed bachelor , lived until his death at the age of ninety .","In 1854 he left London and returned to Australia , where he lived until his death at the age of 90 , a confirmed bachelor .",0
6477,Hamira later on drove out Badna and built a fort here .,"Later on , Hamira Badna drove out and built a fortress here .",0
44273,Bostaph left the band due to an elbow injury and was replaced by former member Lombardo .,Lombardo left the band for an elbow injury and was replaced by former member Bostaph .,0
1291,"Although the ruins were investigated by Samuel Alejandro Lafone Quevedo in 1888 , they were first discovered in 1897 by the archaeologist Juan Bautista Ambrosetti .","Although the ruins were discovered by Samuel Alejandro Lafone Quevedo in 1888 , they were first investigated in 1897 by the archaeologist Juan Bautista Ambrosetti .",0
10622,"In contrast to predictive factor theory , specific components of therapy have shown a common power here .","Here , in contrast to the common factor theory , specific components of the therapy have shown predictive power .",0
38935,"When Warren L. Wheaton donated his farmland to the college later that year , Blanchard renamed the school after him and it became known as Wheaton College .","Later that year , when Blanchard donated his farmland to the college , Warren L. Wheaton named the school after him and was known as Wheaton College .",0
33272,He met with a group of the most influential musical directors of Boston to discuss a school based on Europe 's conservatories .,He met with a group of Europe 's most influential musical leaders to discuss a school based on the conservatories of Boston .,0
9269,The 1962 Cleveland Browns season was the team 's 13th season with the National Football League .,The 1962 National Football League season was the 13th season of the team with the Cleveland Browns .,0
39619,"The website originally served the market of Atlanta , and expanded to Arizona , San Diego , and Las Vegas in the fall of 2006 .","The website originally serves the market of Arizona , San Diego and Las Vegas and expanded to Atlanta in the autumn of 2006 .",0
38729,Sir Herbert was re-elected at the new seat in Croydon East and returned in 1951 .,Sir Herbert was returned to the new seat of Croydon East and was re-elected in 1951 .,0
45683,"The announcer was David David , and Carl Fenton conducted the orchestra .",Carl Fenton was the announcer and David Ross conducted the orchestra .,0
35303,`` A. frondiculus '' is the only member of the genus which is not found in the western Red Sea or in the Indian Ocean .,`` A. frondiculus '' is the only member of the genus that is not present in the western Indian Ocean or the Red Sea .,0
39345,He left Sweden for Poland with Sigismund and Princess Anna after the Battle of Stångebro .,He left Poland with Sigismund and Princess Anna after the battle of Stångebro to Sweden .,0
10524,The episode was written by Stephen Sandoval and managed by Ken Keeler .,The episode was written by Ken Keeler and directed by Stephen Sandoval .,0
30993,"Coxeter defines other groups with anti-unitary constructions , for instance these three : the first was discovered and drawn by Peter McMullen in 1966 .","Coxeter defines with other constructions anti-unitary groups , eg these three : the first was discovered and drawn by Peter McMullen in 1966 .",0
18570,"In Franklin Township , it 's in DeKalb County and in Steuben County it is in Otsego Township .","It is in Otsego Township in Steuben County , and in DeKalb County it is in Franklin Township .",0
1476,"Maredudd married Margaret ferch Dafydd , the daughter of Dafydd Fychan , Lord of Anglesey , and his wife , Nest ferch Ieuan .","Maredudd married Margaret Ferch Dafydd , Ieuan 's daughter , Lord of Anglesey , and his wife Nest ferch Dafydd Fychan .",0
32823,Scott Templeton is an unscrupulous and ambitious young reporter played by Tom McCarthy .,Tom McCarthy is an unscrupulous and ambitious young reporter . Templeton is played by Scott Templeton .,0
47822,"The Fixer Uppers is a short film from 1935 with Laurel and Hardy , produced by Charles Rogers and directed by Hal Roach .","The Fixer Uppers is a 1935 short film starring Laurel and Hardy , directed by Charles Rogers and produced by Hal Roach .",0
4857,The Măleia River is a tributary of the River Jiul de Est in Romania .,The river Jiul de Est is a tributary of the River Măleia in Romania .,0
31916,Indentured people were numerically important mostly in the region from Virginia north to New Jersey .,Many people in the region from New Jersey north to Virginia were mostly numerically important .,0
44459,"She was born on January 30 , 1912 as the Jewish daughter of banker Maurice Wertheim and his first wife , Alma Morgenthau .",She was born on 30 January 1912 as the first daughter of banker Maurice Wertheim and his Jewish wife Alma Morgenthau .,0
9549,"With his wife , Jean , daughter of Sir Duncan Campbell , Baronet , and Jean Stewart , their children were :","By his wife , Jean , daughter of Sir Jean Stewart , Baronet and Duncan Campbell , their children were :",0
32936,"On November 28 , 1917 , Lloyd took over the command of the 6th Field Artillery - Brigade and on 7 February 1918 the 12th Field - Artillerie - Brigade .","Lloyd took over command of the 12th Field Artillery Brigade on 28 November , 1917 and then the 6th Field Artillery Brigade on 7 February , 1918 .",0
35518,"In October 1989 , Langland performed in the same theatre `` Nuts ( Homage to Freud ) '' .","In October 1989 , Freud performed in the same theatre `` Nuts ( Homage to Langland ) '' .",0
28338,He appeared on the CW in `` The Secret Circle '' and played in the Hallmark - series '' When Calls the Heart `` .,He starred in `` The Secret Circle '' on The CW and appeared in the Hallmark series `` When Calls the Heart '' .,0
46293,Spencer is about ten miles from downtown Midwest City and borders the city of Nicoma Park to the east and the city of Oklahoma City to the south .,Spencer is approximately ten miles from downtown Oklahoma City and borders the City of Nicoma Park to the east and the City of Midwest City to the south .,0
27417,The postwar immigrants founded the Belarusian Congress Committee of America here in 1951 .,"In 1951 , the Belarusian immigrants founded the Congress Committee of America .",0
46309,"Zhu Ci continued to serve under Zhu Xicai , and it was said that because they shared the same family name , Zhu Xicai greatly trusted him .","Zhu Xicai continued to serve under Zhu Xicai , and it was said that because they shared the same family name , Zhu Ci trusted him greatly .",0
26941,Carter played the role of Ryan Little in Corey 's film `` House of Fears '' of 2007 .,Corey played the part of Carter in Ryan Little 's 2007 film `` House of Fears '' .,0
36372,"In 1998 , Rituparna Sengupta and Indrani Halder for the film shared the National Film Award as Best Actress , Ghosh won the National Film Award as Best Screenplay .","In 1998 , Rituparna Sengupta and Indrani Halder won the National Film Award for the film as the Best Actress , Ghosh shared the National Film Award for the Best Screenplay .",0
46131,"Obrovac is a town in northern Dalmatia , in the county of Zadar in Croatia .","Obrovac is a town in northern Dalmatia , in Croatia of the County of Zadar .",0
28442,"In 1974 , Lyn Collins recorded the song , producing Brown .","In 1974 Brown recorded the song , with Lyn Collins producing .",0
3216,Today the railheads for Alma Township Wellsville are friendship .,Today the railheads for Wellsville Alma are township and friendship .,0
12543,"Shortly after his son , Santha , was drowned in a swimming pool under mysterious circumstances , Jagath died of heart attack on April 11 , 1981 .",Santha died on 11 April 1981 from a heart attack shortly after his son Jagath drowned under mysterious circumstances in a swimming pool .,0
36086,"This manuscript was presented to Nicephorus Glykas by Eduard Reuss , Bishop of Imbro .","The manuscript was presented to Eduard Reuss , the bishop of Imbro , Nicephorus Glykas .",0
12257,"Guillermo Vilas won in the final 4 -- 6 , 6 -- 3 , 6 -- 1 , 7 -- 6 against Vitas Gerulaitis .","Vitas Gerulaitis won 4 -- 6 , 6 -- 3 , 6 -- 1 , 7 -- 6 against Guillermo Vilas in the finals .",0
26679,"The final easily won Peter Snell , but Odložil managed to get silver before John Davies .","John Davies easily won the final , but Odložil managed to get silver ahead of Peter Snell .",0
42317,"The Aube has 365 historical monuments , 144 of which are classified and 221 are registered .","The Aube has 365 historical monuments , 144 of which are registered and 221 are classified .",0
6562,"James James and his brother were born in Alfreton , Derbyshire , John .","John and James brother were born in Alfreton , Derbyshire .",0
43112,"As with the Army , the Navy has a single-track system , where officers from other Navy communities transfer over to Foreign Area Officer permanently .","As with the navy , the army has a single-track system where officers from other naval communities permanently transfer to the Foreign Area Officer .",0
48813,"Sir Charles Walston , from 1918 Sir Charles Waldstein ( March 30 , 1856 -- March 21 , 1927 ) was an Anglo-American archaeologist .","Sir Charles Waldstein , Sir Charles Walston ( born 1918 ) ( March 30 , 1856 - March 21 , 1927 ) was an Anglo-American archaeologist .",0
27947,"This article incorporates information translated from the article ( `` Usuki-shi '' ) in the Japanese Wikipedia , retrieved before September 28 , 2011 .","This article contains information from the article ( `` Usuki-shi '' ) in Japanese Wikipedia , translated before the 28 September 2011 .",0
34454,"Alexandre Sidorenko defeated Nick Lindahl ( 6 -- 3 , 7 -- 6 ) in the final .","In the final , Nick Lindahl defeated Alexandre Sidorenko ( 6 - 3 , 7 - 6 ) .",0
37739,"The Zagreb recordings , made at the Kulušić club , were announced by the rock critic Dražen Vrdoljak and featured Theodore Yanni on guest guitar .",Zagreb recordings announced at the Kulušić club were made by the rock critic Dražen Vrdoljak and provided by Theodore Yanni on the guest guitar .,0
38933,Both Iran and Saudi Arabia rejected the use of force as a solution to regional problems and opposed the invasion of Kuwait by Iraq .,"Both Iran and Saudi Arabia rejected the use of force as a solution to regional problems , rejecting the invasion of Kuwait by Iraq .",0
33120,"Callery is located in the southwestern corner of the Adams Township in northwest Butler County , at ( 40.739587 , -80.037211 ) .","Callery is located in the northwestern corner of Adams Township in southwestern Butler County ( 40.739587 , -80.037211 ) .",0
32606,"Its ancient cult sanctuary of Aphrodite was the second most important in Cyprus , her homeland , after Paphos .","After Cyprus , its ancient cult sanctuary of Aphrodite was the second most important in Paphos , her homeland .",0
22778,The basketball team of Idaho State Bengal - Men 2014 -- 15 represented Idaho State University during the 2014 Basketball season -- 15 NCAA Division I men .,The 2014 -- 15 Idaho State University men 's basketball team represented Idaho State Bengals during the 2014 -- 15 NCAA Division I men 's basketball season .,0
12607,He served as the General Counsel for both the Panama Railroad Company and later the Isthmian Canal Commission .,He served as the General Counsel of the Isthmian Canal Commission and later the Panama Railroad Company .,0
18156,"Leudesius and Theuderich III fled to Baizieux with the royal treasure , where Ebroin overtook them and murdered Leudesius .","Leudesius and Theuderic III fled with the royal treasure to Baizieux , where Leudesius overtook them and had Ebroin murdered .",0
12581,"Disney received ownership rights to the thirteen DreamWorks films it distributed , in compensation for outstanding loans as DreamWorks was restructured into Amblin Partners .","Disney distributed property rights to the thirteen DreamWorks films it received as compensation for outstanding loans , while DreamWorks was restructured in Amblin Partners .",0
33011,"The album includes Diana Hubbard , musical contributions from Chick Corea , Stanley Clarke , John Goodsall , Michael Boddicker and Patrick Moraz .","In addition to Michael Boddicker , and Patrick Moraz , the album includes musical contributions from Diana Hubbard , John Goodsall , Chick Corea , Stanley Clarke .",0
40955,"The club was founded in 1952 and started in 1996 . After four years , it was disestablished again in 2000 .","The club was founded in 1952 and started in 1996 , after four years it was disbanded in 2000 .",0
36656,Irregular menstruation is a menstrual disorder whose manifestations include irregular cycle lengths as well as metrorrhagia ( vaginal bleeding between expected periods ) .,Irregular menstruation is a vaginal disorder whose manifestations contain menstrual cycle lengths as well as metrorragia ( irregular bleeding between expected periods ) .,0
36964,"In the American Football League for Washington Redskins and the National Football League for the Los Angeles Chargers , a former American football defensive ended .",2017 ) was a former American football defensive end in the National Football League for the Washington Redskins and in the American Football League for the Los Angeles Chargers .,0
30164,"For example , the spin case allows only one magnetic dipole , but for spin - 1 particles also magnetic quadrupoles and electrical dipoles are possible .","For example , the spin case also allows a magnetic dipole , but for spin 1 particles electric quadrupoles and magnetic dipoles are only possible .",0
10838,"On April 17 at Lockdown , Morgan defeated Hernandez in a steel cage match to win the feud .","On April 17 , Morgan defeated Match in a steel cage with Lockdown Hernandez to win the Feud .",0
44258,He met with a group of the most influential musical directors of Boston to discuss a school based on Europe 's conservatories .,He met with a group of Europe 's most influential musicians to discuss a school based on the Conservatories of Boston .,0
8750,"In a solid state , it appears as a white powder , but when heated it forms a liquid crystal .","In a liquid state it appears as white powder , but when it is heated , it forms a solid crystal .",0
48230,"Branksome is a suburb of Poole in Dorset , England . The area consists of commercial and industrial properties and also a number of residential areas .","Branksome is a suburb of Poole in Dorset , England . The area consists of residential properties and also a number of industrial and commercial areas .",0
12548,"It is based on Ealing in Ealing Broadway near Uxbridge Road station , London , the same address as Transworld .","It is based on Uxbridge Road in Ealing , close to Ealing Broadway Station , London , the same address as Transworld .",0
19439,"It was released in 1991 by Island Records , produced by Steve Beresford , Andy Metcalfe and Philip Oakey and published by Universal Music by Spectrum Label in 1999 .","It was published in 1991 by Island Records , produced by Steve Beresford , Andy Metcalfe and Philip Oakey and published by Universal Music Spectr in 1999 .",0
17003,The lyrics were written by the Lebanese singer Majida El Roumi and music was rearranged by Kadim Al Sahir .,The texts were rearranged by the Lebanese singer Majida El Roumi and music by Kadim Al Sahir was written .,0
36815,The decision to use clear contemporary clothing called Houseman `` an essential element in Orson ’ s conception of the play as a political melodrama with modern parallels '' .,Houseman called the decision to use modern dress `` an essential element in Orson 's conception of the play as a political melodrama with clear contemporary parallels . '',0
37026,"She arrived at Cork on 24 June , and was in the Downs on 8 July .",She was in Cork on June 24 and arrived on 8 July in the downs .,0
13382,The Bijapur District was part of the Presidency of Bombay under the British Raj .,Bombay Presidency was part of the Bijapur county under the British Raj .,0
7631,The Sterminos River is a tributary of the River Voievodu in Romania .,The river Voievodu is a tributary of the River Sterminos in Romania .,0
17993,"She moved to Switzerland when she was a few months old , mostly to France , but grew up in Paris .","She moved to Switzerland when she was a few months old , then to France , but mostly grew up in Paris .",0
6384,The river Valea Turcului is a tributary of the Azuga River in Romania .,The Azuga River is a tributary of the River Valea Turcului in Romania .,0
9404,"Smith , born in Giddings , Texas , began his career in the Black baseball - equivalent of small leagues with the Austin Black Senators in Austin , Texas .","Born in Austin , Texas , Smith began his career in black baseball 's equivalent of the minor leagues with the Austin Black Senators in Giddings , Texas .",0
43376,It was published in the United States on 31 August 2004 and in the United Kingdom on 17 October 2005 .,"It was published in the United Kingdom on August 31 , 2004 and in the United States on October 17 , 2005 .",0
19013,"The band is currently led by Pipe Major David Hilder and Drum Sergeant Gary Corkin , along with support from Pipe Sergeant Shaunna Hilder and Pipe Corporal Gary Nimmo .","The band is currently led by Pipe Major Gary Nimmo and Drum Sergeant Shaunna Hilder , together with support of Pipe Sergeant Gary Corkin and Pipe Corporal David Hilder .",0
21638,"Moraes spent eight years in Britain , London , and Oxford , New York City , Hong Kong , Delhi , and Bombay , now Mumbai .","Eight years in the United Kingdom , in Mumbai , Moraes now spent London and Oxford , New York City , Hong Kong , Delhi , and Bombay .",0
22147,"In August 1927 , Mao finished his marriage with Yang and began a relationship with He Zizhen in early 1928 .","In August 1927 , Yang ended his marriage with Mao and , in early 1928 , he began a relationship with He Zizhen .",0
7850,"A Broadway - Revival 2001 was staged by Joe Mantello and performed Jennifer Ehle as Otto , Alan Cumming as Gilda and Dominic West as Leo .","A 2001 Broadway revival was directed by Joe Mantello and starred Alan Cumming as Otto , Jennifer Ehle as Gilda and Dominic West as Leo .",0
2494,"The meanings of these words do not always correspond to Germanic relatives , and occasionally the specific meaning of the list is unique in English .","The meanings of these words do not always correspond to specific cognates , and occasionally the Germanic meaning in the list is unique to English .",0
25331,Lake Sammamish enters the Issaquah Creek park .,Issaquah Creek enters the Sammamish lake in the park .,0
13748,Keenan played as a 197 cm ruckman and was a solid marker of the ball as well as having a good drop punt .,Keenan played as 197 cm Ruckman and was a good marker of the ball as well as a solid drop - punt .,0
3577,"He was born April 23 , 1979 in Guayaquil -- Ecuador , under the sign of Taurus , the last of five children .","He was born on April 23 , 1979 in Ecuador -- Guayaquil , under the sign of the Taurus , the last of five children .",0
8411,This was a limited release -- only 300 red vinyl and 200 black vinyl copies were put out .,This was a limited release -- only 300 black vinyl and 200 red vinyl copies were printed out .,0
39781,"Major competitors of Tata Steel include ArcelorMittal , Essar Steel , Jindal Steel and Power , JSW Steel , SAIL and VISA Steel .","Major competitors of VISA Steel include ArcelorMittal , Essar Steel , Jindal Steel and Power , Tata Steel , SAIL and JSW Steel .",0
23002,Baxter Aviation operated services between Vancouver Harbour Water Aerodrome and Vancouver International Water Airport for Nanaimo Harbour Water Aerodrome .,Baxter Aviation operated services between Vancouver Harbour Water Aerodrome and Nanaimo Harbour Water Aerodrome to Vancouver International Water Airport .,0
47734,"James the Fat would never return to his native Scotland , he would remain in Ireland until his death , his widowed mother and sister remained in Scotland .","James the Fat would never return to his native Scotland , he remained in exile until his death in Scotland , his widowed mother and sister remained in Ireland .",0
40325,The soundtrack of Bhalobaslei Ghor Bandha Jay Na was led by Ali Akram Shuvo and composed by Sheikh Sadi Khan .,The soundtrack of Bhalobaslei Ghor Bandha Jay Na was composed by Ali Akram Shuvo and directed by Sheikh Sadi Khan .,0
42318,"Litwin wrote a story about and a song for the cat , and the two began a partnership , although the collaboration between Dean and Litwin ended in 2012 .","Dean wrote a story and a song for the cat , and the two began a partnership , although the collaboration between Litwin and Litwin ended in 2012 .",0
3972,Büyükorhan is a town and district of Bursa Province in the Marmara region of Turkey .,Büyükorhan is a town and a district of Turkey in the Marmara region of the province of Bursa .,0
16650,Albania is a town and municipality in the department of Santander in northeastern Colombia .,Santander department is a town and municipality in Albania in northeastern Colombia .,0
33274,"This settlement was part of Charlotteville , where Fort Norfolk was built in 1813 with a seat for 300 troops .","This settlement was part of Fort Norfolk , where Charlotteville was erected in 1813 with accommodation for 300 troops .",0
38769,For his role as DeWees in `` Mud Season '' Jerry Jerry won Best Actor at the Los Angeles Method Festival Film Festival .,DeWees won Best Actor at the Los Angeles Method Fest Film Festival for his role as Jerry in `` Mud Season '' .,0
40348,"During the Victorian era , specific flowers had different meanings . Love-lies-bleeding stood for hopeless love or hopelessness in the Victorian language of flowers .","During the Victorian era , Victorian flowers had different meanings : love - bleeding stood for hopeless love or hopelessness in the specific language of the flowers .",0
12953,"They beat Berkshire 21 -- 15 , then Buckinghamshire 21 -- 32 and Oxfordshire 0 -- 36 , before losing against Gloucestershire in the quarter-finals 58 -- 10 .","They defeated Berkshire 21 -- 15 , then Oxfordshire 21 -- 32 and Buckinghamshire 0 -- 36 , before losing to Gloucestershire in the quarter-finals 58 -- 10 .",0
13678,The 1981 Purdue University football team represented Purdue Boilermakers during the football season of the Big Ten conference in 1981 .,The Purdue Boilermakers football team from 1981 represented Purdue University during the Big Ten Conference 's football season in 1981 .,0
19928,"She married Eero on June 10 , 1939 and had two children : Susan Saarinen , born in 1942 , and Eric Saarinen , born in 1945 .","She married Eero on June 10 , 1939 and she had two children : Eric Saarinen , born in 1942 , and Susan Saarinen , born 1945 .",0
6844,"In Australia , Narara Valley High School in New South Wales and Nossal High School in Victoria taught the course in their 2012 school year .","In New South Wales , Narara Valley High School in Australia and Nossal High School in Victoria , the course was taught in their 2012 school year .",0
47751,was introduced first by Bharathiraja in the film `` Alaigal Oivathillai '' .,First Bharathiraja was presented by Karthik in the film `` Alaigal Oivathillai '' .,0
12174,"The championship took place in 1999 in Austria , in 2003 in Germany , in Kawasaki , Japan in 2007 and in Italy in 2011 .","The championship took place in 1999 in Italy , in 2003 in Germany , in Kawasaki , Japan in 2007 and in Austria in 2011 .",0
48228,"was born on November 17 , 1845 in Tacubaya ( today Morelia , Michoacán ) and died on 9 February 1919 in Valladolid .","Parra was born on 17 November 1845 in Valladolid ( nowadays Morelia , Michoacán ) and died on 9 February 1919 in Tacubaya .",0
33723,Indonesian President Suharto visited Indonesia in October 1977 . Syrian Prime Minister Mahmoud Zubei visited Syria in June 1997 and Syrian Prime Minister Naji Ottri in January 2009 .,"Indonesia ’ s President Suharto visited Indonesia in October 1977 . In January 2009 , Syrian Prime Minister Mahmoud Zubei visited Syria and Syrian Prime Minister Naji Ottri in June 1997 .",0
42291,The historical fallacy is a logical fallacy that was described in `` The Psychological Review '' by the philosopher John Dewey in 1896 .,The logical fallacy is a historical fallacy described in 1896 by the philosopher John Dewey in `` The Psychological Review '' .,0
13849,The word nanosecond is formed by the prefix `` nano '' and the base is a second second time unit or a sixtieth of a second .,The word nanosecond is formed by the prefix `` nano '' and the second is a basic unit of time or one sixtieth of the second .,0
49107,"Mirambeau is situated on Via Turonensis , the ancient pilgrimage route from Santiago de Compostela to Paris via Tours .","Mirambeau is situated on the Via Turonensis , the ancient pilgrimage route from Paris to Santiago de Compostela via Tours .",0
26264,The Muereasca River is a tributary of the River Pălăoaia in Romania .,The river Pălăoaia is a tributary of the River Muereasca in Romania .,0
22076,The Bega River is a tributary of the Fădimac in Romania .,The river Fădimac is a tributary of the Bega River in Romania .,0
49255,Fritz August Hoenig ( 1848 -- 1902 ) was a German military writer and officer .,Fritz August Hoenig ( 1848 -- 1902 ) was a military officer and a German writer .,0
22804,Winner - Effects were shown when established dominant chicks were placed in a study by Drummond against inexperienced chicks .,Winners - Effects were shown when established non-experienced chicks were placed in a study by drummond against dominant chicks .,0
44046,"Born in 1794 in Alpheton , Suffolk , Thomas Clark joined William Debenham in a partnership to lead a draper 's store at Wigmore Street 44 in London .","William Debenham , born in Alpheton , Suffolk in 1794 , joined Thomas Clark in a partnership to lead a draper 's store at Wigmore Street 44 in London .",0
4644,"28.4 % were Polish , 25.0 % German , 20.0 % Irish , 13.2 % Slovak , 8.5 % English and 7.7 % of Italian ancestors .","28.4 % were of Italian , 25.0 % German , 20.0 % Irish , 13.2 % Slovak , 8.5 % English , and 7.7 % Polish ancestries .",0
25398,"Note that k is a vector consisting of three real numbers with dimensions of inverse length , while pis a vector of operators ; to be explicit ,","It is necessary to note that k is a vector consisting of three inverse numbers with dimensions of real length , while pis a vector of operators ;",0
5863,"Midzi defeated ZANU-PF candidate Amos Midzi in the March 2002 mayoral election by a large margin , receiving 262,275 votes against 56,796 votes for Mudzuri .","Mudzuri defeated ZANU-PF - candidate Amos Midzi in the mayoral election in March 2002 by a large margin and received 262,275 votes against 56,796 votes for Midzi .",0
9235,"Renzo Furlan won 6 -- 3 , 6 -- 4 against Thomas Johansson in the finals .","Thomas Johansson won in the final 6 -- 3 , 6 -- 4 against Renzo Furlan .",0
43034,She married Antonio Bourque and lived in Moncton first before returning to the Villa Providence in Shediac .,She married Antonio Bourque and first lived in Shediac before retiring to the Villa Providence in Moncton .,0
5146,"Lennox Island 6 is located in Fernwood , Prince Edward Island , approximately west of the municipality of Bedeque .","Lennox Island 6 is located in Fernwood , Bedeque , approximately west of the community of Prince Edward Island .",0
11163,"He died on 16 August 1850 in Clarkstown ( now New City ) , New York City .","He died on 16 August 1850 in New City ( now Clarkstown ) , New York City .",0
11571,The son of the geologist and mineralogist Emma Brosy and the Swiss bearer George Escher was born .,Escher was born as the son of the geologist and mineralogist Berend George Escher and the Swiss Emma Brosy .,0
48003,The southern area contains the Tara mountains and the northern area consists of open plains along the coast and the actual city .,The northern territory contains the Tara mountains and the southern area consists of open plains along the coast and the actual city .,0
1864,"He was a member of the general council of Jura for the canton of Beaufort , then municipal councilor in 1877 .","He was a member of the Jura Municipal Council for the Canton of Beaufort , then General Council in 1877 .",0
29306,"It also adds to the personality of the character Audrey Hepburn , played by Holly Golightly .","It also adds to the personality of the character Holly Golightly , played by Audrey Heppurn .",0
4297,"The spokesman first was Thomas Bain , and later James David Edgar .","The spokesman first was James David Edgar , and later Thomas Bain .",0
20780,"The astors settled in North America , appearing for the first time in the 18th century in Germany with John Jacob Astor , one of the richest people in history .","The astors settled in Germany and first appeared in the 18th century in North America with John Jacob Astor , one of the richest people in history .",0
20118,The Progressive Teacher Jürgen Reichen ( Swiss Education ) established this method `` Writing to read '' 1982 .,The Swiss teacher Jürgen Reichen ( progressive education ) founded this `` writing to read '' method 1982 .,0
44872,"Kraddick proposed a challenge -- to drive from Philadelphia to Texas , playing shows along the way .","Kraddick proposed a challenge to drive from Texas to Philadelphia , playing shows on the way .",0
1948,"The sixth edition was broadcast from April 17 to April 21 , 2006 ; the fifth edition aired February 25 to March 2 , 2007 .","The fifth edition was broadcast from April 17 to April 21 , 2006 , the sixth edition from February 25 to March 2 , 2007 .",0
42990,"In 2006 , Bozanga was appointed by President François Bozizé the chairman of the Council of State .","In 2006 , François Bozizé was appointed by President Bozanga as Chairman of the Council of State .",0
40299,"The combination of warm surface waters and cold , deeper waters supports a high biodiversity .","The combination of cold surface waters and warm , deeper waters supports a high degree of biodiversity .",0
7807,In 1973 it was added by the Toronto Historical Board to the inventory of the Ontario Heritage Trust of the historical buildings .,"In 1973 , it was added by the Ontario Heritage Trust to the inventory of the historical buildings of the Toronto Historical Board .",0
25176,"Lowther died in 1872 and because he had no legitimate heirs , the Lowther Estates were handed over to his nephew William .",William died in 1872 and because he had no legitimate heirs the Lowther Estates were passed to his nephew Henry Lowther .,0
35494,"Webster , Old Orchard , Webster Park , Tuxedo Park , and Selma merged in 1896 to develop public services and implement a unified city government .","In 1896 , Webster , Old Orchard , Webster Park , Tuxedo Park and Selma merged in 1876 in order to develop public services and to implement a unified city government .",0
17039,"Alicia , together with Alberto Cortina , has three sons :",Together with Alicia Alberto Cortina has three sons .,0
34021,"Macedonian Turks speak the Turkish language , and second Albanian in the west and Macedonian in the east .","The Turkish Turks speak the Macedonian language and , secondly , Albanian in the west and Macedonian to the east .",0
3489,"In Ngapoi Ngawang Jigme , `` Ngapoi '' was , for example , his family name and `` Nga - Wang Jigmê '' his personal name .","For example , in Ngapoi , `` Ngapoi Ngawang Jigme '' was his family name and `` Nga-Wang Jigmê '' his personal name .",0
2229,"Ambeshetgaon is a village in the Palghar district of Maharashtra , India . It is located in the Talasari taluka .","Ambeshetgaon is a village in the Talasari district of Maharashtra , India . It is located in Palghar Taluka .",0
6959,"In 2016 , Naver 's Webtoon service entered the Chinese market as XOY and Dongman Manhua in the Japanese market .","In 2016 , Naver 's Webtoon service has entered the Japanese market as XOY and when Dongman Manhua joined the Chinese market .",0
5970,"After Hoffman gave him the money , Kuklinski told him that the deal was a ruse .","After Kuklinski gave him the money , Hoffman told him that the deal was a trick .",0
36136,"In second place was Gaughan with 9,264 votes ( 34,5 % ) and Calvaneso with 1,362 votes ( 4.9 % ) third .","In third place was Gaughan with 9,264 votes ( 34.5 % ) , and Calvaneso with 1,362 votes ( 4.9 % ) the second place .",0
5346,Zhu Huan 's army experienced great success initially and destroyed all of Cao Ren 's armies in the field .,Cao Ren 's army initially experienced a great success and destroyed all Zhu Huan 's armies in the field .,0
13914,"On September 29 , 1849 , Queen Victoria of Gloucester traveled by train to Swindon .","On 29 September 1849 , Queen Victoria travelled from Swindon by train to Gloucester ,",0
31164,"Daniela Castro ( born Daniela Castro Arellano on 17 August 1966 in Mexico City , Mexico ) is a Mexican Irish actress and singer .","Daniela Castro Arellano ( born August 17 , 1966 in Mexico City , Mexico as Daniela Castro ) is an Irish Mexican actress and singer .",0
963,"Prahlad Kakar grew up in Pakistan , and his father was an army colonel in Mumbai .",Prahlad Kakar grew up in Mumbai and his father was an army colonel based in Pakistan .,0
9854,"Saraiya is a village in India and village in Bharatpur Rajasthan Gorakhpur , Uttar Pradesh .","Saraiya is a village in Gorakhpur , Uttar Pradesh , and a village in Bharatpur rajasthan India .",0
16064,"On 22 December 2015 , the successor rocket , the Falcon 9 , successfully brought its first stage on its twentieth flight for the first time .","The successor rocket , the Falcon 9 , landed its first stage successfully on land for the twentieth time on its first flight , on December 22 , 2015 .",0
12978,"Humbert knows , Lolita has no living relatives and immediately realizes that something is very wrong .",Lolita knows Humbert has no living relatives and immediately realizes something is very wrong .,0
30762,"In April 1944 , Cozen was promoted to Lieutenant-General and was later appointed Assistant Chief General Ronald Scobie .","In April 1944 , Cozen 's Lieutenant-General was appointed and was later promoted to Assistant Chief General Ronald Scobie .",0
607,"A multi-region - DVD of the entire series was published by Warner Archive on 4 February 2015 and announced on February 10 , 2015 .","A multi region - DVD of the entire series was announced by Warner Archive on 4 February 2015 and released on February 10 , 2015 .",0
41037,"They lost 50-25 to Zimbabwe during the competition , 84-16 to Tanzania , 58-24 to South Africa .","They lost 50-25 to Tanzania during the competition , 84-16 to South Africa and 58-24 to Zimbabwe .",0
37707,"In 1975 , he was appointed Australia 's first Consul General in Papua New Guinea .",In 1975 he was appointed the first General Consul Papua - New Guinea in Australia .,0
46583,"The game was launched on May 16 , when the Steam Greenlight campaign was announced .","The game was announced on May 16 , when the Steam Greenlight campaign was launched .",0
12092,"From 2009 , the Rotten Tomatoes site had given the film a rating of 90 % with 19 `` rotten '' and 2 `` fresh '' reviews .","Since 2009 , the Rotten Tomatoes site had given the film a rating of 90 % with 19 `` fresh '' and 2 `` rotten '' reviews .",0
3251,Later Beth switched off the machine and Robbie is shocked but understanding .,Later Robbie switched the machine off and Beth is shocked but understanding .,0
34027,Emphasis is placed on the serving of meals of moderate quality at high cost .,Emphasis is placed on serving meals of high quality at moderate cost. ``,0
614,Kayalar is a village connected to the Tirebolu district of the province of Giresun .,Kayalar is a village connected to the Giresun district of the province of Tirebolu .,0
47560,"Is a short book published by Virginia Cary Hudson , first in 1962 with illustrations by Karla Kuskin .","Is a short book by Karla Kuskin , first published in 1962 , with illustrations by Virginia Cary Hudson .",0
569,"In the first film the Fat Lady is played by Elizabeth Spriggs , and by Dawn French in the third film .","In the third film , the fat lady of Elizabeth Spriggs and Dawn French is played in the first film .",0
2457,These modern forms are now dominant in modern Western archery ; traditional bows are in a minority .,"These traditional forms are now dominant in modern archery , modern western arches are in a minority .",0
34045,The 16th century chronicler Firishta states that this army was ordered to reach Warangal via Bengal .,The chronicler Firishta from the 16th century states that this army was ordered to reach Bengal via Warangal .,0
48275,"The cast list indicates a date of first performance after Tooley joined the company in the Spring of 1619 , and before Taylor 's death in June 1623 .",The casting list indicates a first performance date after Taylor joined the company in the spring of 1619 and before the death of Tooley in June 1623 .,0
17816,"The ending is happy , see the historical article for the main details of Lipizzaner .",The ending is happy ; see the Lipizzaner main article for the historical details .,0
23724,"He is also skilled in singing numerous semi-classical forms like Bhajans , Ghazals , Nazrulgeeti and other regional songs as well .","He is also well singing in other regional forms such as Bhajans , Ghazals , Nazrulgeeti and numerous semi-classical songs .",0
46145,"Stella was born in Kano State , Northern Nigeria in the family of Felix Ebelechukwu and Margaret Modebelu , descents of Nnewi in Anambra State .","Stella was born in Nnewi Northern Nigeria into the family of Felix Ebelechukwu and Margaret Modebelu , descents of Anambra State in Kano State .",0
30410,"I was there , and there he went : here and there to my sorrow I find him .","There I went forth , and there was he : here and there I find him to my sorrow .",0
48653,A second Cheetah was built in 1962 and third in 1963 .,A second chest was built in 1962 and third in 1963 .,0
12271,Ian Weatherhead lived in Somerset many years before moving to Cheltenham .,Ian Weatherhead lived many years in Cheltenham before moving to Somerset .,0
35245,"In February 2011 , Cenveo Corporation sold its Envelope Products Business including the Columbian Brand Envelope to MeadWestvaco 's Quality Park Envelope Products Group .","In February 2011 , MeadWestvaco sold its Envelope Products business , including the Columbian Brand Envelope , to the Quality Park Envelope Products Group of Cenveo Corporation .",0
13338,San Pedro Springs Park is located in the city of San Antonio in the Bexar County in the state of Texas .,San Pedro Springs Park is located in the town of Bexar County San Antonio in the U.S. state of Texas .,0
15104,Sometimes already allocated codes were reused or the previously spared x00 codes were assigned .,Sometimes already assigned codes were reused or the x00 codes assigned previously were spared .,0
33131,Its natural habitats are subtropical or tropical wet lowland forests and plantations .,Its subtropical or tropical moist habitats are natural lowland forests and plantations .,0
22759,An electrical load is an active component or portion of a circuit that consumes ( electric ) electrical power .,An electric load is an electrical component or part of a circuit that consumes ( active ) electrical power .,0
31561,The decision to use modern clothing was called Houseman as an essential element in Orson 's conception of the play as a political melodrama with clear contemporary parallels .,Houseman called the decision to use clear contemporary dress `` an essential element in Orson 's conception of the play as a political melodrama with modern parallels '' .,0
49129,The problem of testing whether a given polynomial over a polynomial field is a permutation polynomial can be solved in finite time .,The problem of testing whether a given polynomial is a permutation polynomial through a finite field can be resolved in polynomial time .,0
15412,"The Model United Nations club participates in intellectual discussions and academic forums throughout the Boston area , and has won several chapter awards",The Club The Model United Nations participates in academic discussions and intellectual forums throughout Boston and has won several chapters - awards .,0
29594,"Nicky Romero ( born January 6 , 1989 ) , professionally known as Nick Rotteveel , is a Dutch DJ , record producer , musician and remixer .","Nick Rotteveel ( born 6 January 1989 ) , professionally known as Nicky Romero , is a Dutch DJ , record producer , musician and remixer .",0
29062,There are professional Barbershop Harmony Society and amateur groups who sing exclusively a cappella .,There are amateur Barbershop Harmony Society and professional groups that sing a cappella exclusively .,0
7452,"( EL - Successor Conrail sold the old main route , Utica , Chenango , and Susquehanna Valley through Cassville to New York , Susquehanna , and Western Railway in 1982 . )","( EL - Successor Conrail sold the old New York main route through Utica , Chenango , and Susquehanna Valley in 1982 to Cassville , Susquehanna , and Western Railway . )",0
36329,The 1916 Middle Tennessee Blue Raiders football team represented Middle Tennessee State University during the College Football season 1916 . The Blue Raiders team - captain was Cass Miles .,"The 1916 , Middle Tennessee State University football team represented the Middle Tennessee Blue Raiders during the 1916 college football season . The Blue Raiders team captain was Cass Miles .",0
1424,"However , species such as '' T. eurycephalus '' had a lower rostrum and a shorter skull .",Species such as `` T. eurycephalus '' however had a shorter rostrum and a deeper skull .,0
30312,"Malek Jaziri won the title and beat Mischa Zverev 4 -- 6 , 6 -- 3 , 6 -- 3 in the final .","Mischa Zverev won the title and beat Malek Jaziri 4 -- 6 , 6 -- 3 , 6 -- 3 in the final .",0
14293,"Through the 2017 season , the Cornell Big Red have won 649 games , lost 529 games , and tied 33 regular season games .","Throughout the 2017 season , the Cornell Big Red have won 649 games , 529 games bound and 33 regular season games lost .",0
3671,I 've created Francis Bacon figures in a Sidney Nolan landscape with stunts inspired by Jean Cocteau .,"I created Sidney Nolan figures in a Francis Bacon landscape , with stunts inspired by Jean Cocteau .",0
44558,Richmond Walter Sullivan is Richmond 's friend and financial supporter and the owner of the villa into which Luther has broken .,Walter Sullivan is Richmond 's friend and financial supporter and the owner of the mansion Luther has broken into .,0
44218,The logical topology defines how nodes in a network communicate across its physical topology .,The physical topology defines how nodes in a network communicate over its logical topology .,0
41239,"Lottia emydia is a species of sea snail , a true limpet , a true gastropod mollusk in the Lottiidae family , one of the families of the Marine limpets .","Lottia emydia is a species of the sea snail , a true limpet , a marine gastropod mollusk in the Lottiidae family , one of the families of the true limpets .",0
616,"The Croatian variant is played counter-clockwise , while in Montenegro the order is used clockwise .","The Croatian variant is played clockwise , while in Montenegro the order is used counter-clockwise .",0
27357,Mateare is a municipality in the Nicaragua department of Managua .,Mateare is a municipality in the Managua department of Nicaragua .,0
23032,"Liberty Township borders Clinton County to the northeast , Marion Township to the southeast , Howard Township to the southwest , and Curtin Township to the West .","Curtin Township is limited by Liberty Township to the northeast , Marion Township to the southeast , Clinton County to the southwest and Howard Township to the West .",0
12577,Brown played for Cum Posey 's Grays from 1932 to 1945 .,Cum Posey played from 1932 to 1945 for Brown 's Grays .,0
35266,"After May 4 , 2012 , Gordon M. Snow was replaced by Michael S. Welch and then Joseph M. Demarest with a limited formal announcement .","After May 4 , 2012 , Gordon M. Snow was replaced by Joseph M. Demarest and then Michael S. Welch with limited formal announcement .",0
5450,"Secondly , all metabotropic receptors , coupled to G , are proteins that control the production of adrenergic chemical messengers .","All adrenergic receptors are metabotropic , coupled to G proteins that control the production of second messengers .",0
39855,"Károli started his school in Nagykároly , graduated in Brassó , went to the Wittenberg Academy in 1556 and ordered the Synod of Gönc in 1566 .","Károli started his school in Brassó and closed in Nagykároly , in 1556 he went to the Wittenberg Academy , in 1566 he ordered the Synod of Gönc .",0
36249,"In May 1955 , a new Balkan Express was started from Vienna via Graz and Belgrade ( excluding Bulgaria ) to Athens and Istanbul .",In May 1955 a new Balkan Express was launched from Bulgaria via Vienna ( avoiding Graz and Belgrade ) to Athens and Istanbul .,0
32514,"`` Eric was a very good friend and confidante of Thomas Joseph Mboya '' , said 3rd Kenyan President Mwai Kibaki during the funeral of Khasakhala .","`` Thomas Joseph Mboya was a very good friend and confidante of Eric '' , words of 3rd Kenyan President Mwai Kibaki during the funeral of Khazakhala .",0
28478,"He was soon joined in the woodwind section by Jack Brymer ( clarinet ) , Gwydion Brooke ( bassoon ) and Terence MacDonagh ( oboe ) .","He was soon in the woodwind - section of Terence MacDonagh ( clarinet ) , Jack Brymer ( bassoon ) and Gwydion Brooke ( oboe ) .",0
27697,"It was launched on July 28 , 1941 and completed in August .",She was completed on 28 July 1941 and launched in August .,0
16487,"Fixing can often change the value of a financial instrument , and can be difficult to encode in the software models used to price such instruments .",Fixing can often change the value of a financial instrument and can be difficult to assess in the software models used to encode such instruments .,0
24787,"Under the direction of George D. Widener , the current 16th Street Clubhouse was built by the architect Horace Trumbauer .",The current 16th Street Clubhouse was constructed under the leadership of Horace Trumbauer by architect George D. Widener .,0
36535,"The fully completed action plan , published on 3 March 2006 , is being placed directly in the hands of other ministers by ministerial members of the task force .","The fully completed action plan , published on 3 March 2006 , is placed directly in the hands of ministers by other members of the task force .",0
5693,"From September 1966 to June 1967 , Cozarinsky visited Europe and made a visit to New York City on his return to Buenos Aires .","From September 1966 to June 1967 , Cozarinsky visited New York City to visit Buenos Aires on his return to Europe .",0
31327,"The Liberal Party retained John Olsen as leader , partly because his main rival Dean Brown lost his seat to Independent Liberal Stan Evans .","The Liberal Party retained John Olsen as the leader , partly because his main competitor , Stan Evans , lost his seat to Independent Liberal Dean Brown .",0
9877,"Key operations include key generation algorithms , public key exchange agreements and key cryptography standards .","Key operations include key generation algorithms , key exchange agreements , and cryptography standards with a public key .",0
46161,"The RJD won 206 seats , while the NDA 22 seats won .",NDA won 206 seats while RJD won 22 seats .,0
39239,"It is a village in the Berasia district of Madhya Pradesh , India It is located in Bhopal `` tehsil '' .","Khukaria is a village in the Bhopal district of Madhya Pradesh , India . It is located in the Berasia `` tehsil '' .",0
31438,"`` Always and Forever '' , written by Alan Durant and illustrated by Debi Gliori , was nominated for the Kate Greenaway Medal in 2003 .","`` Always and Forever '' , written by Debi Gliori and illustrated by Alan Durant , was shortlisted for the Kate Greenaway Medal in 2003 .",0
8342,"He did not practice from 1970-74 , but continued to perform .","From 1970-74 , he did not perform , but continued to practice .",0
39919,"The first newspaper was published in the state in 1781 , and the weekly `` Vermont Gazette '' .","The weekly was published in 1781 in the state , the first `` Vermont Gazette '' .",0
32200,A new directive was adopted by the Council in July 2008 and approved by the European Parliament in October 2008 .,"In July 2008 , a new directive was adopted by the European Parliament and adopted by the Council in October 2008 .",0
28444,He lives with his wife Mabel and their children Noah and Lucy together .,He lives in Noah and Mabel with his wife Lucy and their children .,0
17677,"Under the direction of George D. Widener , the current 16th Street Clubhouse was built by the architect Horace Trumbauer .",The current 16th Street Clubhouse was built under the direction of Horace Trumbauer by the architect George D. Widener .,0
12535,"Mahayana Buddhism was far more successful in China than its rival Hinayana , and both Indian schools and local Chinese sects arose from the 5th century .","Mahayana Buddhism was far more successful in China than its rival Hinayana , and both local Chinese schools and Indian sects emerged in the 5th century .",0
47758,"The term Siyin , however , is local and Sizang is official terminology .","The term Siyin is official , however , and Sizang is local terminology",0
18491,"On Monday , Louis Philippe visited the individual exhibits , as Napoleon had done .","Napoleon visited the individual exhibits on Mondays , as Louis Philippe had done .",0
21404,"He followed his guru and moved to Siddaganga , where he lived for some time in one of the caves of the Siddgang hills and then came to Gubbi .","He followed his guru and came to Siddaganga , for some time lived in one of the caves of the Siddganga hill and then moved to Gubbi .",0
7242,This is a list of the etymology of street names in Covent Garden district of London .,This is a list of the etymology of road names in the Covent Garden district of London .,0
10922,"Aztec . Was followed by the third film in the trilogy , `` own Revenge '' .","This was followed by the third film in the trilogy , `` Aztec Revenge '' .",0
14217,"Mary Joe Fernández defeated Amy Frazier 3 -- 6 , 6 -- 2 , 6 -- 3","Mary Frazier defeated Mary Joe Fernández with 3 -- 6 , 6 -- 2 , 6 -- 3 .",0
41404,Local farmers preferred to market products in Liverpool and avoid the sludge of the lower salina .,Local farmers preferred to market products in Salina and avoid the mud of lower Liverpool .,0
34448,"He also illustrated numerous children 's books and won five times the Levstik - Prize for his illustrations , 1958 , 1962 , 1967 , 1974 and 1975 .","He also won numerous children 's books and illustrated five times the Levstik Award for his illustrations , in 1958 , 1962 , 1967 , 1974 and 1975 .",0
4818,Forward Patrick Marleau was replaced by defender Rob Blake as team captain .,Forward Rob Blake was replaced as team captain by defenseman Patrick Marleau .,0
36568,"Container glass has lower magnesium oxide and sodium oxide content than flat glass and a higher content of silica , calcium oxide and aluminium oxide .","Container glass has a higher content of magnesium oxide and sodium oxide as flat glass and a lower content of silica , calcium oxide and aluminum oxide .",0
42882,"Willie Francis worked in England in the late 1970s , and lived in Canada for a number of years before returning to Jamaica .","In the late 1970s , Willie Francis lived in Canada and worked in Jamaica for several years before returning to England .",0
40331,The river Jiul de Vest is a tributary of the Furu River in Romania .,The river Furu is a tributary of the Jiul de Vest river in Romania .,0
6179,"Ambassador William Sullivan and his successor , G. McMurtrie Godley , however , continued to oversee the air strikes in Laos .","However , Ambassador G. McMurtrie Godley , and his successor , William Sullivan , continued to oversee air strikes in Laos .",0
47032,"For a horizontal edge , we want to interpolate in vertical direction , using only the column centered on the pixel .","For a vertical edge , we want to interpolate in a horizontal direction , using only the column centered at the pixel .",0
48097,"The central part of the Nescopeck Creek watershed , south of the northernmost line of hills , including the mouth of Black Creek , is also in this range .","The northernmost part of the Black Creek watershed , south of the central hill line , including the mouth of Nescopeck Creek , is also in this area .",0
15550,"John Franklin Armstrong was born on 14 November 1819 at Lincoln County , Tennessee , the son of William Armstrong and Mary W. I. Monroe .",William William Armstrong was born on 14 November 1819 in Lincoln County ( Tennessee ) as son of John Franklin Armstrong and Mary W. I. Monroe .,0
9432,"According to the Iranian state news agency PressTV , a survey by The Doha Debates showed that 55 % of Syrian respondents did not want Assad to resign .","According to the Syrian state news agency PressTV , a survey by The Doha Debates showed that 55 % of Iranian respondents did not want Assad to resign .",0
34197,"The journey begins from Mumbai to Kolhapur , Sindhudurg via Goa , Ajanta Ellora Caves , Nashik and back .","The journey starts from Mumbai to Goa via Nashik , Ajanta Ellora Caves , Kolhapur , Sindhudurg and back again .",0
29092,The leaves are typically 1.5-4 mm wide and 0.2-0.7 mm long .,The leaves are generally 1.5-4 mm long and 0.2-0.7 mm wide .,0
18721,"Janković was the third seed at Wimbledon , but in the fourth round he lost finalist Marion Bartoli to the surprise .","At Wimbledon Janković was the fourth seed , but in the third round lost to the surprise finalist Marion Bartoli .",0
16202,It followed MacPaint and was a competitor to SuperPaint from Silicon Beach Software .,It was MacPaint and followed a competitor to SuperPaint by Silicon Beach Software .,0
5843,"Because DFAs can be reduced to `` canonical form '' ( efficient DFAs ) , there are also minimal algorithms to determine :","Because DFAs can be reduced to a `` canonical form '' ( minimal DFAs ) , there are also efficient algorithms to determine :",0
16931,The song was written and composed by Gilles Thibaut .,The song was composed and written by Gilles Thibaut .,0
3096,It is followed by a path from Hub Industrial Area to North Karachi and from Nazimabad and Orangi Town .,It is a pathway from Hub Industrial Area to Orangi Town and followed by Nazimabad and North Karachi .,0
15233,"John Lambert studied composition with Oliver Knussen between 1963 and 1969 , and also received encouragement from Britten .",Oliver Knussen studied composition with John Lambert between 1963 and 1969 and also received inspiration from Britten .,0
8516,There were also several animatronic characters created ... a giant goose ( Galaga ) and an animatronic head for the doll 's cernos .,Several animatronic characters were also created ... a puppeteered goose ( Galaga ) and an animatronic head for the giant Cernos .,0
15880,"Afterwards , Terrell Kim attacked backstage during an interview .","Afterwards , Terrell attacked Kim backstage during an interview .",0
32485,"In 2007 , Harte temporarily took over the role of Dr. Nathaniel Marston for Michael McBain at ABC - Soap `` One Life to Live '' .",Harte temporarily took over the role of Dr. Michael McBain for Nathaniel Marston on the ABC soap `` One Life to Live '' in 2007 .,0
12141,"David J. Spurlock was born on November 18 , 1959 in Dallas , Texas and moved to Memphis , Tennessee in 1973 .","J. David Spurlock was born on November 18 , 1959 in Memphis , Tennessee . He moved to Dallas , Texas in 1973 .",0
6863,"The rivalry between Tanahashi and Tanahashi culminated on September 29 in a Lumberjack - Deathmatch in Destruction , where Devitt victorious .","The rivalry between Devitt and Tanahashi culminated on September 29 in a Lumberjack deathmatch at Destruction , where Tanahashi was winning .",0
37548,"In the summer of 1956 , Frank Lovejoy took over the role of Mike Barnett until the end of the series that same year .","In the summer of 1956 , Mike Barnett took over the role of Frank Lovejoy until the end of the series in that same year .",0
40662,The Hlynur is by its nature harmless but defensive .,"Hlynur is by nature defensive , but harmless .",0
2859,"In the late 1970s , Willie Francis worked in England and lived in Canada for a number of years before returning to Jamaica .","Willie Francis lived in Canada in the late 1970s , and worked in Jamaica for a number of years before returning to England .",0
10547,The Sitna River is a tributary of the Urechioiu River in Romania .,The River Urechioiu is a tributary of the Sitna River in Romania .,0
30143,"With Esmeralda 's help , a frozen Quasimodo announced Mavis 's true nature during Johnny'celebration where the Fly translated his frozen language .","A frozen quasimodo announced with Esmeralda 's help Johnny 's true nature during the celebration of Mavis , where the fly translated his frozen language .",0
22401,"In December 1995 , Xylogics was taken over by Nortel , which was in turn acquired by Bay Networks in June 1998 .","In December 1995 , Xylogics was acquired by Bay Networks , which was in turn taken over by Nortel in June 1998 .",0
42634,"His father was Bedowra Begum , was a railway officer , and his mother was Hosen Ahmen Chowdhury .","His father was Bedowra Begum , was a railway officer , and his mother was trouser Ahmen Chowdhury .",0
3845,"Without being a great attacker , Garzelli was very constant and , on a good day , he could go with the best climbers .",Garzelli was very good without being a permanent attacker and could go on a great day with the best climbers .,0
36330,The other link is a Fochriw Cwm Bargoed and Mountain Road .,The other link is a Fochriw to Cwm Bargoed and Mountain Road .,0
16962,"Then in June 2005 came Auzentech , which with its X-Mystique PCI card , provided the first consumer sound card with Dolby Digital Live support .","In June 2005 Auzentech , which provided the X - Mystique Consumer sound card with Dolby Digital Live with its first PCI card , came then .",0
38753,John Knox also designed the Doric column for the statue of Hamilton ( 1825 ) in the Glasgow necropolis ( see Glasgow 's statues ) .,Hamilton also designed the Doric column for the statue of John Knox ( 1825 ) in the Glasgow Necropolis ( see Glasgow 's public statues ) .,0
38431,The PidariAmman Temple in Vavvaneri is located nearer to the hamlet . The same idol is PidariAmman with a small MariAmman idol placed in the main chamber .,"The PidariAmman Temple in Vavvaneri is located closer to the hamlet , the main idol is PidariAmman with a small MariAmman idol placed in the same chamber .",0
29414,"Roy Elwood Cohn was born on March 3 , 1922 in San Jose , Costa Rica to Clemencia Montealegre Carazo and Felicia Cohn Montealegre .","Felicia Cohn Montealegre was born on March 3 , 1922 in San Jose , Costa Rica as Clemencia Montealegre Carazo and Roy Elwood Cohn .",0
19950,"While prostitution is illegal in Canada , most activities related to prostitution are legal .","While prostitution in Canada is legal , most activities relating to prostitution are illegal .",0
19568,"In 235 BC , after an attack on the state of Zhao , troops united from the states of Qin and Chu Wei attacked , but suffered a defeat .","In 235 BC , after an attack on the state of Zhao , united troops from the states of Qin and Wei to attack Chu , they suffered a defeat .",0
10268,Condon said that she wanted Suzanne to give a Valentine 's Day card .,Suzanne said she wanted to give Condon a Valentine 's Day card .,0
28946,"In 2000 , Tandy Corporation officially became the RadioShack Corporation .","In 2000 , the RadioShack Corporation became officially the Tandy Corporation .",0
48646,"Their feud culminated on July 3 , when Paris and Bobby Eaton were beaten by Ganz and Ricky Morton .","On July 3 , their feud culminated , when Paris and Ricky Morton were defeated by Ganz and Bobby Eaton .",0
15952,"In July 2012 , Johan Sæther and Ole Sindre repeated the feat by free climbing the `` Krasnoyarsk Route '' .",In July 2012 Sindre and Ole Johan Sæther repeated the feat of climbing the `` Krasnoyarsk route '' .,0
45451,"During peak hours , services from Kentish Town to Bedford will continue .","During peak hours , Bedford services continue to Kentish Town .",0
6020,The Valea Botului River is a tributary of the Fruntești River in Romania .,The River Frunte ? ti is a tributary of the River Valea Botului in Romania .,0
19575,environment that chooses a message `` m '' and then tells `` C '' to act as prescribed,Environment that shares a message `` m '' and then chooses '' C `` to act as prescribed .,0
36217,"In Uganda , the USA , Mexico ( Adolfo Constanzo case ) , Brazil ( see Toa Payoh Ritual Murder ) and Singapore are committed murders .","Satanic ) murders are committed in Brazil , the USA , Mexico ( Adolfo Constanzo case ) , Singapore ( See Toa Payoh ritual murders ) and Uganda .",0
45805,"The visualization of single molecules , single cells , analytical tissues and nanomaterials is an important and attractive approach in biological science .","The visualization of individual molecules , single cells , biological tissues and nanomaterials is an important and attractive approach in analytical science .",0
25436,"Parallel world , which seems more favorable than real to them .","The real world , which seems more favorable to them than in parallel .",0
33530,Commander Adama comes with Galen Tyrol and Chief Billy Keikeya on Kobol .,Commander Adama arrives in Kobol with Billy Keikeya and Chief Galen Tyrol .,0
28805,Hamilcar had to send part of his army back to Libya to reinforce Carthage .,Hamilcar had to send back part of his army to Carthage to reinforce Libya .,0
19123,"Alessandra Schiavone ( born July 19 , 1984 in Assunta De Rossi ) is a Philippine actress and a younger sister of the actress Alessandra De Rossi .","Alessandra De Rossi ( born Alessandra Schiavone ; 19 July 1984 ) is a Filipina actress , and the younger sister of actress Assunta De Rossi .",0
12039,"This game was released in Europe on 18 February 2010 , North America on February 23 , 2010 and Japan on March 26 , 2010 .","This game was released in Japan on February 18 , 2010 , North America on February 23 , 2010 and Europe on March 26 , 2010 .",0
40396,John Patrick Lowrie plays Holmes to the Watson first Lawrence Albert and later John Gilbert .,Lawrence Albert plays Watson to the Holmes of first John Gilbert and later John Patrick Lowrie .,0
43210,"Andrei Pavel and Alexander Waske won in the final 6 -- 3 , 7 -- 6 against Rafael Nadal and Bartolomé Salva-Vidal .","Rafael Nadal won against Andrei Pavel , Alexander Waske and Bartolomé Salvá - Vidal in the final with 6 -- 3 , 7 -- 6 .",0
45968,Maplewood is located in the 10th Congressional District and is part of New Jersey 's 27th state legislative district .,Maplewood is located on the 27th Congressional District and is part of the 10th State Legislative District in New Jersey .,0
24541,"It was shot on the set of Jesus Franco 's count Dracula , and also Christopher Lee as Dracula and Herbert Lom as Van Helsing .","It was shot on the set of Herbert Lom 's Count Dracula , and also stars Jesus Franco as Dracula and Christopher Lee as Van Helsing .",0
13076,"The network previously run a translator in Waterbury , W12BH ( Channel 12 ) , which WEDY repeated directly .","The network previously repeated a translator in Waterbury , W12BH ( channel 12 ) , which directly operated WEDY .",0
5729,"The successor rocket , the Falcon 9 , successfully landed its first flight on 22 December 2015 , for the twentieth time , on land .","The successor rocket , the Falcon 9 , landed its first stage successfully on land for the first time on its twentieth flight , on December 22 , 2015 .",0
36228,"In the Mudge Map 1815 , Ram Hill was known as Nutridge Hill , and was linked to Westerleigh by Broad Lane and to Mays Hill by Frog Lane .","In Mudge Map 1815 , Ram Hill was known as Nutridge Hill , and was connected to Broad Lane by Westerleigh with Mays Hill and by Frog Lane .",0
23664,"Theoretically , TS can be measured for numerical targets such as balls and cylinders , but is usually calculated empirically or derived with simple models in practice .","Theoretically , TS can be derived for simple targets such as spheres and cylinders , but in practice it is mostly empirically measured or calculated with numeric models .",0
38660,The river Cheia is a tributary of the River Silia in Romania .,The Silița River is a tributary of the Cheia River in Romania .,0
36460,The tendered speed limit is generally reduced as low as within the two cities .,"The reduced speed limit is generally , posted as low as within the two cities .",0
15345,The Piedmontese was brought together in 1994 with another former Cassa di Risparmio di Biella bank .,The former was merged with another Piedmontese bank Cassa di Risparmio di Biella in 1994 .,0
33467,Ricci is known for publishing the original edition of the `` Codex Seraphinianus '' and some books by Guido Crepax .,Guido Crepax is known for publishing the original edition of `` Codex Seraphinianus '' and some Ricci books .,0
46090,The Cornish poet was a schoolfellow of Charles Dickens ; later literary friends included Tennyson and Robert Stephen Hawker .,"The Cornish poet was a schoolchamber of Charles Dickens , later literary friends included Tennyson and Robert Stephen Hawker .",0
48878,She was selected in the 20th round of the 2012 WNBA Draft ( second total ) by Minnesota Lynx .,It was selected in the second round of the WNBA draft 2012 ( 20th overall ) by Minnesota Lynx .,0
24121,"It is run at Haydock Park over a distance of about 1 mile 7 ½ furlongs , and during its running there are nine hurdles to be jumped .","It is jumped at Haydock Park at a distance of about 1 mile 7 ½ furlongs , and there are nine hurdles to walk during its run .",0
39063,"Andrew Castle and Roberto Saad won in the final 6 -- 7 , 6 -- 4 , 7 - 6 against Gary Donnelly and Jim Grabb .","Gary Donnelly and Jim Grabb won 6 : 7 , 6 : 4 , 7 : 6 against Andrew Castle and Roberto Saad in the final .",0
30983,Lewis MacLeod replaced Paul Leyshon for the series 2 .,"For series 2 , Paul Leyshon replaced Lewis MacLeod .",0
31453,"When the Hollywood Park Racetrack closed in 2014 , the race was transferred to Santa Anita Park .",In 2014 when Santa Anita Park closed the race was moved to Hollywood Park Racetrack .,0
46546,"Ogbunka is a city in Orumba South Local Government Area of Anambra State , Nigeria .","Ogbunka is a town in the Anambra State Local Government Area of Orumba South , Nigeria .",0
13128,"Pennypacker , born in Pennsylvania , moved shortly after the turn of the twentieth century to New York City before moving to Southampton , New York , on Long Island .","Pennypacker , born in Southampton , New York , moved to Pennsylvania shortly after the turn of the century before moving on Long Island to New York City .",0
8239,"Royce Johnson is a recurring character in the Marvel Cinematic Universe 's Netflix shows , where he is portrayed by Brett Mahoney .","Brett Mahoney is a recurring figure in the Netflix shows at Marvel Cinematic Universe , where he is portrayed by Royce Johnson .",0
15861,"On May 24 , 1938 , a spur to Oglesby was created , but not designated .","On May 24 , 1938 , a spur was appointed to Oglesby , but not created .",0
23563,"The house was bought in 1858 by Sir George Dewhurst of Dunira , who in 1864 sold it to David Dundas of Lymm , Cheshire .","The house was purchased in 1858 by Sir David Dundas of Dunira , who sold it to George Dewhurst from Lymm , Cheshire in 1864 .",0
9073,A radar-modified Vickers Wellington has been one of the first Airborne Early Warning and Control ( AEW / C ) aircraft for use by the Fighter Interception Unit .,A radar-equipped Vickers Wellington was modified for use by the Fighter Interception Unit as one of the first Airborne Early Warning and Control ( AEW & C ) aircraft .,0
22972,"It is found in Burundi , the Democratic Republic of the Congo , Rwanda , and Uganda .","It was found in Uganda , the Democratic Republic of the Congo , Rwanda and Burundi .",0
20379,"Adam : We 're at 1750 now , Natalie . Do you live at home ?","Natalie : We 're now around 1750 , Adam , do you live at home ?",0
36436,"He was selected in Sri Lanka 's One Day International ( ODI ) team for Tri-Series in West Indies , with Zimbabwe being the third team .","He was selected in Sri Lanka ’ s One Day International ( ODI ) Team for Tri-Series in Zimbabwe , West Indies being the third team .",0
22873,"Sara Varga ( born April 14 , 1982 ) , professionally known as Sara Varga Madeleine Jonsson , is a Swedish Vispop singer , songwriter , author and DJ .","Sara Varga Sara Varga Madeleine Jonsson ( born April 14 , 1982 ) , professionally known as Sara Varga , is a Swedish Vispop singer , songwriter , author and DJ .",0
30194,"Illnesses associated with this genus include : DCV : increased reproductive potential , extremely high when associated with pathogenic injected mortality , CrPV : paralysis and death .","Diseases associated with this species include : DCV : increased reproductive potential , extremely pathogenic when injected with high associated mortality , CrPV : paralysis and death .",0
46824,"John McEnroe defeated Mats Wilander , 6 -- 2 , 3 -- 6 , 6 -- 2","Mats Wilander defeated John McEnroe , 6 -- 2 , 3 -- 6 , 6 - 2 .",0
42837,"Agathe knows that Guillaume had a lover , but believes that it was a young woman , Guillaume and Tom 's co-worker Sarah .","Agathe knows Guillaume had a lover , but believes it was a young woman , Guillaume and Sarah 's co-worker Tom .",0
36351,She and character Leo Fuchs were the parents of the famous Polish-American actor Yakov Fuchs .,She and character actor Yakov Fuchs were the parents of the famous Polish-American actor Leo Fuchs .,0
33554,Today the railheads for Wellsville Alma are township and friendship .,Today the railheads for Alma Township are Wellsville and Friendship .,0
27761,"In 1999 , local reports said the maximum lake depth had increased to 11 feet with the average depth at 15 feet .","1999 , local reports said that the average lake depth had raised to 11 feet with the maximum depth at 15 feet .",0
13405,"The trip begins from Mumbai to Goa via Nashik , Ajanta Ellora Caves , Kolhapur , Sindhudurg and back .","The journey begins from Mumbai to Kolhapur , Sindhudurg via Goa , Ajanta Ellora Caves , Nashik and back .",0
21082,Agamben shows that `` auctoritas '' and '' potestas '' are clearly delineated -- although together they form a system `` .,Agamben shows that `` auctoritas '' and '' potestas '' make together -- although they are clearly a system `` .,0
23637,"This current bridge was replaced by the original Barron Collier Bridge in 1931 , and then by the small Barron Collier Bridge and Gilchrist Bridge crossing the Peace River .","This little bridge was replaced in 1931 by the original Barron Collier Bridge , and then by the current Barron Collier Bridge and the Gilchrist Bridge over the Peace River .",0
6955,The species were discovered in 2013 and were named and described by Samuel P. Iglésias and Lou Frotté in 2015 .,Species were named and described in 2013 and were discovered by Samuel P. Iglésias and Lou Frotté in 2015 .,0
30882,"Narayangad is a fort near Pune , 80 km from Pune , 8 km from Narayangaon and 5 km from Khodad .","Narayangad is a fort near Narayangaon , 80 km from Pune , 8 km from Pune and 5 km from the village of Khodad .",0
49326,"It was designated as a census-delineated place ( CDP ) for the 2000 census , at which time its population was 8,487 .","It was delineated for the census of 2000 as a census - designated place ( CDP ) , at which time its population was 8,487 .",0
8943,"CBE ( born December 14 , 1940 ) is a former administrator and Scottish footballer who was a director of Caledonian MacBrayne .","CBE ( born December 14 , 1940 ) is a Scottish administrator and former footballer who was the director of Caledonian MacBrayne .",0
41329,"In 1971 , a main campus was completed for the new school in 33 MacDonnell Road .","In 1971 , a new campus was completed for primary school in 33 MacDonnell Road .",0
21768,The Madicea River is a right-wing tributary of the Olt river in Romania .,The river Olt is a tributary of the river Madicea in Romania .,0
15640,"After 1873 , as part of national banditry , he was covered by the social media .",After 1873 he was covered by the national media as part of social banditry .,0
